task_id,title,description,priority,status
1,Task 1,Detailed description for task number 1,High,Done
2,Task 2,Detailed description for task number 2,Medium,Open
3,Task 3,Detailed description for task number 3,Critical,Review
4,Task 4,Detailed description for task number 4,Critical,Done
5,Task 5,Detailed description for task number 5,Critical,In Progress
6,Task 6,Detailed description for task number 6,High,In Progress
7,Task 7,Detailed description for task number 7,Low,Open
8,Task 8,Detailed description for task number 8,Medium,Review
9,Task 9,Detailed description for task number 9,High,Review
10,Task 10,Detailed description for task number 10,Low,Review
11,Task 11,Detailed description for task number 11,Low,Done
12,Task 12,Detailed description for task number 12,High,Open
13,Task 13,Detailed description for task number 13,Critical,In Progress
14,Task 14,Detailed description for task number 14,High,In Progress
15,Task 15,Detailed description for task number 15,Critical,Open
16,Task 16,Detailed description for task number 16,High,In Progress
17,Task 17,Detailed description for task number 17,Critical,In Progress
18,Task 18,Detailed description for task number 18,Low,Done
19,Task 19,Detailed description for task number 19,High,Open
20,Task 20,Detailed description for task number 20,Low,Done
21,Task 21,Detailed description for task number 21,Critical,Review
22,Task 22,Detailed description for task number 22,Low,Done
23,Task 23,Detailed description for task number 23,Low,In Progress
24,Task 24,Detailed description for task number 24,Critical,In Progress
25,Task 25,Detailed description for task number 25,Medium,Done
26,Task 26,Detailed description for task number 26,High,Open
27,Task 27,Detailed description for task number 27,High,In Progress
28,Task 28,Detailed description for task number 28,Medium,In Progress
29,Task 29,Detailed description for task number 29,Low,Done
30,Task 30,Detailed description for task number 30,High,Done
31,Task 31,Detailed description for task number 31,Critical,Done
32,Task 32,Detailed description for task number 32,Medium,Done
33,Task 33,Detailed description for task number 33,Critical,Review
34,Task 34,Detailed description for task number 34,Medium,Done
35,Task 35,Detailed description for task number 35,Medium,In Progress
36,Task 36,Detailed description for task number 36,Low,Review
37,Task 37,Detailed description for task number 37,Low,Done
38,Task 38,Detailed description for task number 38,Critical,In Progress
39,Task 39,Detailed description for task number 39,Critical,In Progress
40,Task 40,Detailed description for task number 40,Medium,In Progress
41,Task 41,Detailed description for task number 41,Critical,Open
42,Task 42,Detailed description for task number 42,Medium,In Progress
43,Task 43,Detailed description for task number 43,High,In Progress
44,Task 44,Detailed description for task number 44,Medium,In Progress
45,Task 45,Detailed description for task number 45,Critical,In Progress
46,Task 46,Detailed description for task number 46,Critical,Review
47,Task 47,Detailed description for task number 47,High,In Progress
48,Task 48,Detailed description for task number 48,High,In Progress
49,Task 49,Detailed description for task number 49,High,In Progress
50,Task 50,Detailed description for task number 50,Low,In Progress
51,Task 51,Detailed description for task number 51,High,In Progress
52,Task 52,Detailed description for task number 52,Medium,Done
53,Task 53,Detailed description for task number 53,Medium,Done
54,Task 54,Detailed description for task number 54,High,Open
55,Task 55,Detailed description for task number 55,Medium,Done
56,Task 56,Detailed description for task number 56,Critical,Open
57,Task 57,Detailed description for task number 57,Medium,Review
58,Task 58,Detailed description for task number 58,Medium,Review
59,Task 59,Detailed description for task number 59,Medium,In Progress
60,Task 60,Detailed description for task number 60,Medium,In Progress
61,Task 61,Detailed description for task number 61,High,In Progress
62,Task 62,Detailed description for task number 62,Critical,Open
63,Task 63,Detailed description for task number 63,Critical,In Progress
64,Task 64,Detailed description for task number 64,Medium,In Progress
65,Task 65,Detailed description for task number 65,Low,Open
66,Task 66,Detailed description for task number 66,Critical,In Progress
67,Task 67,Detailed description for task number 67,High,In Progress
68,Task 68,Detailed description for task number 68,Low,In Progress
69,Task 69,Detailed description for task number 69,Low,In Progress
70,Task 70,Detailed description for task number 70,Low,Open
71,Task 71,Detailed description for task number 71,High,Done
72,,Missing title error,Unknown,Open
73,Task 73,Detailed description for task number 73,Medium,Done
74,Task 74,Detailed description for task number 74,High,Open
75,Task 75,Detailed description for task number 75,High,Open
76,Task 76,Detailed description for task number 76,Critical,Done
77,Task 77,Detailed description for task number 77,Medium,Open
78,Task 78,Detailed description for task number 78,Low,Done
79,Task 79,Detailed description for task number 79,Low,Open
80,Task 80,Detailed description for task number 80,Medium,In Progress
81,Task 81,Detailed description for task number 81,High,Done
82,Task 82,Detailed description for task number 82,Critical,Review
83,Task 83,Detailed description for task number 83,High,In Progress
84,Task 84,Detailed description for task number 84,Critical,Review
85,Task 85,Detailed description for task number 85,High,Open
86,Task 86,Detailed description for task number 86,High,Review
87,Task 87,Detailed description for task number 87,High,Done
88,Task 88,Detailed description for task number 88,Low,Review
89,Task 89,Detailed description for task number 89,High,Open
90,Task 90,Detailed description for task number 90,Low,In Progress
91,Task 91,Detailed description for task number 91,Medium,Review
92,Task 92,Detailed description for task number 92,Medium,In Progress
93,Task 93,Detailed description for task number 93,Medium,Open
94,Task 94,Detailed description for task number 94,Critical,Open
95,Task 95,Detailed description for task number 95,High,Open
96,Task 96,Detailed description for task number 96,Critical,In Progress
97,Task 97,Detailed description for task number 97,Low,In Progress
98,Task 98,Detailed description for task number 98,Medium,Open
99,Task 99,Detailed description for task number 99,Medium,Done
100,Task 100,Detailed description for task number 100,Low,In Progress
101,Task 101,Detailed description for task number 101,Low,Done
102,Task 102,Detailed description for task number 102,High,Review
103,Task 103,Detailed description for task number 103,Low,Review
104,Task 104,Detailed description for task number 104,Low,Done
105,Task 105,Detailed description for task number 105,High,Review
106,Task 106,Detailed description for task number 106,Low,Done
107,Task 107,Detailed description for task number 107,Low,Review
108,Task 108,Detailed description for task number 108,High,Done
109,Task 109,Detailed description for task number 109,Critical,Done
110,Task 110,Detailed description for task number 110,Critical,Open
111,Task 111,Detailed description for task number 111,Low,Review
112,Task 112,Detailed description for task number 112,High,Done
113,Task 113,Detailed description for task number 113,Low,Review
114,Task 114,Detailed description for task number 114,Low,Done
115,Task 115,Detailed description for task number 115,Low,Open
116,Task 116,Detailed description for task number 116,Critical,Review
117,Task 117,Detailed description for task number 117,Critical,Done
118,Task 118,Detailed description for task number 118,Low,Review
119,Task 119,Detailed description for task number 119,Low,Review
120,Task 120,Detailed description for task number 120,Low,Open
121,Task 121,Detailed description for task number 121,Medium,Open
122,Task 122,Detailed description for task number 122,Low,In Progress
123,Task 123,Detailed description for task number 123,Low,Review
124,Task 124,Detailed description for task number 124,Low,Done
125,Task 125,Detailed description for task number 125,Critical,Done
126,Task 126,Detailed description for task number 126,Medium,In Progress
127,Task 127,Detailed description for task number 127,Medium,Review
128,Task 128,Detailed description for task number 128,Low,Open
129,Task 129,Detailed description for task number 129,Critical,Done
130,Task 130,Detailed description for task number 130,High,Open
131,Task 131,Detailed description for task number 131,Critical,Done
132,Task 132,Detailed description for task number 132,Medium,In Progress
133,Task 133,Detailed description for task number 133,High,Open
134,Task 134,Detailed description for task number 134,Medium,Review
135,Task 135,Detailed description for task number 135,High,In Progress
136,Task 136,Detailed description for task number 136,Critical,Review
137,Task 137,Detailed description for task number 137,High,Open
138,Task 138,Detailed description for task number 138,Low,In Progress
139,Task 139,Detailed description for task number 139,Low,Open
140,Task 140,Detailed description for task number 140,Low,Done
141,Task 141,Detailed description for task number 141,Low,Review
142,Task 142,Detailed description for task number 142,Low,Review
143,Task 143,Detailed description for task number 143,Medium,Done
144,Task 144,Detailed description for task number 144,Low,In Progress
145,Task 145,Detailed description for task number 145,Medium,In Progress
146,Task 146,Detailed description for task number 146,Low,Review
147,Task 147,Detailed description for task number 147,High,Review
148,Task 148,Detailed description for task number 148,Medium,In Progress
149,Task 149,Detailed description for task number 149,Medium,In Progress
150,Task 150,Detailed description for task number 150,High,In Progress
151,Task 151,Detailed description for task number 151,High,Done
152,Task 152,Detailed description for task number 152,High,In Progress
153,Task 153,Detailed description for task number 153,Medium,In Progress
154,Task 154,Detailed description for task number 154,Critical,Done
155,Task 155,Detailed description for task number 155,Critical,Open
156,Task 156,Detailed description for task number 156,High,Done
157,Task 157,Detailed description for task number 157,Medium,Open
158,Task 158,Detailed description for task number 158,Critical,Done
159,Task 159,Detailed description for task number 159,Medium,Review
160,Task 160,Detailed description for task number 160,Low,Review
161,Task 161,Detailed description for task number 161,High,Done
162,Task 162,Detailed description for task number 162,Critical,In Progress
163,Task 163,Detailed description for task number 163,High,Open
164,Task 164,Detailed description for task number 164,Critical,Done
165,Task 165,Detailed description for task number 165,Medium,In Progress
166,Task 166,Detailed description for task number 166,High,Done
167,Task 167,Detailed description for task number 167,Low,Done
168,Task 168,Detailed description for task number 168,Low,Open
169,Task 169,Detailed description for task number 169,Critical,In Progress
170,Task 170,Detailed description for task number 170,Medium,Open
171,Task 171,Detailed description for task number 171,Critical,Done
172,Task 172,Detailed description for task number 172,Low,In Progress
173,Task 173,Detailed description for task number 173,Critical,Review
174,Task 174,Detailed description for task number 174,Critical,Done
175,Task 175,Detailed description for task number 175,Low,Review
176,Task 176,Detailed description for task number 176,High,Done
177,Task 177,Detailed description for task number 177,Critical,Review
178,Task 178,Detailed description for task number 178,Low,Done
179,Task 179,Detailed description for task number 179,Low,Open
180,Task 180,Detailed description for task number 180,High,In Progress
181,Task 181,Detailed description for task number 181,High,Done
182,Task 182,Detailed description for task number 182,Low,Review
183,Task 183,Detailed description for task number 183,Medium,Open
184,Task 184,Detailed description for task number 184,Medium,Open
185,Task 185,Detailed description for task number 185,Medium,Open
186,Task 186,Detailed description for task number 186,High,Open
187,Task 187,Detailed description for task number 187,Medium,Done
188,Task 188,Detailed description for task number 188,Medium,Open
189,Task 189,Detailed description for task number 189,Low,Open
190,Task 190,Detailed description for task number 190,Low,Done
191,Task 191,Detailed description for task number 191,High,Done
192,Task 192,Detailed description for task number 192,Medium,Review
193,,Missing title error,Unknown,Open
194,Task 194,Detailed description for task number 194,Low,Open
195,Task 195,Detailed description for task number 195,Critical,Open
196,Task 196,Detailed description for task number 196,Low,Review
197,Task 197,Detailed description for task number 197,High,Review
198,Task 198,Detailed description for task number 198,High,In Progress
199,Task 199,Detailed description for task number 199,High,Done
200,Task 200,Detailed description for task number 200,High,Open
201,Task 201,Detailed description for task number 201,Critical,Review
202,Task 202,Detailed description for task number 202,High,Done
203,Task 203,Detailed description for task number 203,High,In Progress
204,Task 204,Detailed description for task number 204,Critical,In Progress
205,Task 205,Detailed description for task number 205,Medium,Done
206,Task 206,Detailed description for task number 206,Critical,Done
207,Task 207,Detailed description for task number 207,Medium,Done
208,Task 208,Detailed description for task number 208,Medium,In Progress
209,Task 209,Detailed description for task number 209,Low,Review
210,Task 210,Detailed description for task number 210,Critical,Review
211,Task 211,Detailed description for task number 211,Critical,In Progress
212,Task 212,Detailed description for task number 212,High,Done
213,Task 213,Detailed description for task number 213,High,Open
214,Task 214,Detailed description for task number 214,High,Review
215,Task 215,Detailed description for task number 215,High,In Progress
216,Task 216,Detailed description for task number 216,Critical,Open
217,Task 217,Detailed description for task number 217,Low,Review
218,Task 218,Detailed description for task number 218,High,Done
219,Task 219,Detailed description for task number 219,High,Open
220,Task 220,Detailed description for task number 220,Critical,In Progress
221,Task 221,Detailed description for task number 221,Medium,Review
222,Task 222,Detailed description for task number 222,Medium,Open
223,Task 223,Detailed description for task number 223,Medium,Review
224,Task 224,Detailed description for task number 224,Critical,Review
225,Task 225,Detailed description for task number 225,Medium,Done
226,Task 226,Detailed description for task number 226,Critical,Done
227,Task 227,Detailed description for task number 227,Medium,Review
228,Task 228,Detailed description for task number 228,Medium,In Progress
229,Task 229,Detailed description for task number 229,Critical,Open
230,Task 230,Detailed description for task number 230,High,Review
231,Task 231,Detailed description for task number 231,High,Review
232,Task 232,Detailed description for task number 232,High,Open
233,Task 233,Detailed description for task number 233,Low,Review
234,Task 234,Detailed description for task number 234,High,Review
235,Task 235,Detailed description for task number 235,Critical,In Progress
236,Task 236,Detailed description for task number 236,Medium,Done
237,Task 237,Detailed description for task number 237,Low,Review
238,Task 238,Detailed description for task number 238,Low,Done
239,Task 239,Detailed description for task number 239,Medium,Done
240,Task 240,Detailed description for task number 240,High,In Progress
241,Task 241,Detailed description for task number 241,High,Review
242,Task 242,Detailed description for task number 242,High,In Progress
243,Task 243,Detailed description for task number 243,Critical,Open
244,Task 244,Detailed description for task number 244,Low,Done
245,Task 245,Detailed description for task number 245,Medium,Done
246,Task 246,Detailed description for task number 246,Critical,Review
247,Task 247,Detailed description for task number 247,Medium,Review
248,Task 248,Detailed description for task number 248,Low,In Progress
249,Task 249,Detailed description for task number 249,Low,Review
250,Task 250,Detailed description for task number 250,Medium,In Progress
251,Task 251,Detailed description for task number 251,Medium,Done
252,Task 252,Detailed description for task number 252,Critical,Open
253,Task 253,Detailed description for task number 253,Low,Review
254,Task 254,Detailed description for task number 254,Critical,Open
255,Task 255,Detailed description for task number 255,High,Review
256,Task 256,Detailed description for task number 256,Critical,Open
257,Task 257,Detailed description for task number 257,High,In Progress
258,Task 258,Detailed description for task number 258,Medium,Review
259,Task 259,Detailed description for task number 259,Low,In Progress
260,Task 260,Detailed description for task number 260,Medium,Done
261,Task 261,Detailed description for task number 261,Low,In Progress
262,Task 262,Detailed description for task number 262,Low,Open
263,Task 263,Detailed description for task number 263,Critical,In Progress
264,Task 264,Detailed description for task number 264,Critical,Done
265,Task 265,Detailed description for task number 265,Critical,Review
266,Task 266,Detailed description for task number 266,Critical,Review
267,Task 267,Detailed description for task number 267,Low,Review
268,Task 268,Detailed description for task number 268,Critical,Review
269,Task 269,Detailed description for task number 269,High,Open
270,Task 270,Detailed description for task number 270,Medium,Done
271,Task 271,Detailed description for task number 271,High,Done
272,Task 272,Detailed description for task number 272,Medium,Review
273,Task 273,Detailed description for task number 273,High,Done
274,Task 274,Detailed description for task number 274,High,In Progress
275,Task 275,Detailed description for task number 275,Critical,In Progress
276,Task 276,Detailed description for task number 276,Low,Review
277,Task 277,Detailed description for task number 277,Low,Review
278,Task 278,Detailed description for task number 278,Medium,Review
279,Task 279,Detailed description for task number 279,Low,In Progress
280,Task 280,Detailed description for task number 280,Low,Open
281,Task 281,Detailed description for task number 281,Medium,Open
282,Task 282,Detailed description for task number 282,High,In Progress
283,Task 283,Detailed description for task number 283,Critical,Open
284,Task 284,Detailed description for task number 284,Medium,Open
285,Task 285,Detailed description for task number 285,High,Open
286,Task 286,Detailed description for task number 286,Medium,Review
287,Task 287,Detailed description for task number 287,Low,In Progress
288,Task 288,Detailed description for task number 288,High,Review
289,Task 289,Detailed description for task number 289,High,Open
290,Task 290,Detailed description for task number 290,Low,In Progress
291,Task 291,Detailed description for task number 291,Critical,Review
292,Task 292,Detailed description for task number 292,Critical,Done
293,Task 293,Detailed description for task number 293,Medium,Review
294,Task 294,Detailed description for task number 294,High,Open
295,Task 295,Detailed description for task number 295,Medium,Open
296,Task 296,Detailed description for task number 296,Medium,Done
297,Task 297,Detailed description for task number 297,Medium,Review
298,Task 298,Detailed description for task number 298,Medium,In Progress
299,Task 299,Detailed description for task number 299,Critical,Open
300,Task 300,Detailed description for task number 300,Critical,In Progress
301,Task 301,Detailed description for task number 301,Critical,Open
302,Task 302,Detailed description for task number 302,Medium,Open
303,Task 303,Detailed description for task number 303,Medium,Done
304,Task 304,Detailed description for task number 304,High,Open
305,Task 305,Detailed description for task number 305,Medium,In Progress
306,Task 306,Detailed description for task number 306,Critical,In Progress
307,Task 307,Detailed description for task number 307,Medium,Done
308,Task 308,Detailed description for task number 308,Medium,Review
309,Task 309,Detailed description for task number 309,Critical,Open
310,Task 310,Detailed description for task number 310,Critical,Review
311,Task 311,Detailed description for task number 311,Low,Done
312,Task 312,Detailed description for task number 312,Medium,Review
313,Task 313,Detailed description for task number 313,High,In Progress
314,Task 314,Detailed description for task number 314,Critical,Open
315,Task 315,Detailed description for task number 315,Critical,Open
316,Task 316,Detailed description for task number 316,Medium,In Progress
317,Task 317,Detailed description for task number 317,Low,Done
318,Task 318,Detailed description for task number 318,Critical,Done
319,Task 319,Detailed description for task number 319,Medium,Open
320,Task 320,Detailed description for task number 320,Critical,Review
321,Task 321,Detailed description for task number 321,Medium,Open
322,Task 322,Detailed description for task number 322,High,Open
323,Task 323,Detailed description for task number 323,Medium,Review
324,Task 324,Detailed description for task number 324,Medium,Done
325,Task 325,Detailed description for task number 325,Critical,Open
326,Task 326,Detailed description for task number 326,Critical,Done
327,Task 327,Detailed description for task number 327,Critical,In Progress
328,Task 328,Detailed description for task number 328,Medium,In Progress
329,Task 329,Detailed description for task number 329,Critical,Review
330,Task 330,Detailed description for task number 330,Critical,Open
331,Task 331,Detailed description for task number 331,Medium,Done
332,Task 332,Detailed description for task number 332,Critical,Review
333,Task 333,Detailed description for task number 333,High,Done
334,Task 334,Detailed description for task number 334,Medium,Open
335,Task 335,Detailed description for task number 335,Medium,Done
336,Task 336,Detailed description for task number 336,Low,Review
337,Task 337,Detailed description for task number 337,High,Done
338,Task 338,Detailed description for task number 338,Critical,Done
339,Task 339,Detailed description for task number 339,Critical,Done
340,Task 340,Detailed description for task number 340,Critical,Open
341,Task 341,Detailed description for task number 341,Critical,In Progress
342,Task 342,Detailed description for task number 342,High,Done
343,Task 343,Detailed description for task number 343,Low,Open
344,Task 344,Detailed description for task number 344,Low,Review
345,Task 345,Detailed description for task number 345,Critical,In Progress
346,Task 346,Detailed description for task number 346,Medium,Review
347,Task 347,Detailed description for task number 347,High,Open
348,Task 348,Detailed description for task number 348,Medium,Open
349,Task 349,Detailed description for task number 349,High,Open
350,Task 350,Detailed description for task number 350,Critical,Review
351,Task 351,Detailed description for task number 351,High,In Progress
352,Task 352,Detailed description for task number 352,High,Done
353,Task 353,Detailed description for task number 353,Medium,In Progress
354,Task 354,Detailed description for task number 354,Low,Done
355,Task 355,Detailed description for task number 355,High,Open
356,Task 356,Detailed description for task number 356,Critical,In Progress
357,Task 357,Detailed description for task number 357,Medium,Review
358,Task 358,Detailed description for task number 358,High,Done
359,Task 359,Detailed description for task number 359,High,In Progress
360,Task 360,Detailed description for task number 360,Critical,Open
361,Task 361,Detailed description for task number 361,Medium,Done
362,Task 362,Detailed description for task number 362,Critical,Done
363,Task 363,Detailed description for task number 363,High,Review
364,Task 364,Detailed description for task number 364,High,Done
365,Task 365,Detailed description for task number 365,Medium,Review
366,Task 366,Detailed description for task number 366,Critical,Open
367,Task 367,Detailed description for task number 367,High,Open
368,Task 368,Detailed description for task number 368,Low,Done
369,Task 369,Detailed description for task number 369,Medium,Open
370,Task 370,Detailed description for task number 370,Critical,Done
371,Task 371,Detailed description for task number 371,Low,Review
372,Task 372,Detailed description for task number 372,Critical,In Progress
373,Task 373,Detailed description for task number 373,Critical,In Progress
374,Task 374,Detailed description for task number 374,Critical,Open
375,Task 375,Detailed description for task number 375,High,Open
376,Task 376,Detailed description for task number 376,Low,Review
377,Task 377,Detailed description for task number 377,Medium,In Progress
378,Task 378,Detailed description for task number 378,Medium,Open
379,Task 379,Detailed description for task number 379,High,Done
380,Task 380,Detailed description for task number 380,Medium,Open
381,Task 381,Detailed description for task number 381,High,Done
382,Task 382,Detailed description for task number 382,High,Done
383,Task 383,Detailed description for task number 383,Low,In Progress
384,Task 384,Detailed description for task number 384,Medium,Review
385,Task 385,Detailed description for task number 385,Medium,In Progress
386,Task 386,Detailed description for task number 386,Medium,In Progress
387,Task 387,Detailed description for task number 387,High,Review
388,Task 388,Detailed description for task number 388,Critical,Review
389,Task 389,Detailed description for task number 389,Low,Review
390,Task 390,Detailed description for task number 390,Low,In Progress
391,Task 391,Detailed description for task number 391,High,In Progress
392,Task 392,Detailed description for task number 392,High,Open
393,Task 393,Detailed description for task number 393,Critical,Review
394,Task 394,Detailed description for task number 394,Critical,In Progress
395,Task 395,Detailed description for task number 395,Medium,In Progress
396,Task 396,Detailed description for task number 396,Medium,In Progress
397,Task 397,Detailed description for task number 397,Critical,Done
398,Task 398,Detailed description for task number 398,Low,In Progress
399,Task 399,Detailed description for task number 399,High,Open
400,Task 400,Detailed description for task number 400,High,Review
401,Task 401,Detailed description for task number 401,Medium,In Progress
402,Task 402,Detailed description for task number 402,Low,Review
403,Task 403,Detailed description for task number 403,High,Open
404,Task 404,Detailed description for task number 404,Low,Review
405,Task 405,Detailed description for task number 405,High,Review
406,Task 406,Detailed description for task number 406,Medium,In Progress
407,Task 407,Detailed description for task number 407,Medium,Open
408,Task 408,Detailed description for task number 408,High,In Progress
409,Task 409,Detailed description for task number 409,Medium,Review
410,Task 410,Detailed description for task number 410,Medium,Done
411,Task 411,Detailed description for task number 411,High,In Progress
412,Task 412,Detailed description for task number 412,Critical,Review
413,Task 413,Detailed description for task number 413,Medium,In Progress
414,Task 414,Detailed description for task number 414,Medium,Done
415,Task 415,Detailed description for task number 415,Medium,Review
416,Task 416,Detailed description for task number 416,Critical,Open
417,Task 417,Detailed description for task number 417,Medium,Done
418,Task 418,Detailed description for task number 418,High,In Progress
419,Task 419,Detailed description for task number 419,Medium,In Progress
420,Task 420,Detailed description for task number 420,Medium,In Progress
421,Task 421,Detailed description for task number 421,Critical,In Progress
422,Task 422,Detailed description for task number 422,High,Done
423,Task 423,Detailed description for task number 423,High,Review
424,Task 424,Detailed description for task number 424,Low,Done
425,Task 425,Detailed description for task number 425,High,Open
426,Task 426,Detailed description for task number 426,Critical,Review
427,Task 427,Detailed description for task number 427,Low,Open
428,Task 428,Detailed description for task number 428,Critical,Done
429,Task 429,Detailed description for task number 429,High,In Progress
430,Task 430,Detailed description for task number 430,High,Review
431,Task 431,Detailed description for task number 431,Medium,Review
432,Task 432,Detailed description for task number 432,Low,Review
433,Task 433,Detailed description for task number 433,Critical,Open
434,Task 434,Detailed description for task number 434,Medium,In Progress
435,Task 435,Detailed description for task number 435,High,Open
436,Task 436,Detailed description for task number 436,High,In Progress
437,Task 437,Detailed description for task number 437,Medium,In Progress
438,Task 438,Detailed description for task number 438,Medium,Review
439,Task 439,Detailed description for task number 439,Low,Open
440,Task 440,Detailed description for task number 440,Medium,Open
441,Task 441,Detailed description for task number 441,Low,Review
442,Task 442,Detailed description for task number 442,High,In Progress
443,Task 443,Detailed description for task number 443,Low,Open
444,Task 444,Detailed description for task number 444,Critical,In Progress
445,Task 445,Detailed description for task number 445,Low,Review
446,Task 446,Detailed description for task number 446,Medium,Review
447,Task 447,Detailed description for task number 447,Critical,Review
448,Task 448,Detailed description for task number 448,Critical,Open
449,Task 449,Detailed description for task number 449,Critical,Open
450,Task 450,Detailed description for task number 450,Low,Review
451,Task 451,Detailed description for task number 451,Critical,Review
452,Task 452,Detailed description for task number 452,Critical,Done
453,Task 453,Detailed description for task number 453,Low,Open
454,Task 454,Detailed description for task number 454,Critical,In Progress
455,Task 455,Detailed description for task number 455,Medium,Review
456,Task 456,Detailed description for task number 456,Medium,Done
457,Task 457,Detailed description for task number 457,Critical,Done
458,Task 458,Detailed description for task number 458,Medium,Open
459,Task 459,Detailed description for task number 459,Low,Open
460,Task 460,Detailed description for task number 460,High,Open
461,Task 461,Detailed description for task number 461,Medium,In Progress
462,Task 462,Detailed description for task number 462,Low,Done
463,Task 463,Detailed description for task number 463,Low,In Progress
464,Task 464,Detailed description for task number 464,Medium,Open
465,Task 465,Detailed description for task number 465,High,Open
466,Task 466,Detailed description for task number 466,Low,In Progress
467,Task 467,Detailed description for task number 467,High,Review
468,,Missing title error,Unknown,Open
469,Task 469,Detailed description for task number 469,Medium,In Progress
470,Task 470,Detailed description for task number 470,Low,Review
471,Task 471,Detailed description for task number 471,High,In Progress
472,Task 472,Detailed description for task number 472,Low,Review
473,Task 473,Detailed description for task number 473,Low,Done
474,Task 474,Detailed description for task number 474,Critical,In Progress
475,Task 475,Detailed description for task number 475,Medium,Review
476,Task 476,Detailed description for task number 476,Low,Done
477,Task 477,Detailed description for task number 477,High,In Progress
478,Task 478,Detailed description for task number 478,Medium,In Progress
479,Task 479,Detailed description for task number 479,Low,Review
480,,Missing title error,Unknown,Open
481,Task 481,Detailed description for task number 481,Low,Review
482,Task 482,Detailed description for task number 482,Critical,Review
483,Task 483,Detailed description for task number 483,Medium,Open
484,Task 484,Detailed description for task number 484,High,In Progress
485,Task 485,Detailed description for task number 485,Medium,In Progress
486,Task 486,Detailed description for task number 486,Critical,In Progress
487,Task 487,Detailed description for task number 487,Medium,Review
488,Task 488,Detailed description for task number 488,Critical,Done
489,Task 489,Detailed description for task number 489,High,Done
490,Task 490,Detailed description for task number 490,Medium,In Progress
491,Task 491,Detailed description for task number 491,Low,Open
492,Task 492,Detailed description for task number 492,High,Done
493,Task 493,Detailed description for task number 493,High,In Progress
494,Task 494,Detailed description for task number 494,Low,Review
495,Task 495,Detailed description for task number 495,Critical,Review
496,Task 496,Detailed description for task number 496,High,Done
497,Task 497,Detailed description for task number 497,High,Review
498,Task 498,Detailed description for task number 498,High,Open
499,Task 499,Detailed description for task number 499,High,Review
500,Task 500,Detailed description for task number 500,High,Review
501,Task 501,Detailed description for task number 501,High,Review
502,Task 502,Detailed description for task number 502,High,Done
503,Task 503,Detailed description for task number 503,Critical,In Progress
504,Task 504,Detailed description for task number 504,Medium,Open
505,Task 505,Detailed description for task number 505,Critical,In Progress
506,Task 506,Detailed description for task number 506,Low,Open
507,Task 507,Detailed description for task number 507,Low,Open
508,Task 508,Detailed description for task number 508,High,Open
509,Task 509,Detailed description for task number 509,High,In Progress
510,Task 510,Detailed description for task number 510,Medium,Review
511,Task 511,Detailed description for task number 511,High,Review
512,Task 512,Detailed description for task number 512,Medium,Open
513,Task 513,Detailed description for task number 513,Critical,Done
514,Task 514,Detailed description for task number 514,Low,In Progress
515,Task 515,Detailed description for task number 515,High,Done
516,Task 516,Detailed description for task number 516,Low,Done
517,Task 517,Detailed description for task number 517,Low,Done
518,Task 518,Detailed description for task number 518,Low,Review
519,Task 519,Detailed description for task number 519,Critical,In Progress
520,Task 520,Detailed description for task number 520,Low,Done
521,Task 521,Detailed description for task number 521,High,Done
522,Task 522,Detailed description for task number 522,Critical,Review
523,Task 523,Detailed description for task number 523,Medium,In Progress
524,Task 524,Detailed description for task number 524,Critical,In Progress
525,Task 525,Detailed description for task number 525,Low,Open
526,Task 526,Detailed description for task number 526,Critical,Review
527,Task 527,Detailed description for task number 527,Low,Open
528,Task 528,Detailed description for task number 528,Critical,Done
529,Task 529,Detailed description for task number 529,High,In Progress
530,Task 530,Detailed description for task number 530,Medium,In Progress
531,Task 531,Detailed description for task number 531,High,In Progress
532,Task 532,Detailed description for task number 532,Critical,Open
533,Task 533,Detailed description for task number 533,Low,Review
534,Task 534,Detailed description for task number 534,Low,Done
535,Task 535,Detailed description for task number 535,Low,Done
536,Task 536,Detailed description for task number 536,Low,Done
537,Task 537,Detailed description for task number 537,Critical,In Progress
538,Task 538,Detailed description for task number 538,Critical,In Progress
539,Task 539,Detailed description for task number 539,Critical,In Progress
540,Task 540,Detailed description for task number 540,High,Open
541,Task 541,Detailed description for task number 541,High,Done
542,Task 542,Detailed description for task number 542,Low,Open
543,Task 543,Detailed description for task number 543,Low,Open
544,Task 544,Detailed description for task number 544,Critical,Done
545,Task 545,Detailed description for task number 545,Medium,Review
546,Task 546,Detailed description for task number 546,High,Open
547,Task 547,Detailed description for task number 547,Medium,Open
548,Task 548,Detailed description for task number 548,Critical,Review
549,Task 549,Detailed description for task number 549,Low,Open
550,Task 550,Detailed description for task number 550,Medium,Review
551,Task 551,Detailed description for task number 551,Critical,In Progress
552,Task 552,Detailed description for task number 552,Medium,Open
553,Task 553,Detailed description for task number 553,Medium,In Progress
554,Task 554,Detailed description for task number 554,Critical,Done
555,Task 555,Detailed description for task number 555,Low,Open
556,Task 556,Detailed description for task number 556,Medium,Done
557,Task 557,Detailed description for task number 557,Critical,Review
558,Task 558,Detailed description for task number 558,Medium,Open
559,Task 559,Detailed description for task number 559,Low,Done
560,Task 560,Detailed description for task number 560,Medium,In Progress
561,Task 561,Detailed description for task number 561,Medium,Done
562,Task 562,Detailed description for task number 562,Low,In Progress
563,Task 563,Detailed description for task number 563,High,Done
564,Task 564,Detailed description for task number 564,High,Review
565,Task 565,Detailed description for task number 565,Medium,Open
566,Task 566,Detailed description for task number 566,Medium,Done
567,Task 567,Detailed description for task number 567,Critical,In Progress
568,Task 568,Detailed description for task number 568,Low,In Progress
569,Task 569,Detailed description for task number 569,Low,Review
570,Task 570,Detailed description for task number 570,Critical,Open
571,Task 571,Detailed description for task number 571,High,Review
572,Task 572,Detailed description for task number 572,Medium,Review
573,Task 573,Detailed description for task number 573,Critical,In Progress
574,Task 574,Detailed description for task number 574,Critical,Open
575,Task 575,Detailed description for task number 575,High,Review
576,Task 576,Detailed description for task number 576,Low,Open
577,Task 577,Detailed description for task number 577,Low,Done
578,Task 578,Detailed description for task number 578,Medium,In Progress
579,Task 579,Detailed description for task number 579,High,Done
580,Task 580,Detailed description for task number 580,Critical,Review
581,Task 581,Detailed description for task number 581,Low,Review
582,Task 582,Detailed description for task number 582,Low,In Progress
583,Task 583,Detailed description for task number 583,Medium,Review
584,Task 584,Detailed description for task number 584,Critical,In Progress
585,Task 585,Detailed description for task number 585,High,Open
586,Task 586,Detailed description for task number 586,Low,Done
587,Task 587,Detailed description for task number 587,Critical,Review
588,Task 588,Detailed description for task number 588,Medium,Done
589,Task 589,Detailed description for task number 589,Medium,Review
590,Task 590,Detailed description for task number 590,High,In Progress
591,Task 591,Detailed description for task number 591,Medium,Review
592,Task 592,Detailed description for task number 592,Low,Open
593,Task 593,Detailed description for task number 593,High,Done
594,Task 594,Detailed description for task number 594,Critical,Open
595,Task 595,Detailed description for task number 595,Low,Review
596,Task 596,Detailed description for task number 596,Medium,Open
597,Task 597,Detailed description for task number 597,Medium,Review
598,Task 598,Detailed description for task number 598,Critical,Open
599,Task 599,Detailed description for task number 599,Medium,Review
600,Task 600,Detailed description for task number 600,High,Done
601,Task 601,Detailed description for task number 601,Low,Review
602,Task 602,Detailed description for task number 602,High,Open
603,Task 603,Detailed description for task number 603,High,Review
604,Task 604,Detailed description for task number 604,Low,In Progress
605,Task 605,Detailed description for task number 605,Critical,Review
606,Task 606,Detailed description for task number 606,Low,Review
607,Task 607,Detailed description for task number 607,High,In Progress
608,Task 608,Detailed description for task number 608,Medium,In Progress
609,Task 609,Detailed description for task number 609,High,In Progress
610,Task 610,Detailed description for task number 610,Critical,Review
611,Task 611,Detailed description for task number 611,Medium,Open
612,Task 612,Detailed description for task number 612,Low,Open
613,Task 613,Detailed description for task number 613,High,Open
614,Task 614,Detailed description for task number 614,Low,Review
615,Task 615,Detailed description for task number 615,Low,Review
616,Task 616,Detailed description for task number 616,Medium,In Progress
617,Task 617,Detailed description for task number 617,Critical,Done
618,Task 618,Detailed description for task number 618,Medium,Open
619,Task 619,Detailed description for task number 619,Low,Review
620,Task 620,Detailed description for task number 620,Medium,Done
621,Task 621,Detailed description for task number 621,Medium,Done
622,Task 622,Detailed description for task number 622,Low,Open
623,Task 623,Detailed description for task number 623,Low,Review
624,Task 624,Detailed description for task number 624,Critical,In Progress
625,Task 625,Detailed description for task number 625,Medium,Done
626,Task 626,Detailed description for task number 626,Critical,Review
627,Task 627,Detailed description for task number 627,Low,Open
628,Task 628,Detailed description for task number 628,Low,Open
629,Task 629,Detailed description for task number 629,Low,Review
630,Task 630,Detailed description for task number 630,Medium,Done
631,Task 631,Detailed description for task number 631,Medium,Review
632,Task 632,Detailed description for task number 632,Low,In Progress
633,Task 633,Detailed description for task number 633,Low,In Progress
634,Task 634,Detailed description for task number 634,Low,Review
635,Task 635,Detailed description for task number 635,High,Open
636,Task 636,Detailed description for task number 636,Critical,Review
637,Task 637,Detailed description for task number 637,Low,Open
638,Task 638,Detailed description for task number 638,Medium,In Progress
639,Task 639,Detailed description for task number 639,Medium,Review
640,Task 640,Detailed description for task number 640,Medium,Done
641,Task 641,Detailed description for task number 641,Medium,In Progress
642,Task 642,Detailed description for task number 642,Critical,Open
643,Task 643,Detailed description for task number 643,Medium,Done
644,Task 644,Detailed description for task number 644,Medium,Done
645,Task 645,Detailed description for task number 645,Critical,Review
646,Task 646,Detailed description for task number 646,Critical,Review
647,Task 647,Detailed description for task number 647,Critical,Open
648,Task 648,Detailed description for task number 648,Low,Open
649,Task 649,Detailed description for task number 649,High,Open
650,Task 650,Detailed description for task number 650,Critical,Open
651,Task 651,Detailed description for task number 651,High,In Progress
652,Task 652,Detailed description for task number 652,Low,Open
653,Task 653,Detailed description for task number 653,Low,In Progress
654,Task 654,Detailed description for task number 654,High,Done
655,Task 655,Detailed description for task number 655,Medium,Review
656,Task 656,Detailed description for task number 656,Low,In Progress
657,Task 657,Detailed description for task number 657,Critical,In Progress
658,Task 658,Detailed description for task number 658,Critical,Review
659,Task 659,Detailed description for task number 659,High,Review
660,Task 660,Detailed description for task number 660,Low,In Progress
661,Task 661,Detailed description for task number 661,High,Open
662,Task 662,Detailed description for task number 662,High,Done
663,Task 663,Detailed description for task number 663,Medium,Open
664,Task 664,Detailed description for task number 664,Low,Open
665,Task 665,Detailed description for task number 665,Medium,Done
666,Task 666,Detailed description for task number 666,High,Open
667,Task 667,Detailed description for task number 667,Medium,Done
668,Task 668,Detailed description for task number 668,Low,In Progress
669,Task 669,Detailed description for task number 669,Low,Review
670,Task 670,Detailed description for task number 670,High,Done
671,Task 671,Detailed description for task number 671,Critical,Review
672,Task 672,Detailed description for task number 672,Low,In Progress
673,Task 673,Detailed description for task number 673,Medium,In Progress
674,Task 674,Detailed description for task number 674,Critical,Done
675,Task 675,Detailed description for task number 675,Critical,Done
676,Task 676,Detailed description for task number 676,Critical,In Progress
677,Task 677,Detailed description for task number 677,Medium,Done
678,Task 678,Detailed description for task number 678,Low,Review
679,Task 679,Detailed description for task number 679,High,In Progress
680,Task 680,Detailed description for task number 680,Critical,Done
681,Task 681,Detailed description for task number 681,Low,Done
682,Task 682,Detailed description for task number 682,High,Open
683,,Missing title error,Unknown,Open
684,Task 684,Detailed description for task number 684,High,Review
685,Task 685,Detailed description for task number 685,Critical,Open
686,Task 686,Detailed description for task number 686,Medium,Review
687,Task 687,Detailed description for task number 687,Critical,In Progress
688,Task 688,Detailed description for task number 688,Low,Open
689,Task 689,Detailed description for task number 689,Low,Review
690,Task 690,Detailed description for task number 690,High,Open
691,Task 691,Detailed description for task number 691,Low,Done
692,Task 692,Detailed description for task number 692,Low,Review
693,Task 693,Detailed description for task number 693,Critical,In Progress
694,Task 694,Detailed description for task number 694,Critical,Open
695,Task 695,Detailed description for task number 695,Low,Review
696,Task 696,Detailed description for task number 696,High,In Progress
697,Task 697,Detailed description for task number 697,Low,In Progress
698,Task 698,Detailed description for task number 698,Medium,Review
699,Task 699,Detailed description for task number 699,Low,Open
700,Task 700,Detailed description for task number 700,High,In Progress
701,Task 701,Detailed description for task number 701,High,Open
702,Task 702,Detailed description for task number 702,High,Review
703,Task 703,Detailed description for task number 703,Medium,Done
704,Task 704,Detailed description for task number 704,High,Open
705,Task 705,Detailed description for task number 705,Medium,In Progress
706,Task 706,Detailed description for task number 706,Low,Open
707,Task 707,Detailed description for task number 707,Critical,Review
708,Task 708,Detailed description for task number 708,Low,In Progress
709,Task 709,Detailed description for task number 709,High,Done
710,Task 710,Detailed description for task number 710,Medium,Open
711,Task 711,Detailed description for task number 711,High,In Progress
712,Task 712,Detailed description for task number 712,Low,Done
713,Task 713,Detailed description for task number 713,High,In Progress
714,Task 714,Detailed description for task number 714,Critical,Open
715,Task 715,Detailed description for task number 715,Medium,Done
716,Task 716,Detailed description for task number 716,Critical,Review
717,Task 717,Detailed description for task number 717,Critical,In Progress
718,Task 718,Detailed description for task number 718,High,In Progress
719,Task 719,Detailed description for task number 719,High,Done
720,Task 720,Detailed description for task number 720,Low,Review
721,Task 721,Detailed description for task number 721,Low,Review
722,Task 722,Detailed description for task number 722,High,Open
723,Task 723,Detailed description for task number 723,Critical,Done
724,Task 724,Detailed description for task number 724,High,In Progress
725,Task 725,Detailed description for task number 725,Low,Open
726,Task 726,Detailed description for task number 726,Critical,Review
727,Task 727,Detailed description for task number 727,Medium,Review
728,Task 728,Detailed description for task number 728,High,Open
729,Task 729,Detailed description for task number 729,Low,Done
730,Task 730,Detailed description for task number 730,High,Open
731,Task 731,Detailed description for task number 731,Low,Review
732,Task 732,Detailed description for task number 732,Critical,Open
733,Task 733,Detailed description for task number 733,High,In Progress
734,Task 734,Detailed description for task number 734,Medium,Open
735,Task 735,Detailed description for task number 735,Low,Done
736,Task 736,Detailed description for task number 736,Low,Review
737,Task 737,Detailed description for task number 737,Critical,Open
738,Task 738,Detailed description for task number 738,Low,Open
739,Task 739,Detailed description for task number 739,Low,Review
740,Task 740,Detailed description for task number 740,Low,Open
741,Task 741,Detailed description for task number 741,Critical,Review
742,Task 742,Detailed description for task number 742,Medium,In Progress
743,Task 743,Detailed description for task number 743,Low,In Progress
744,Task 744,Detailed description for task number 744,High,Review
745,Task 745,Detailed description for task number 745,High,Review
746,Task 746,Detailed description for task number 746,Medium,Review
747,Task 747,Detailed description for task number 747,Low,Open
748,Task 748,Detailed description for task number 748,Low,In Progress
749,Task 749,Detailed description for task number 749,Low,Open
750,Task 750,Detailed description for task number 750,Critical,In Progress
751,Task 751,Detailed description for task number 751,Critical,Done
752,Task 752,Detailed description for task number 752,Low,Done
753,Task 753,Detailed description for task number 753,Critical,Review
754,Task 754,Detailed description for task number 754,Medium,Review
755,Task 755,Detailed description for task number 755,Low,Done
756,Task 756,Detailed description for task number 756,Low,In Progress
757,Task 757,Detailed description for task number 757,High,Done
758,Task 758,Detailed description for task number 758,Critical,Review
759,Task 759,Detailed description for task number 759,Medium,Open
760,Task 760,Detailed description for task number 760,Medium,In Progress
761,Task 761,Detailed description for task number 761,Low,Open
762,Task 762,Detailed description for task number 762,Low,Open
763,Task 763,Detailed description for task number 763,Low,Open
764,Task 764,Detailed description for task number 764,Critical,Done
765,Task 765,Detailed description for task number 765,Critical,Open
766,Task 766,Detailed description for task number 766,High,Done
767,Task 767,Detailed description for task number 767,Low,Open
768,Task 768,Detailed description for task number 768,Critical,In Progress
769,,Missing title error,Unknown,Open
770,Task 770,Detailed description for task number 770,Low,Open
771,Task 771,Detailed description for task number 771,Critical,Open
772,Task 772,Detailed description for task number 772,Medium,In Progress
773,Task 773,Detailed description for task number 773,High,Open
774,Task 774,Detailed description for task number 774,Low,Done
775,Task 775,Detailed description for task number 775,Critical,Done
776,Task 776,Detailed description for task number 776,Critical,Done
777,Task 777,Detailed description for task number 777,High,In Progress
778,Task 778,Detailed description for task number 778,Critical,Done
779,Task 779,Detailed description for task number 779,Low,Open
780,Task 780,Detailed description for task number 780,Critical,Done
781,Task 781,Detailed description for task number 781,Medium,Done
782,Task 782,Detailed description for task number 782,High,In Progress
783,Task 783,Detailed description for task number 783,Low,Done
784,Task 784,Detailed description for task number 784,Critical,Done
785,Task 785,Detailed description for task number 785,Low,Open
786,Task 786,Detailed description for task number 786,Low,Review
787,Task 787,Detailed description for task number 787,High,Open
788,Task 788,Detailed description for task number 788,Medium,In Progress
789,Task 789,Detailed description for task number 789,Low,Open
790,Task 790,Detailed description for task number 790,Low,Done
791,Task 791,Detailed description for task number 791,Low,In Progress
792,Task 792,Detailed description for task number 792,Low,Review
793,Task 793,Detailed description for task number 793,Medium,Review
794,Task 794,Detailed description for task number 794,Critical,Done
795,Task 795,Detailed description for task number 795,Critical,In Progress
796,Task 796,Detailed description for task number 796,High,Done
797,Task 797,Detailed description for task number 797,High,In Progress
798,Task 798,Detailed description for task number 798,Low,Open
799,Task 799,Detailed description for task number 799,Medium,In Progress
800,Task 800,Detailed description for task number 800,High,Done
801,Task 801,Detailed description for task number 801,Low,Review
802,Task 802,Detailed description for task number 802,Medium,Done
803,Task 803,Detailed description for task number 803,Low,Done
804,Task 804,Detailed description for task number 804,Critical,Done
805,Task 805,Detailed description for task number 805,Critical,Open
806,Task 806,Detailed description for task number 806,High,Done
807,Task 807,Detailed description for task number 807,Low,Done
808,Task 808,Detailed description for task number 808,Low,In Progress
809,Task 809,Detailed description for task number 809,High,Done
810,Task 810,Detailed description for task number 810,Medium,Done
811,Task 811,Detailed description for task number 811,Medium,Done
812,Task 812,Detailed description for task number 812,Medium,Done
813,Task 813,Detailed description for task number 813,Low,Done
814,Task 814,Detailed description for task number 814,High,Review
815,Task 815,Detailed description for task number 815,High,Open
816,Task 816,Detailed description for task number 816,Critical,Open
817,Task 817,Detailed description for task number 817,Critical,In Progress
818,Task 818,Detailed description for task number 818,Low,Done
819,Task 819,Detailed description for task number 819,Medium,Open
820,Task 820,Detailed description for task number 820,High,Review
821,Task 821,Detailed description for task number 821,Medium,Done
822,Task 822,Detailed description for task number 822,High,Done
823,Task 823,Detailed description for task number 823,High,Open
824,Task 824,Detailed description for task number 824,High,Open
825,Task 825,Detailed description for task number 825,Medium,Open
826,Task 826,Detailed description for task number 826,High,Review
827,Task 827,Detailed description for task number 827,Critical,In Progress
828,Task 828,Detailed description for task number 828,Medium,In Progress
829,Task 829,Detailed description for task number 829,High,Review
830,Task 830,Detailed description for task number 830,Medium,Review
831,Task 831,Detailed description for task number 831,Critical,Open
832,Task 832,Detailed description for task number 832,Low,Review
833,Task 833,Detailed description for task number 833,Medium,Done
834,Task 834,Detailed description for task number 834,Low,Review
835,Task 835,Detailed description for task number 835,Medium,Open
836,Task 836,Detailed description for task number 836,Critical,Open
837,Task 837,Detailed description for task number 837,Critical,Open
838,Task 838,Detailed description for task number 838,Medium,Review
839,Task 839,Detailed description for task number 839,Low,Review
840,Task 840,Detailed description for task number 840,Medium,Open
841,Task 841,Detailed description for task number 841,Medium,Review
842,Task 842,Detailed description for task number 842,Critical,Open
843,Task 843,Detailed description for task number 843,Low,In Progress
844,Task 844,Detailed description for task number 844,Low,Review
845,Task 845,Detailed description for task number 845,Medium,In Progress
846,Task 846,Detailed description for task number 846,High,In Progress
847,Task 847,Detailed description for task number 847,Critical,Review
848,Task 848,Detailed description for task number 848,Medium,Review
849,Task 849,Detailed description for task number 849,High,Open
850,Task 850,Detailed description for task number 850,High,Done
851,Task 851,Detailed description for task number 851,Medium,Open
852,Task 852,Detailed description for task number 852,High,Done
853,Task 853,Detailed description for task number 853,Medium,Done
854,Task 854,Detailed description for task number 854,Medium,Review
855,Task 855,Detailed description for task number 855,Low,Open
856,Task 856,Detailed description for task number 856,Medium,Done
857,Task 857,Detailed description for task number 857,Low,Done
858,Task 858,Detailed description for task number 858,Medium,In Progress
859,Task 859,Detailed description for task number 859,Low,Done
860,Task 860,Detailed description for task number 860,Medium,Review
861,Task 861,Detailed description for task number 861,High,In Progress
862,Task 862,Detailed description for task number 862,Medium,Review
863,Task 863,Detailed description for task number 863,Medium,Open
864,Task 864,Detailed description for task number 864,Critical,Review
865,Task 865,Detailed description for task number 865,Low,In Progress
866,Task 866,Detailed description for task number 866,Low,Open
867,Task 867,Detailed description for task number 867,Critical,Open
868,Task 868,Detailed description for task number 868,Low,Done
869,Task 869,Detailed description for task number 869,Low,In Progress
870,Task 870,Detailed description for task number 870,Medium,In Progress
871,Task 871,Detailed description for task number 871,Medium,In Progress
872,Task 872,Detailed description for task number 872,High,Review
873,Task 873,Detailed description for task number 873,Low,Review
874,Task 874,Detailed description for task number 874,Low,Review
875,Task 875,Detailed description for task number 875,Low,Done
876,Task 876,Detailed description for task number 876,High,Review
877,Task 877,Detailed description for task number 877,High,Done
878,Task 878,Detailed description for task number 878,High,Open
879,Task 879,Detailed description for task number 879,Low,Open
880,Task 880,Detailed description for task number 880,Critical,Review
881,Task 881,Detailed description for task number 881,High,Done
882,Task 882,Detailed description for task number 882,Medium,Open
883,Task 883,Detailed description for task number 883,Low,In Progress
884,Task 884,Detailed description for task number 884,Critical,Review
885,Task 885,Detailed description for task number 885,Critical,Done
886,Task 886,Detailed description for task number 886,High,In Progress
887,Task 887,Detailed description for task number 887,Medium,Open
888,Task 888,Detailed description for task number 888,Medium,Done
889,Task 889,Detailed description for task number 889,Low,Review
890,Task 890,Detailed description for task number 890,Low,In Progress
891,Task 891,Detailed description for task number 891,Medium,Done
892,Task 892,Detailed description for task number 892,High,Done
893,Task 893,Detailed description for task number 893,Critical,Done
894,Task 894,Detailed description for task number 894,Critical,In Progress
895,Task 895,Detailed description for task number 895,Medium,In Progress
896,Task 896,Detailed description for task number 896,Low,Open
897,Task 897,Detailed description for task number 897,Medium,Done
898,Task 898,Detailed description for task number 898,High,In Progress
899,,Missing title error,Unknown,Open
900,Task 900,Detailed description for task number 900,Critical,In Progress
901,Task 901,Detailed description for task number 901,Low,Open
902,Task 902,Detailed description for task number 902,Critical,Done
903,Task 903,Detailed description for task number 903,Medium,In Progress
904,Task 904,Detailed description for task number 904,High,Review
905,Task 905,Detailed description for task number 905,High,In Progress
906,Task 906,Detailed description for task number 906,Low,Done
907,Task 907,Detailed description for task number 907,Critical,In Progress
908,Task 908,Detailed description for task number 908,Low,In Progress
909,Task 909,Detailed description for task number 909,Medium,In Progress
910,Task 910,Detailed description for task number 910,Low,In Progress
911,Task 911,Detailed description for task number 911,Medium,Open
912,Task 912,Detailed description for task number 912,High,Done
913,Task 913,Detailed description for task number 913,Low,Review
914,Task 914,Detailed description for task number 914,High,Review
915,Task 915,Detailed description for task number 915,Low,Open
916,Task 916,Detailed description for task number 916,Low,Open
917,Task 917,Detailed description for task number 917,Critical,Review
918,Task 918,Detailed description for task number 918,Critical,In Progress
919,Task 919,Detailed description for task number 919,Low,Done
920,Task 920,Detailed description for task number 920,Critical,Open
921,Task 921,Detailed description for task number 921,Medium,Review
922,Task 922,Detailed description for task number 922,Critical,Done
923,Task 923,Detailed description for task number 923,High,Open
924,Task 924,Detailed description for task number 924,Medium,Done
925,Task 925,Detailed description for task number 925,Medium,Open
926,Task 926,Detailed description for task number 926,Low,Open
927,Task 927,Detailed description for task number 927,High,Done
928,Task 928,Detailed description for task number 928,Medium,Review
929,Task 929,Detailed description for task number 929,Medium,In Progress
930,Task 930,Detailed description for task number 930,Medium,Done
931,Task 931,Detailed description for task number 931,Medium,Open
932,Task 932,Detailed description for task number 932,Critical,Review
933,Task 933,Detailed description for task number 933,Low,In Progress
934,Task 934,Detailed description for task number 934,Low,Open
935,Task 935,Detailed description for task number 935,Low,In Progress
936,Task 936,Detailed description for task number 936,Low,In Progress
937,Task 937,Detailed description for task number 937,Critical,Review
938,Task 938,Detailed description for task number 938,High,Done
939,Task 939,Detailed description for task number 939,Low,Review
940,Task 940,Detailed description for task number 940,High,Review
941,Task 941,Detailed description for task number 941,Low,Done
942,Task 942,Detailed description for task number 942,Low,Open
943,Task 943,Detailed description for task number 943,Medium,In Progress
944,Task 944,Detailed description for task number 944,High,Open
945,Task 945,Detailed description for task number 945,Critical,Open
946,Task 946,Detailed description for task number 946,Medium,Done
947,Task 947,Detailed description for task number 947,High,In Progress
948,Task 948,Detailed description for task number 948,High,Open
949,Task 949,Detailed description for task number 949,Critical,Review
950,Task 950,Detailed description for task number 950,Medium,Done
951,Task 951,Detailed description for task number 951,High,Open
952,Task 952,Detailed description for task number 952,Critical,Open
953,Task 953,Detailed description for task number 953,Medium,Review
954,Task 954,Detailed description for task number 954,Low,In Progress
955,Task 955,Detailed description for task number 955,Critical,Open
956,Task 956,Detailed description for task number 956,Low,Open
957,Task 957,Detailed description for task number 957,Low,Open
958,Task 958,Detailed description for task number 958,Critical,In Progress
959,Task 959,Detailed description for task number 959,Low,Done
960,Task 960,Detailed description for task number 960,Low,Review
961,Task 961,Detailed description for task number 961,Critical,Done
962,Task 962,Detailed description for task number 962,High,Done
963,Task 963,Detailed description for task number 963,Medium,Review
964,Task 964,Detailed description for task number 964,High,Done
965,Task 965,Detailed description for task number 965,Medium,In Progress
966,Task 966,Detailed description for task number 966,Low,In Progress
967,Task 967,Detailed description for task number 967,Critical,In Progress
968,Task 968,Detailed description for task number 968,Medium,In Progress
969,Task 969,Detailed description for task number 969,Low,Done
970,Task 970,Detailed description for task number 970,Low,In Progress
971,Task 971,Detailed description for task number 971,High,Done
972,Task 972,Detailed description for task number 972,Low,Done
973,Task 973,Detailed description for task number 973,Low,In Progress
974,Task 974,Detailed description for task number 974,High,Review
975,Task 975,Detailed description for task number 975,Critical,Done
976,Task 976,Detailed description for task number 976,Medium,Review
977,Task 977,Detailed description for task number 977,High,Done
978,Task 978,Detailed description for task number 978,Medium,Done
979,Task 979,Detailed description for task number 979,Medium,Open
980,Task 980,Detailed description for task number 980,Critical,Open
981,Task 981,Detailed description for task number 981,Medium,In Progress
982,Task 982,Detailed description for task number 982,Medium,Done
983,Task 983,Detailed description for task number 983,High,Done
984,Task 984,Detailed description for task number 984,High,Done
985,Task 985,Detailed description for task number 985,High,Open
986,Task 986,Detailed description for task number 986,Low,Review
987,Task 987,Detailed description for task number 987,Medium,Done
988,Task 988,Detailed description for task number 988,High,Done
989,Task 989,Detailed description for task number 989,Low,Review
990,Task 990,Detailed description for task number 990,Low,Open
991,Task 991,Detailed description for task number 991,Medium,In Progress
992,Task 992,Detailed description for task number 992,Low,Review
993,Task 993,Detailed description for task number 993,Medium,Done
994,Task 994,Detailed description for task number 994,Critical,Review
995,Task 995,Detailed description for task number 995,Medium,Review
996,Task 996,Detailed description for task number 996,Medium,Done
997,Task 997,Detailed description for task number 997,Low,Open
998,Task 998,Detailed description for task number 998,Medium,Open
999,Task 999,Detailed description for task number 999,Critical,In Progress
1000,Task 1000,Detailed description for task number 1000,Low,Done
1001,Task 1001,Detailed description for task number 1001,Low,In Progress
1002,Task 1002,Detailed description for task number 1002,High,Review
1003,Task 1003,Detailed description for task number 1003,High,In Progress
1004,Task 1004,Detailed description for task number 1004,Medium,Review
1005,Task 1005,Detailed description for task number 1005,Medium,Open
1006,Task 1006,Detailed description for task number 1006,Low,Done
1007,Task 1007,Detailed description for task number 1007,High,Review
1008,Task 1008,Detailed description for task number 1008,High,Review
1009,Task 1009,Detailed description for task number 1009,Medium,In Progress
1010,Task 1010,Detailed description for task number 1010,Critical,Review
1011,Task 1011,Detailed description for task number 1011,Low,Open
1012,Task 1012,Detailed description for task number 1012,Critical,Done
1013,Task 1013,Detailed description for task number 1013,High,Done
1014,Task 1014,Detailed description for task number 1014,Medium,In Progress
1015,Task 1015,Detailed description for task number 1015,High,In Progress
1016,Task 1016,Detailed description for task number 1016,High,Review
1017,Task 1017,Detailed description for task number 1017,Medium,Done
1018,Task 1018,Detailed description for task number 1018,High,In Progress
1019,Task 1019,Detailed description for task number 1019,Medium,Review
1020,Task 1020,Detailed description for task number 1020,High,Open
1021,Task 1021,Detailed description for task number 1021,High,In Progress
1022,Task 1022,Detailed description for task number 1022,Low,Review
1023,Task 1023,Detailed description for task number 1023,Low,In Progress
1024,Task 1024,Detailed description for task number 1024,Medium,In Progress
1025,Task 1025,Detailed description for task number 1025,High,Done
1026,Task 1026,Detailed description for task number 1026,Medium,Review
1027,Task 1027,Detailed description for task number 1027,Medium,In Progress
1028,Task 1028,Detailed description for task number 1028,High,Review
1029,Task 1029,Detailed description for task number 1029,Medium,Review
1030,Task 1030,Detailed description for task number 1030,High,Open
1031,Task 1031,Detailed description for task number 1031,Low,Done
1032,Task 1032,Detailed description for task number 1032,Low,Review
1033,Task 1033,Detailed description for task number 1033,Low,In Progress
1034,Task 1034,Detailed description for task number 1034,Medium,Review
1035,Task 1035,Detailed description for task number 1035,High,In Progress
1036,Task 1036,Detailed description for task number 1036,Critical,Open
1037,Task 1037,Detailed description for task number 1037,Medium,Done
1038,Task 1038,Detailed description for task number 1038,High,In Progress
1039,Task 1039,Detailed description for task number 1039,Low,Done
1040,Task 1040,Detailed description for task number 1040,Medium,Review
1041,Task 1041,Detailed description for task number 1041,Medium,In Progress
1042,Task 1042,Detailed description for task number 1042,Critical,Done
1043,Task 1043,Detailed description for task number 1043,Critical,Done
1044,Task 1044,Detailed description for task number 1044,Low,In Progress
1045,Task 1045,Detailed description for task number 1045,Low,In Progress
1046,Task 1046,Detailed description for task number 1046,High,Done
1047,Task 1047,Detailed description for task number 1047,Low,Done
1048,Task 1048,Detailed description for task number 1048,High,Done
1049,Task 1049,Detailed description for task number 1049,Low,In Progress
1050,Task 1050,Detailed description for task number 1050,Critical,Open
1051,Task 1051,Detailed description for task number 1051,Low,In Progress
1052,Task 1052,Detailed description for task number 1052,High,Open
1053,Task 1053,Detailed description for task number 1053,Medium,In Progress
1054,Task 1054,Detailed description for task number 1054,High,Review
1055,Task 1055,Detailed description for task number 1055,Medium,Done
1056,Task 1056,Detailed description for task number 1056,Medium,In Progress
1057,Task 1057,Detailed description for task number 1057,Critical,Review
1058,Task 1058,Detailed description for task number 1058,Medium,Open
1059,Task 1059,Detailed description for task number 1059,Medium,Done
1060,Task 1060,Detailed description for task number 1060,Medium,Done
1061,Task 1061,Detailed description for task number 1061,Low,In Progress
1062,Task 1062,Detailed description for task number 1062,Low,Open
1063,Task 1063,Detailed description for task number 1063,High,Done
1064,Task 1064,Detailed description for task number 1064,High,In Progress
1065,Task 1065,Detailed description for task number 1065,Medium,Open
1066,Task 1066,Detailed description for task number 1066,Medium,In Progress
1067,Task 1067,Detailed description for task number 1067,High,Done
1068,Task 1068,Detailed description for task number 1068,Critical,Review
1069,Task 1069,Detailed description for task number 1069,Critical,In Progress
1070,Task 1070,Detailed description for task number 1070,Critical,In Progress
1071,Task 1071,Detailed description for task number 1071,Low,Done
1072,Task 1072,Detailed description for task number 1072,High,Done
1073,Task 1073,Detailed description for task number 1073,High,Review
1074,Task 1074,Detailed description for task number 1074,Low,Done
1075,Task 1075,Detailed description for task number 1075,Critical,Open
1076,Task 1076,Detailed description for task number 1076,Medium,In Progress
1077,Task 1077,Detailed description for task number 1077,High,Review
1078,Task 1078,Detailed description for task number 1078,Low,In Progress
1079,Task 1079,Detailed description for task number 1079,Medium,Done
1080,Task 1080,Detailed description for task number 1080,Medium,Review
1081,Task 1081,Detailed description for task number 1081,Low,In Progress
1082,Task 1082,Detailed description for task number 1082,Low,Open
1083,Task 1083,Detailed description for task number 1083,Critical,Open
1084,Task 1084,Detailed description for task number 1084,High,Done
1085,Task 1085,Detailed description for task number 1085,Critical,Review
1086,Task 1086,Detailed description for task number 1086,High,Review
1087,Task 1087,Detailed description for task number 1087,Medium,Open
1088,Task 1088,Detailed description for task number 1088,High,In Progress
1089,Task 1089,Detailed description for task number 1089,Critical,Open
1090,Task 1090,Detailed description for task number 1090,High,In Progress
1091,Task 1091,Detailed description for task number 1091,High,Open
1092,Task 1092,Detailed description for task number 1092,High,Open
1093,Task 1093,Detailed description for task number 1093,Medium,Review
1094,Task 1094,Detailed description for task number 1094,Critical,Open
1095,Task 1095,Detailed description for task number 1095,Critical,In Progress
1096,Task 1096,Detailed description for task number 1096,Critical,In Progress
1097,Task 1097,Detailed description for task number 1097,High,In Progress
1098,,Missing title error,Unknown,Open
1099,Task 1099,Detailed description for task number 1099,Low,Done
1100,Task 1100,Detailed description for task number 1100,High,In Progress
1101,Task 1101,Detailed description for task number 1101,Low,Review
1102,Task 1102,Detailed description for task number 1102,Low,In Progress
1103,Task 1103,Detailed description for task number 1103,High,Review
1104,Task 1104,Detailed description for task number 1104,Low,In Progress
1105,Task 1105,Detailed description for task number 1105,Low,Done
1106,Task 1106,Detailed description for task number 1106,Medium,Open
1107,Task 1107,Detailed description for task number 1107,Medium,Done
1108,Task 1108,Detailed description for task number 1108,Low,Open
1109,Task 1109,Detailed description for task number 1109,Low,Done
1110,Task 1110,Detailed description for task number 1110,Critical,Done
1111,Task 1111,Detailed description for task number 1111,Critical,Open
1112,Task 1112,Detailed description for task number 1112,Low,Done
1113,Task 1113,Detailed description for task number 1113,Critical,Review
1114,Task 1114,Detailed description for task number 1114,Critical,Review
1115,Task 1115,Detailed description for task number 1115,Low,Done
1116,Task 1116,Detailed description for task number 1116,Low,Review
1117,Task 1117,Detailed description for task number 1117,High,Done
1118,Task 1118,Detailed description for task number 1118,High,Done
1119,Task 1119,Detailed description for task number 1119,Medium,Review
1120,Task 1120,Detailed description for task number 1120,Critical,Done
1121,Task 1121,Detailed description for task number 1121,Low,Review
1122,Task 1122,Detailed description for task number 1122,Critical,Done
1123,Task 1123,Detailed description for task number 1123,High,Open
1124,Task 1124,Detailed description for task number 1124,Medium,Review
1125,Task 1125,Detailed description for task number 1125,Low,In Progress
1126,Task 1126,Detailed description for task number 1126,Medium,In Progress
1127,Task 1127,Detailed description for task number 1127,Medium,Open
1128,Task 1128,Detailed description for task number 1128,Medium,Review
1129,Task 1129,Detailed description for task number 1129,Critical,Review
1130,Task 1130,Detailed description for task number 1130,Medium,In Progress
1131,Task 1131,Detailed description for task number 1131,High,Open
1132,Task 1132,Detailed description for task number 1132,Medium,Open
1133,Task 1133,Detailed description for task number 1133,Medium,Open
1134,Task 1134,Detailed description for task number 1134,Low,Done
1135,Task 1135,Detailed description for task number 1135,High,Open
1136,Task 1136,Detailed description for task number 1136,Low,Review
1137,Task 1137,Detailed description for task number 1137,Critical,Done
1138,Task 1138,Detailed description for task number 1138,Low,Review
1139,Task 1139,Detailed description for task number 1139,Medium,In Progress
1140,Task 1140,Detailed description for task number 1140,Low,In Progress
1141,Task 1141,Detailed description for task number 1141,Low,Review
1142,Task 1142,Detailed description for task number 1142,Critical,Review
1143,Task 1143,Detailed description for task number 1143,Medium,Open
1144,Task 1144,Detailed description for task number 1144,Critical,In Progress
1145,Task 1145,Detailed description for task number 1145,Low,Review
1146,Task 1146,Detailed description for task number 1146,Medium,Done
1147,Task 1147,Detailed description for task number 1147,Critical,Review
1148,Task 1148,Detailed description for task number 1148,Low,Open
1149,Task 1149,Detailed description for task number 1149,Low,In Progress
1150,Task 1150,Detailed description for task number 1150,Critical,Review
1151,Task 1151,Detailed description for task number 1151,Medium,Review
1152,Task 1152,Detailed description for task number 1152,Critical,Done
1153,Task 1153,Detailed description for task number 1153,High,Open
1154,Task 1154,Detailed description for task number 1154,High,Done
1155,Task 1155,Detailed description for task number 1155,Medium,Open
1156,Task 1156,Detailed description for task number 1156,Low,Open
1157,Task 1157,Detailed description for task number 1157,High,Review
1158,Task 1158,Detailed description for task number 1158,Medium,Done
1159,Task 1159,Detailed description for task number 1159,Critical,Open
1160,Task 1160,Detailed description for task number 1160,High,Open
1161,Task 1161,Detailed description for task number 1161,Critical,In Progress
1162,Task 1162,Detailed description for task number 1162,Medium,Done
1163,Task 1163,Detailed description for task number 1163,Low,Done
1164,Task 1164,Detailed description for task number 1164,Low,Open
1165,Task 1165,Detailed description for task number 1165,High,Open
1166,Task 1166,Detailed description for task number 1166,High,Open
1167,Task 1167,Detailed description for task number 1167,Critical,In Progress
1168,Task 1168,Detailed description for task number 1168,Medium,In Progress
1169,Task 1169,Detailed description for task number 1169,Low,Review
1170,Task 1170,Detailed description for task number 1170,High,In Progress
1171,Task 1171,Detailed description for task number 1171,High,In Progress
1172,Task 1172,Detailed description for task number 1172,Critical,In Progress
1173,Task 1173,Detailed description for task number 1173,Critical,Open
1174,Task 1174,Detailed description for task number 1174,Medium,In Progress
1175,Task 1175,Detailed description for task number 1175,Low,Done
1176,Task 1176,Detailed description for task number 1176,High,Done
1177,Task 1177,Detailed description for task number 1177,Medium,Open
1178,Task 1178,Detailed description for task number 1178,Critical,In Progress
1179,Task 1179,Detailed description for task number 1179,Critical,Done
1180,Task 1180,Detailed description for task number 1180,Medium,In Progress
1181,Task 1181,Detailed description for task number 1181,High,Open
1182,Task 1182,Detailed description for task number 1182,High,Open
1183,Task 1183,Detailed description for task number 1183,High,Review
1184,Task 1184,Detailed description for task number 1184,Low,In Progress
1185,Task 1185,Detailed description for task number 1185,Critical,Open
1186,Task 1186,Detailed description for task number 1186,Medium,In Progress
1187,Task 1187,Detailed description for task number 1187,Critical,In Progress
1188,Task 1188,Detailed description for task number 1188,Medium,Done
1189,Task 1189,Detailed description for task number 1189,High,Review
1190,Task 1190,Detailed description for task number 1190,Medium,Done
1191,Task 1191,Detailed description for task number 1191,Critical,Done
1192,Task 1192,Detailed description for task number 1192,Low,Open
1193,Task 1193,Detailed description for task number 1193,Critical,In Progress
1194,Task 1194,Detailed description for task number 1194,Low,Open
1195,Task 1195,Detailed description for task number 1195,Medium,Review
1196,Task 1196,Detailed description for task number 1196,Critical,In Progress
1197,Task 1197,Detailed description for task number 1197,Medium,Open
1198,Task 1198,Detailed description for task number 1198,Low,In Progress
1199,Task 1199,Detailed description for task number 1199,Medium,Open
1200,Task 1200,Detailed description for task number 1200,Critical,In Progress
1201,Task 1201,Detailed description for task number 1201,Medium,In Progress
1202,Task 1202,Detailed description for task number 1202,Medium,Open
1203,Task 1203,Detailed description for task number 1203,Critical,In Progress
1204,Task 1204,Detailed description for task number 1204,Low,In Progress
1205,Task 1205,Detailed description for task number 1205,Critical,In Progress
1206,Task 1206,Detailed description for task number 1206,High,Done
1207,Task 1207,Detailed description for task number 1207,High,In Progress
1208,Task 1208,Detailed description for task number 1208,Critical,Open
1209,Task 1209,Detailed description for task number 1209,High,Done
1210,Task 1210,Detailed description for task number 1210,Critical,Open
1211,Task 1211,Detailed description for task number 1211,High,In Progress
1212,Task 1212,Detailed description for task number 1212,Medium,Review
1213,Task 1213,Detailed description for task number 1213,Low,In Progress
1214,Task 1214,Detailed description for task number 1214,Critical,In Progress
1215,Task 1215,Detailed description for task number 1215,Low,Done
1216,Task 1216,Detailed description for task number 1216,Critical,Done
1217,Task 1217,Detailed description for task number 1217,Critical,Done
1218,Task 1218,Detailed description for task number 1218,Critical,Open
1219,Task 1219,Detailed description for task number 1219,High,Review
1220,Task 1220,Detailed description for task number 1220,High,Review
1221,Task 1221,Detailed description for task number 1221,High,In Progress
1222,Task 1222,Detailed description for task number 1222,Low,Open
1223,Task 1223,Detailed description for task number 1223,Medium,Open
1224,Task 1224,Detailed description for task number 1224,Medium,Review
1225,Task 1225,Detailed description for task number 1225,Low,In Progress
1226,Task 1226,Detailed description for task number 1226,Low,Open
1227,Task 1227,Detailed description for task number 1227,High,Open
1228,Task 1228,Detailed description for task number 1228,Critical,Review
1229,Task 1229,Detailed description for task number 1229,Critical,Review
1230,Task 1230,Detailed description for task number 1230,High,Open
1231,Task 1231,Detailed description for task number 1231,Low,Open
1232,Task 1232,Detailed description for task number 1232,High,Open
1233,Task 1233,Detailed description for task number 1233,Low,Done
1234,Task 1234,Detailed description for task number 1234,Critical,Done
1235,Task 1235,Detailed description for task number 1235,High,Review
1236,Task 1236,Detailed description for task number 1236,High,Open
1237,Task 1237,Detailed description for task number 1237,High,Open
1238,Task 1238,Detailed description for task number 1238,Low,Open
1239,Task 1239,Detailed description for task number 1239,Critical,Done
1240,Task 1240,Detailed description for task number 1240,High,Open
1241,Task 1241,Detailed description for task number 1241,Low,Review
1242,Task 1242,Detailed description for task number 1242,High,Open
1243,Task 1243,Detailed description for task number 1243,High,Open
1244,Task 1244,Detailed description for task number 1244,Critical,Review
1245,Task 1245,Detailed description for task number 1245,Critical,In Progress
1246,Task 1246,Detailed description for task number 1246,Low,Review
1247,Task 1247,Detailed description for task number 1247,High,In Progress
1248,Task 1248,Detailed description for task number 1248,High,Review
1249,Task 1249,Detailed description for task number 1249,Critical,Open
1250,Task 1250,Detailed description for task number 1250,High,Done
1251,Task 1251,Detailed description for task number 1251,Medium,Open
1252,Task 1252,Detailed description for task number 1252,High,In Progress
1253,Task 1253,Detailed description for task number 1253,Medium,In Progress
1254,Task 1254,Detailed description for task number 1254,Critical,Done
1255,Task 1255,Detailed description for task number 1255,Critical,In Progress
1256,Task 1256,Detailed description for task number 1256,Medium,Done
1257,Task 1257,Detailed description for task number 1257,High,In Progress
1258,Task 1258,Detailed description for task number 1258,Low,Review
1259,Task 1259,Detailed description for task number 1259,Medium,Done
1260,Task 1260,Detailed description for task number 1260,High,Open
1261,Task 1261,Detailed description for task number 1261,High,Open
1262,Task 1262,Detailed description for task number 1262,Low,Review
1263,Task 1263,Detailed description for task number 1263,Low,Review
1264,Task 1264,Detailed description for task number 1264,Critical,Open
1265,Task 1265,Detailed description for task number 1265,Critical,Done
1266,Task 1266,Detailed description for task number 1266,Medium,In Progress
1267,Task 1267,Detailed description for task number 1267,Critical,Review
1268,Task 1268,Detailed description for task number 1268,Critical,Done
1269,Task 1269,Detailed description for task number 1269,High,In Progress
1270,Task 1270,Detailed description for task number 1270,Medium,Open
1271,Task 1271,Detailed description for task number 1271,Critical,Review
1272,Task 1272,Detailed description for task number 1272,Medium,Done
1273,Task 1273,Detailed description for task number 1273,Critical,Review
1274,Task 1274,Detailed description for task number 1274,Critical,Open
1275,Task 1275,Detailed description for task number 1275,Low,Review
1276,Task 1276,Detailed description for task number 1276,High,Done
1277,Task 1277,Detailed description for task number 1277,High,Open
1278,Task 1278,Detailed description for task number 1278,High,Open
1279,Task 1279,Detailed description for task number 1279,Critical,Done
1280,Task 1280,Detailed description for task number 1280,Critical,In Progress
1281,Task 1281,Detailed description for task number 1281,Critical,In Progress
1282,Task 1282,Detailed description for task number 1282,Critical,Open
1283,Task 1283,Detailed description for task number 1283,Low,In Progress
1284,Task 1284,Detailed description for task number 1284,Medium,Open
1285,Task 1285,Detailed description for task number 1285,High,Open
1286,Task 1286,Detailed description for task number 1286,Critical,In Progress
1287,Task 1287,Detailed description for task number 1287,High,Review
1288,Task 1288,Detailed description for task number 1288,Critical,In Progress
1289,Task 1289,Detailed description for task number 1289,Low,In Progress
1290,Task 1290,Detailed description for task number 1290,Low,Done
1291,Task 1291,Detailed description for task number 1291,Medium,Open
1292,Task 1292,Detailed description for task number 1292,Critical,In Progress
1293,Task 1293,Detailed description for task number 1293,Critical,Open
1294,Task 1294,Detailed description for task number 1294,Medium,In Progress
1295,Task 1295,Detailed description for task number 1295,Critical,In Progress
1296,Task 1296,Detailed description for task number 1296,Low,In Progress
1297,Task 1297,Detailed description for task number 1297,Critical,Review
1298,Task 1298,Detailed description for task number 1298,Low,In Progress
1299,Task 1299,Detailed description for task number 1299,Medium,In Progress
1300,Task 1300,Detailed description for task number 1300,High,Review
1301,Task 1301,Detailed description for task number 1301,High,Open
1302,Task 1302,Detailed description for task number 1302,Medium,In Progress
1303,Task 1303,Detailed description for task number 1303,Low,Done
1304,Task 1304,Detailed description for task number 1304,Low,Review
1305,Task 1305,Detailed description for task number 1305,Medium,In Progress
1306,Task 1306,Detailed description for task number 1306,Critical,Review
1307,Task 1307,Detailed description for task number 1307,High,Review
1308,Task 1308,Detailed description for task number 1308,Medium,Review
1309,Task 1309,Detailed description for task number 1309,Medium,Done
1310,Task 1310,Detailed description for task number 1310,Low,Done
1311,Task 1311,Detailed description for task number 1311,Low,In Progress
1312,Task 1312,Detailed description for task number 1312,Medium,Review
1313,Task 1313,Detailed description for task number 1313,Low,Review
1314,Task 1314,Detailed description for task number 1314,High,Done
1315,Task 1315,Detailed description for task number 1315,High,Review
1316,Task 1316,Detailed description for task number 1316,High,In Progress
1317,Task 1317,Detailed description for task number 1317,High,Open
1318,Task 1318,Detailed description for task number 1318,Low,Done
1319,Task 1319,Detailed description for task number 1319,Low,In Progress
1320,Task 1320,Detailed description for task number 1320,Medium,In Progress
1321,Task 1321,Detailed description for task number 1321,Critical,Review
1322,Task 1322,Detailed description for task number 1322,Critical,Open
1323,Task 1323,Detailed description for task number 1323,Low,In Progress
1324,Task 1324,Detailed description for task number 1324,Critical,Done
1325,Task 1325,Detailed description for task number 1325,Low,In Progress
1326,Task 1326,Detailed description for task number 1326,Critical,In Progress
1327,Task 1327,Detailed description for task number 1327,Critical,Done
1328,Task 1328,Detailed description for task number 1328,High,Review
1329,Task 1329,Detailed description for task number 1329,High,Review
1330,Task 1330,Detailed description for task number 1330,High,Open
1331,Task 1331,Detailed description for task number 1331,Critical,Done
1332,Task 1332,Detailed description for task number 1332,Low,Open
1333,Task 1333,Detailed description for task number 1333,High,Open
1334,Task 1334,Detailed description for task number 1334,Medium,Done
1335,Task 1335,Detailed description for task number 1335,Medium,Open
1336,Task 1336,Detailed description for task number 1336,Critical,Open
1337,Task 1337,Detailed description for task number 1337,Critical,In Progress
1338,Task 1338,Detailed description for task number 1338,Medium,In Progress
1339,Task 1339,Detailed description for task number 1339,Critical,Review
1340,Task 1340,Detailed description for task number 1340,Critical,In Progress
1341,Task 1341,Detailed description for task number 1341,Low,Done
1342,Task 1342,Detailed description for task number 1342,High,Review
1343,Task 1343,Detailed description for task number 1343,High,In Progress
1344,Task 1344,Detailed description for task number 1344,Critical,Done
1345,Task 1345,Detailed description for task number 1345,Medium,Open
1346,Task 1346,Detailed description for task number 1346,High,Done
1347,Task 1347,Detailed description for task number 1347,Critical,Review
1348,Task 1348,Detailed description for task number 1348,High,Open
1349,Task 1349,Detailed description for task number 1349,High,In Progress
1350,Task 1350,Detailed description for task number 1350,Low,Open
1351,Task 1351,Detailed description for task number 1351,Low,Open
1352,Task 1352,Detailed description for task number 1352,High,Review
1353,Task 1353,Detailed description for task number 1353,High,Done
1354,Task 1354,Detailed description for task number 1354,Critical,Open
1355,Task 1355,Detailed description for task number 1355,Medium,Done
1356,Task 1356,Detailed description for task number 1356,High,Done
1357,Task 1357,Detailed description for task number 1357,High,In Progress
1358,Task 1358,Detailed description for task number 1358,Critical,In Progress
1359,Task 1359,Detailed description for task number 1359,High,Review
1360,Task 1360,Detailed description for task number 1360,Medium,In Progress
1361,Task 1361,Detailed description for task number 1361,Low,In Progress
1362,Task 1362,Detailed description for task number 1362,Critical,In Progress
1363,Task 1363,Detailed description for task number 1363,Low,Review
1364,Task 1364,Detailed description for task number 1364,High,Open
1365,Task 1365,Detailed description for task number 1365,Critical,Open
1366,Task 1366,Detailed description for task number 1366,Critical,Open
1367,Task 1367,Detailed description for task number 1367,Critical,Done
1368,Task 1368,Detailed description for task number 1368,Medium,Done
1369,Task 1369,Detailed description for task number 1369,High,Done
1370,Task 1370,Detailed description for task number 1370,High,Done
1371,Task 1371,Detailed description for task number 1371,Low,Done
1372,Task 1372,Detailed description for task number 1372,High,Review
1373,Task 1373,Detailed description for task number 1373,Low,Open
1374,Task 1374,Detailed description for task number 1374,Medium,In Progress
1375,Task 1375,Detailed description for task number 1375,High,Open
1376,Task 1376,Detailed description for task number 1376,Low,Open
1377,Task 1377,Detailed description for task number 1377,Low,Open
1378,Task 1378,Detailed description for task number 1378,High,Review
1379,Task 1379,Detailed description for task number 1379,High,Review
1380,Task 1380,Detailed description for task number 1380,High,Open
1381,Task 1381,Detailed description for task number 1381,Medium,In Progress
1382,Task 1382,Detailed description for task number 1382,Medium,Open
1383,Task 1383,Detailed description for task number 1383,High,Review
1384,Task 1384,Detailed description for task number 1384,Low,Review
1385,Task 1385,Detailed description for task number 1385,Medium,Review
1386,Task 1386,Detailed description for task number 1386,High,Open
1387,Task 1387,Detailed description for task number 1387,Low,Open
1388,Task 1388,Detailed description for task number 1388,Low,Review
1389,Task 1389,Detailed description for task number 1389,Low,Review
1390,Task 1390,Detailed description for task number 1390,High,Done
1391,Task 1391,Detailed description for task number 1391,Low,In Progress
1392,Task 1392,Detailed description for task number 1392,Low,In Progress
1393,Task 1393,Detailed description for task number 1393,Medium,In Progress
1394,Task 1394,Detailed description for task number 1394,Medium,Review
1395,Task 1395,Detailed description for task number 1395,Critical,Review
1396,Task 1396,Detailed description for task number 1396,Medium,Done
1397,Task 1397,Detailed description for task number 1397,Medium,Open
1398,Task 1398,Detailed description for task number 1398,High,In Progress
1399,,Missing title error,Unknown,Open
1400,Task 1400,Detailed description for task number 1400,Critical,Review
1401,Task 1401,Detailed description for task number 1401,Critical,Done
1402,Task 1402,Detailed description for task number 1402,High,Review
1403,,Missing title error,Unknown,Open
1404,Task 1404,Detailed description for task number 1404,Medium,Review
1405,Task 1405,Detailed description for task number 1405,High,In Progress
1406,Task 1406,Detailed description for task number 1406,Low,In Progress
1407,Task 1407,Detailed description for task number 1407,Critical,Open
1408,Task 1408,Detailed description for task number 1408,Low,In Progress
1409,Task 1409,Detailed description for task number 1409,Medium,Done
1410,Task 1410,Detailed description for task number 1410,Medium,Done
1411,Task 1411,Detailed description for task number 1411,Low,Done
1412,Task 1412,Detailed description for task number 1412,Low,Open
1413,Task 1413,Detailed description for task number 1413,Low,In Progress
1414,Task 1414,Detailed description for task number 1414,Low,Done
1415,Task 1415,Detailed description for task number 1415,Critical,Review
1416,Task 1416,Detailed description for task number 1416,Low,In Progress
1417,Task 1417,Detailed description for task number 1417,Critical,In Progress
1418,Task 1418,Detailed description for task number 1418,High,Done
1419,Task 1419,Detailed description for task number 1419,High,Review
1420,Task 1420,Detailed description for task number 1420,Low,In Progress
1421,Task 1421,Detailed description for task number 1421,Critical,Done
1422,Task 1422,Detailed description for task number 1422,Critical,Open
1423,Task 1423,Detailed description for task number 1423,Low,Open
1424,Task 1424,Detailed description for task number 1424,High,Open
1425,Task 1425,Detailed description for task number 1425,High,In Progress
1426,Task 1426,Detailed description for task number 1426,Medium,Open
1427,Task 1427,Detailed description for task number 1427,Critical,Review
1428,Task 1428,Detailed description for task number 1428,Critical,In Progress
1429,Task 1429,Detailed description for task number 1429,Critical,Open
1430,Task 1430,Detailed description for task number 1430,Critical,Done
1431,Task 1431,Detailed description for task number 1431,Low,Review
1432,Task 1432,Detailed description for task number 1432,Medium,Done
1433,Task 1433,Detailed description for task number 1433,High,Done
1434,Task 1434,Detailed description for task number 1434,High,In Progress
1435,Task 1435,Detailed description for task number 1435,Medium,In Progress
1436,Task 1436,Detailed description for task number 1436,Medium,In Progress
1437,Task 1437,Detailed description for task number 1437,Medium,In Progress
1438,Task 1438,Detailed description for task number 1438,Medium,In Progress
1439,Task 1439,Detailed description for task number 1439,High,Open
1440,Task 1440,Detailed description for task number 1440,Low,Done
1441,Task 1441,Detailed description for task number 1441,Low,Done
1442,Task 1442,Detailed description for task number 1442,High,Open
1443,Task 1443,Detailed description for task number 1443,Critical,Done
1444,Task 1444,Detailed description for task number 1444,High,Open
1445,Task 1445,Detailed description for task number 1445,Critical,Review
1446,Task 1446,Detailed description for task number 1446,High,Done
1447,Task 1447,Detailed description for task number 1447,Medium,In Progress
1448,Task 1448,Detailed description for task number 1448,High,Done
1449,Task 1449,Detailed description for task number 1449,High,Review
1450,Task 1450,Detailed description for task number 1450,Low,Done
1451,Task 1451,Detailed description for task number 1451,Medium,Done
1452,Task 1452,Detailed description for task number 1452,Medium,Review
1453,Task 1453,Detailed description for task number 1453,High,Open
1454,Task 1454,Detailed description for task number 1454,High,In Progress
1455,Task 1455,Detailed description for task number 1455,Critical,In Progress
1456,,Missing title error,Unknown,Open
1457,Task 1457,Detailed description for task number 1457,Medium,In Progress
1458,Task 1458,Detailed description for task number 1458,Critical,Open
1459,Task 1459,Detailed description for task number 1459,High,In Progress
1460,Task 1460,Detailed description for task number 1460,Medium,Open
1461,Task 1461,Detailed description for task number 1461,Critical,In Progress
1462,Task 1462,Detailed description for task number 1462,Critical,In Progress
1463,Task 1463,Detailed description for task number 1463,High,Review
1464,Task 1464,Detailed description for task number 1464,Critical,In Progress
1465,Task 1465,Detailed description for task number 1465,Low,In Progress
1466,Task 1466,Detailed description for task number 1466,High,Done
1467,Task 1467,Detailed description for task number 1467,Low,In Progress
1468,Task 1468,Detailed description for task number 1468,Medium,Open
1469,Task 1469,Detailed description for task number 1469,High,Review
1470,Task 1470,Detailed description for task number 1470,Low,Open
1471,Task 1471,Detailed description for task number 1471,Medium,Open
1472,Task 1472,Detailed description for task number 1472,Medium,Review
1473,Task 1473,Detailed description for task number 1473,High,In Progress
1474,Task 1474,Detailed description for task number 1474,High,Open
1475,Task 1475,Detailed description for task number 1475,High,Done
1476,Task 1476,Detailed description for task number 1476,High,Open
1477,Task 1477,Detailed description for task number 1477,Medium,Open
1478,Task 1478,Detailed description for task number 1478,Medium,Review
1479,Task 1479,Detailed description for task number 1479,Low,Done
1480,Task 1480,Detailed description for task number 1480,High,Review
1481,Task 1481,Detailed description for task number 1481,Low,Open
1482,Task 1482,Detailed description for task number 1482,Medium,Review
1483,Task 1483,Detailed description for task number 1483,Low,Done
1484,Task 1484,Detailed description for task number 1484,Low,Done
1485,Task 1485,Detailed description for task number 1485,High,In Progress
1486,Task 1486,Detailed description for task number 1486,Low,Open
1487,Task 1487,Detailed description for task number 1487,Critical,In Progress
1488,Task 1488,Detailed description for task number 1488,High,Done
1489,Task 1489,Detailed description for task number 1489,Low,Review
1490,Task 1490,Detailed description for task number 1490,Medium,Open
1491,Task 1491,Detailed description for task number 1491,Medium,Review
1492,Task 1492,Detailed description for task number 1492,Critical,Review
1493,Task 1493,Detailed description for task number 1493,High,Review
1494,Task 1494,Detailed description for task number 1494,High,Open
1495,Task 1495,Detailed description for task number 1495,Critical,In Progress
1496,Task 1496,Detailed description for task number 1496,Low,In Progress
1497,Task 1497,Detailed description for task number 1497,High,Done
1498,Task 1498,Detailed description for task number 1498,Medium,Done
1499,Task 1499,Detailed description for task number 1499,Critical,Review
1500,Task 1500,Detailed description for task number 1500,Critical,Open
1501,Task 1501,Detailed description for task number 1501,Medium,Review
1502,Task 1502,Detailed description for task number 1502,High,In Progress
1503,Task 1503,Detailed description for task number 1503,Critical,Done
1504,Task 1504,Detailed description for task number 1504,High,Done
1505,Task 1505,Detailed description for task number 1505,High,In Progress
1506,Task 1506,Detailed description for task number 1506,Low,In Progress
1507,Task 1507,Detailed description for task number 1507,Low,In Progress
1508,Task 1508,Detailed description for task number 1508,High,Review
1509,Task 1509,Detailed description for task number 1509,Low,In Progress
1510,Task 1510,Detailed description for task number 1510,High,Review
1511,Task 1511,Detailed description for task number 1511,High,In Progress
1512,Task 1512,Detailed description for task number 1512,Medium,In Progress
1513,Task 1513,Detailed description for task number 1513,Critical,In Progress
1514,Task 1514,Detailed description for task number 1514,Medium,In Progress
1515,Task 1515,Detailed description for task number 1515,High,Done
1516,Task 1516,Detailed description for task number 1516,Critical,Review
1517,Task 1517,Detailed description for task number 1517,Critical,In Progress
1518,Task 1518,Detailed description for task number 1518,Low,In Progress
1519,Task 1519,Detailed description for task number 1519,Medium,In Progress
1520,Task 1520,Detailed description for task number 1520,Critical,Open
1521,Task 1521,Detailed description for task number 1521,Low,Open
1522,Task 1522,Detailed description for task number 1522,Medium,Open
1523,Task 1523,Detailed description for task number 1523,High,Review
1524,Task 1524,Detailed description for task number 1524,High,Done
1525,Task 1525,Detailed description for task number 1525,Medium,Done
1526,Task 1526,Detailed description for task number 1526,Low,In Progress
1527,Task 1527,Detailed description for task number 1527,Medium,Open
1528,Task 1528,Detailed description for task number 1528,High,Done
1529,Task 1529,Detailed description for task number 1529,Medium,Review
1530,Task 1530,Detailed description for task number 1530,Low,Done
1531,Task 1531,Detailed description for task number 1531,High,Review
1532,Task 1532,Detailed description for task number 1532,Medium,Open
1533,Task 1533,Detailed description for task number 1533,High,In Progress
1534,Task 1534,Detailed description for task number 1534,High,Open
1535,Task 1535,Detailed description for task number 1535,Low,In Progress
1536,Task 1536,Detailed description for task number 1536,Low,In Progress
1537,Task 1537,Detailed description for task number 1537,High,Open
1538,Task 1538,Detailed description for task number 1538,Low,Review
1539,Task 1539,Detailed description for task number 1539,High,Done
1540,Task 1540,Detailed description for task number 1540,Low,Done
1541,Task 1541,Detailed description for task number 1541,High,Open
1542,Task 1542,Detailed description for task number 1542,Low,In Progress
1543,Task 1543,Detailed description for task number 1543,Medium,Review
1544,Task 1544,Detailed description for task number 1544,Medium,Open
1545,Task 1545,Detailed description for task number 1545,Low,In Progress
1546,Task 1546,Detailed description for task number 1546,Low,In Progress
1547,Task 1547,Detailed description for task number 1547,Medium,Open
1548,Task 1548,Detailed description for task number 1548,Medium,Review
1549,Task 1549,Detailed description for task number 1549,High,Done
1550,Task 1550,Detailed description for task number 1550,Critical,Open
1551,Task 1551,Detailed description for task number 1551,Critical,Review
1552,Task 1552,Detailed description for task number 1552,Critical,In Progress
1553,Task 1553,Detailed description for task number 1553,Low,Review
1554,Task 1554,Detailed description for task number 1554,Medium,Open
1555,Task 1555,Detailed description for task number 1555,Critical,Done
1556,Task 1556,Detailed description for task number 1556,Low,Open
1557,Task 1557,Detailed description for task number 1557,Low,Open
1558,Task 1558,Detailed description for task number 1558,Critical,Done
1559,Task 1559,Detailed description for task number 1559,Low,In Progress
1560,,Missing title error,Unknown,Open
1561,Task 1561,Detailed description for task number 1561,High,In Progress
1562,Task 1562,Detailed description for task number 1562,Critical,Review
1563,,Missing title error,Unknown,Open
1564,Task 1564,Detailed description for task number 1564,High,In Progress
1565,Task 1565,Detailed description for task number 1565,High,Open
1566,Task 1566,Detailed description for task number 1566,High,In Progress
1567,Task 1567,Detailed description for task number 1567,Critical,Open
1568,Task 1568,Detailed description for task number 1568,High,Done
1569,Task 1569,Detailed description for task number 1569,Medium,In Progress
1570,Task 1570,Detailed description for task number 1570,High,Review
1571,Task 1571,Detailed description for task number 1571,Low,Done
1572,Task 1572,Detailed description for task number 1572,Medium,In Progress
1573,Task 1573,Detailed description for task number 1573,Medium,Done
1574,Task 1574,Detailed description for task number 1574,Low,Review
1575,Task 1575,Detailed description for task number 1575,Low,Done
1576,Task 1576,Detailed description for task number 1576,Medium,In Progress
1577,Task 1577,Detailed description for task number 1577,Critical,Review
1578,Task 1578,Detailed description for task number 1578,Critical,Done
1579,Task 1579,Detailed description for task number 1579,Low,Done
1580,Task 1580,Detailed description for task number 1580,Medium,Review
1581,Task 1581,Detailed description for task number 1581,High,Review
1582,Task 1582,Detailed description for task number 1582,Medium,Review
1583,Task 1583,Detailed description for task number 1583,Medium,Review
1584,Task 1584,Detailed description for task number 1584,High,Done
1585,Task 1585,Detailed description for task number 1585,Low,Review
1586,Task 1586,Detailed description for task number 1586,Medium,Open
1587,Task 1587,Detailed description for task number 1587,Medium,Open
1588,Task 1588,Detailed description for task number 1588,Medium,In Progress
1589,Task 1589,Detailed description for task number 1589,Critical,Review
1590,Task 1590,Detailed description for task number 1590,Medium,Done
1591,Task 1591,Detailed description for task number 1591,Low,Done
1592,Task 1592,Detailed description for task number 1592,Critical,Review
1593,Task 1593,Detailed description for task number 1593,Low,Done
1594,Task 1594,Detailed description for task number 1594,Medium,Review
1595,Task 1595,Detailed description for task number 1595,Low,In Progress
1596,Task 1596,Detailed description for task number 1596,Low,Done
1597,Task 1597,Detailed description for task number 1597,Low,Review
1598,Task 1598,Detailed description for task number 1598,Low,Done
1599,Task 1599,Detailed description for task number 1599,Medium,In Progress
1600,Task 1600,Detailed description for task number 1600,Low,Open
1601,Task 1601,Detailed description for task number 1601,Medium,In Progress
1602,Task 1602,Detailed description for task number 1602,Medium,Review
1603,Task 1603,Detailed description for task number 1603,High,Review
1604,Task 1604,Detailed description for task number 1604,Critical,In Progress
1605,Task 1605,Detailed description for task number 1605,High,Done
1606,Task 1606,Detailed description for task number 1606,Low,In Progress
1607,Task 1607,Detailed description for task number 1607,Critical,Done
1608,Task 1608,Detailed description for task number 1608,Critical,Open
1609,Task 1609,Detailed description for task number 1609,High,Done
1610,Task 1610,Detailed description for task number 1610,Medium,Done
1611,Task 1611,Detailed description for task number 1611,Low,Review
1612,Task 1612,Detailed description for task number 1612,High,Open
1613,Task 1613,Detailed description for task number 1613,Critical,Review
1614,Task 1614,Detailed description for task number 1614,Critical,In Progress
1615,Task 1615,Detailed description for task number 1615,Critical,Review
1616,Task 1616,Detailed description for task number 1616,Low,In Progress
1617,Task 1617,Detailed description for task number 1617,Low,Review
1618,Task 1618,Detailed description for task number 1618,Medium,Open
1619,Task 1619,Detailed description for task number 1619,High,In Progress
1620,Task 1620,Detailed description for task number 1620,Critical,Done
1621,Task 1621,Detailed description for task number 1621,Low,In Progress
1622,Task 1622,Detailed description for task number 1622,High,Done
1623,Task 1623,Detailed description for task number 1623,Medium,Open
1624,Task 1624,Detailed description for task number 1624,Critical,Open
1625,Task 1625,Detailed description for task number 1625,Critical,In Progress
1626,Task 1626,Detailed description for task number 1626,Medium,Done
1627,Task 1627,Detailed description for task number 1627,Medium,In Progress
1628,Task 1628,Detailed description for task number 1628,Critical,Review
1629,Task 1629,Detailed description for task number 1629,Medium,Review
1630,Task 1630,Detailed description for task number 1630,Low,Review
1631,Task 1631,Detailed description for task number 1631,Medium,Open
1632,Task 1632,Detailed description for task number 1632,High,Done
1633,Task 1633,Detailed description for task number 1633,Medium,In Progress
1634,Task 1634,Detailed description for task number 1634,High,Open
1635,Task 1635,Detailed description for task number 1635,High,Done
1636,Task 1636,Detailed description for task number 1636,Critical,Done
1637,Task 1637,Detailed description for task number 1637,High,Open
1638,Task 1638,Detailed description for task number 1638,Low,Review
1639,Task 1639,Detailed description for task number 1639,Critical,In Progress
1640,Task 1640,Detailed description for task number 1640,Medium,Open
1641,Task 1641,Detailed description for task number 1641,High,Open
1642,Task 1642,Detailed description for task number 1642,Medium,Review
1643,Task 1643,Detailed description for task number 1643,Medium,Open
1644,Task 1644,Detailed description for task number 1644,Medium,Done
1645,Task 1645,Detailed description for task number 1645,High,Review
1646,Task 1646,Detailed description for task number 1646,High,Done
1647,Task 1647,Detailed description for task number 1647,High,Done
1648,Task 1648,Detailed description for task number 1648,Critical,In Progress
1649,Task 1649,Detailed description for task number 1649,High,Done
1650,Task 1650,Detailed description for task number 1650,Low,In Progress
1651,Task 1651,Detailed description for task number 1651,Low,In Progress
1652,Task 1652,Detailed description for task number 1652,Medium,In Progress
1653,,Missing title error,Unknown,Open
1654,Task 1654,Detailed description for task number 1654,Critical,In Progress
1655,Task 1655,Detailed description for task number 1655,Low,Open
1656,Task 1656,Detailed description for task number 1656,High,Done
1657,Task 1657,Detailed description for task number 1657,High,In Progress
1658,Task 1658,Detailed description for task number 1658,Low,Open
1659,,Missing title error,Unknown,Open
1660,Task 1660,Detailed description for task number 1660,Low,In Progress
1661,Task 1661,Detailed description for task number 1661,Low,Done
1662,Task 1662,Detailed description for task number 1662,Low,Review
1663,Task 1663,Detailed description for task number 1663,High,In Progress
1664,Task 1664,Detailed description for task number 1664,Critical,Open
1665,Task 1665,Detailed description for task number 1665,Critical,Review
1666,Task 1666,Detailed description for task number 1666,Medium,Review
1667,Task 1667,Detailed description for task number 1667,High,Review
1668,Task 1668,Detailed description for task number 1668,Medium,In Progress
1669,Task 1669,Detailed description for task number 1669,Medium,Open
1670,Task 1670,Detailed description for task number 1670,High,Review
1671,Task 1671,Detailed description for task number 1671,High,Open
1672,Task 1672,Detailed description for task number 1672,Low,Review
1673,Task 1673,Detailed description for task number 1673,Critical,Review
1674,Task 1674,Detailed description for task number 1674,High,Open
1675,Task 1675,Detailed description for task number 1675,Low,Done
1676,Task 1676,Detailed description for task number 1676,Medium,Done
1677,Task 1677,Detailed description for task number 1677,Low,Open
1678,Task 1678,Detailed description for task number 1678,High,In Progress
1679,Task 1679,Detailed description for task number 1679,Critical,Review
1680,Task 1680,Detailed description for task number 1680,Critical,Open
1681,Task 1681,Detailed description for task number 1681,Medium,Done
1682,Task 1682,Detailed description for task number 1682,Low,In Progress
1683,Task 1683,Detailed description for task number 1683,Medium,Done
1684,Task 1684,Detailed description for task number 1684,High,Done
1685,,Missing title error,Unknown,Open
1686,Task 1686,Detailed description for task number 1686,High,Review
1687,Task 1687,Detailed description for task number 1687,High,Open
1688,Task 1688,Detailed description for task number 1688,High,Review
1689,Task 1689,Detailed description for task number 1689,Low,Review
1690,Task 1690,Detailed description for task number 1690,High,Done
1691,Task 1691,Detailed description for task number 1691,Low,Open
1692,Task 1692,Detailed description for task number 1692,Critical,In Progress
1693,Task 1693,Detailed description for task number 1693,Critical,Review
1694,Task 1694,Detailed description for task number 1694,Low,Open
1695,Task 1695,Detailed description for task number 1695,High,In Progress
1696,Task 1696,Detailed description for task number 1696,Critical,Done
1697,Task 1697,Detailed description for task number 1697,Low,Done
1698,Task 1698,Detailed description for task number 1698,Low,Open
1699,Task 1699,Detailed description for task number 1699,Medium,Done
1700,Task 1700,Detailed description for task number 1700,Medium,In Progress
1701,Task 1701,Detailed description for task number 1701,Critical,Done
1702,Task 1702,Detailed description for task number 1702,Low,Review
1703,Task 1703,Detailed description for task number 1703,Critical,Done
1704,Task 1704,Detailed description for task number 1704,Critical,In Progress
1705,Task 1705,Detailed description for task number 1705,Critical,Open
1706,Task 1706,Detailed description for task number 1706,Low,In Progress
1707,Task 1707,Detailed description for task number 1707,Medium,Done
1708,Task 1708,Detailed description for task number 1708,Low,Open
1709,Task 1709,Detailed description for task number 1709,Medium,In Progress
1710,Task 1710,Detailed description for task number 1710,Medium,Open
1711,Task 1711,Detailed description for task number 1711,Medium,In Progress
1712,Task 1712,Detailed description for task number 1712,Critical,In Progress
1713,Task 1713,Detailed description for task number 1713,High,In Progress
1714,Task 1714,Detailed description for task number 1714,High,Done
1715,Task 1715,Detailed description for task number 1715,Critical,Open
1716,Task 1716,Detailed description for task number 1716,Low,Review
1717,Task 1717,Detailed description for task number 1717,Low,Review
1718,Task 1718,Detailed description for task number 1718,Low,Open
1719,Task 1719,Detailed description for task number 1719,Low,In Progress
1720,Task 1720,Detailed description for task number 1720,Low,Done
1721,Task 1721,Detailed description for task number 1721,Critical,In Progress
1722,Task 1722,Detailed description for task number 1722,High,Done
1723,Task 1723,Detailed description for task number 1723,High,In Progress
1724,Task 1724,Detailed description for task number 1724,Critical,In Progress
1725,Task 1725,Detailed description for task number 1725,Low,Review
1726,Task 1726,Detailed description for task number 1726,Critical,Done
1727,Task 1727,Detailed description for task number 1727,High,In Progress
1728,Task 1728,Detailed description for task number 1728,Low,In Progress
1729,Task 1729,Detailed description for task number 1729,Critical,Review
1730,Task 1730,Detailed description for task number 1730,Critical,Review
1731,Task 1731,Detailed description for task number 1731,Medium,Done
1732,Task 1732,Detailed description for task number 1732,Critical,Open
1733,Task 1733,Detailed description for task number 1733,High,Done
1734,Task 1734,Detailed description for task number 1734,Low,Review
1735,Task 1735,Detailed description for task number 1735,High,Open
1736,Task 1736,Detailed description for task number 1736,Low,In Progress
1737,Task 1737,Detailed description for task number 1737,Critical,Review
1738,Task 1738,Detailed description for task number 1738,Critical,In Progress
1739,Task 1739,Detailed description for task number 1739,High,In Progress
1740,Task 1740,Detailed description for task number 1740,High,Review
1741,Task 1741,Detailed description for task number 1741,High,Review
1742,Task 1742,Detailed description for task number 1742,Critical,Open
1743,Task 1743,Detailed description for task number 1743,Low,In Progress
1744,Task 1744,Detailed description for task number 1744,Medium,Open
1745,Task 1745,Detailed description for task number 1745,Low,In Progress
1746,Task 1746,Detailed description for task number 1746,Low,Done
1747,Task 1747,Detailed description for task number 1747,High,In Progress
1748,Task 1748,Detailed description for task number 1748,Medium,Review
1749,Task 1749,Detailed description for task number 1749,Medium,In Progress
1750,Task 1750,Detailed description for task number 1750,Low,Done
1751,Task 1751,Detailed description for task number 1751,High,In Progress
1752,Task 1752,Detailed description for task number 1752,Medium,Review
1753,Task 1753,Detailed description for task number 1753,Medium,In Progress
1754,Task 1754,Detailed description for task number 1754,Medium,Done
1755,Task 1755,Detailed description for task number 1755,Low,In Progress
1756,Task 1756,Detailed description for task number 1756,High,Review
1757,Task 1757,Detailed description for task number 1757,Medium,Review
1758,Task 1758,Detailed description for task number 1758,High,Review
1759,Task 1759,Detailed description for task number 1759,Medium,Open
1760,Task 1760,Detailed description for task number 1760,High,Done
1761,Task 1761,Detailed description for task number 1761,Critical,In Progress
1762,Task 1762,Detailed description for task number 1762,Medium,Review
1763,Task 1763,Detailed description for task number 1763,Medium,Done
1764,Task 1764,Detailed description for task number 1764,Medium,Review
1765,Task 1765,Detailed description for task number 1765,Low,Open
1766,Task 1766,Detailed description for task number 1766,Critical,Open
1767,Task 1767,Detailed description for task number 1767,Low,Done
1768,Task 1768,Detailed description for task number 1768,Medium,Open
1769,Task 1769,Detailed description for task number 1769,High,Open
1770,Task 1770,Detailed description for task number 1770,Medium,Done
1771,Task 1771,Detailed description for task number 1771,Low,In Progress
1772,Task 1772,Detailed description for task number 1772,Medium,Review
1773,Task 1773,Detailed description for task number 1773,Low,Review
1774,Task 1774,Detailed description for task number 1774,Low,Done
1775,Task 1775,Detailed description for task number 1775,Critical,Review
1776,Task 1776,Detailed description for task number 1776,High,Review
1777,Task 1777,Detailed description for task number 1777,Medium,In Progress
1778,Task 1778,Detailed description for task number 1778,Low,In Progress
1779,Task 1779,Detailed description for task number 1779,Low,Review
1780,Task 1780,Detailed description for task number 1780,High,Done
1781,Task 1781,Detailed description for task number 1781,High,Open
1782,Task 1782,Detailed description for task number 1782,Medium,Done
1783,Task 1783,Detailed description for task number 1783,High,Review
1784,Task 1784,Detailed description for task number 1784,Low,Open
1785,Task 1785,Detailed description for task number 1785,Low,In Progress
1786,Task 1786,Detailed description for task number 1786,High,Done
1787,Task 1787,Detailed description for task number 1787,Medium,In Progress
1788,Task 1788,Detailed description for task number 1788,Low,Open
1789,Task 1789,Detailed description for task number 1789,Low,Review
1790,Task 1790,Detailed description for task number 1790,High,Review
1791,Task 1791,Detailed description for task number 1791,Critical,Open
1792,Task 1792,Detailed description for task number 1792,Medium,Review
1793,Task 1793,Detailed description for task number 1793,High,Open
1794,Task 1794,Detailed description for task number 1794,Low,In Progress
1795,Task 1795,Detailed description for task number 1795,Critical,Done
1796,Task 1796,Detailed description for task number 1796,High,Done
1797,Task 1797,Detailed description for task number 1797,Critical,In Progress
1798,Task 1798,Detailed description for task number 1798,Critical,Open
1799,Task 1799,Detailed description for task number 1799,Critical,Done
1800,Task 1800,Detailed description for task number 1800,Medium,Open
1801,Task 1801,Detailed description for task number 1801,High,In Progress
1802,Task 1802,Detailed description for task number 1802,Critical,In Progress
1803,Task 1803,Detailed description for task number 1803,Medium,Open
1804,Task 1804,Detailed description for task number 1804,Low,In Progress
1805,Task 1805,Detailed description for task number 1805,High,Open
1806,Task 1806,Detailed description for task number 1806,Medium,Done
1807,Task 1807,Detailed description for task number 1807,High,Review
1808,Task 1808,Detailed description for task number 1808,Low,Open
1809,Task 1809,Detailed description for task number 1809,Medium,Review
1810,Task 1810,Detailed description for task number 1810,Critical,Review
1811,Task 1811,Detailed description for task number 1811,Medium,Review
1812,Task 1812,Detailed description for task number 1812,Critical,Open
1813,Task 1813,Detailed description for task number 1813,Low,In Progress
1814,Task 1814,Detailed description for task number 1814,Critical,In Progress
1815,Task 1815,Detailed description for task number 1815,Low,Review
1816,Task 1816,Detailed description for task number 1816,Low,Open
1817,Task 1817,Detailed description for task number 1817,High,Open
1818,Task 1818,Detailed description for task number 1818,High,In Progress
1819,Task 1819,Detailed description for task number 1819,High,In Progress
1820,Task 1820,Detailed description for task number 1820,Critical,Open
1821,Task 1821,Detailed description for task number 1821,Medium,In Progress
1822,Task 1822,Detailed description for task number 1822,Medium,In Progress
1823,Task 1823,Detailed description for task number 1823,High,Done
1824,Task 1824,Detailed description for task number 1824,Low,Review
1825,Task 1825,Detailed description for task number 1825,Medium,Done
1826,Task 1826,Detailed description for task number 1826,Critical,Review
1827,Task 1827,Detailed description for task number 1827,High,Review
1828,Task 1828,Detailed description for task number 1828,Low,Open
1829,Task 1829,Detailed description for task number 1829,Critical,Done
1830,Task 1830,Detailed description for task number 1830,High,Done
1831,Task 1831,Detailed description for task number 1831,Low,In Progress
1832,Task 1832,Detailed description for task number 1832,Medium,Open
1833,Task 1833,Detailed description for task number 1833,Low,In Progress
1834,Task 1834,Detailed description for task number 1834,Medium,In Progress
1835,Task 1835,Detailed description for task number 1835,Critical,Done
1836,Task 1836,Detailed description for task number 1836,Critical,Review
1837,Task 1837,Detailed description for task number 1837,Low,Done
1838,Task 1838,Detailed description for task number 1838,Critical,Open
1839,Task 1839,Detailed description for task number 1839,Medium,In Progress
1840,Task 1840,Detailed description for task number 1840,Critical,Done
1841,Task 1841,Detailed description for task number 1841,High,Open
1842,Task 1842,Detailed description for task number 1842,Low,Review
1843,Task 1843,Detailed description for task number 1843,Critical,Review
1844,Task 1844,Detailed description for task number 1844,Low,Done
1845,Task 1845,Detailed description for task number 1845,High,Done
1846,Task 1846,Detailed description for task number 1846,Critical,Review
1847,Task 1847,Detailed description for task number 1847,High,In Progress
1848,Task 1848,Detailed description for task number 1848,Critical,In Progress
1849,Task 1849,Detailed description for task number 1849,Low,Done
1850,Task 1850,Detailed description for task number 1850,Medium,Done
1851,Task 1851,Detailed description for task number 1851,Critical,Done
1852,Task 1852,Detailed description for task number 1852,High,In Progress
1853,Task 1853,Detailed description for task number 1853,High,Review
1854,Task 1854,Detailed description for task number 1854,Medium,In Progress
1855,Task 1855,Detailed description for task number 1855,High,Open
1856,Task 1856,Detailed description for task number 1856,High,Review
1857,Task 1857,Detailed description for task number 1857,Low,Review
1858,Task 1858,Detailed description for task number 1858,Medium,In Progress
1859,Task 1859,Detailed description for task number 1859,Critical,In Progress
1860,Task 1860,Detailed description for task number 1860,Critical,Done
1861,Task 1861,Detailed description for task number 1861,Medium,Done
1862,Task 1862,Detailed description for task number 1862,Critical,Done
1863,Task 1863,Detailed description for task number 1863,High,Review
1864,Task 1864,Detailed description for task number 1864,Critical,Review
1865,Task 1865,Detailed description for task number 1865,Critical,Done
1866,Task 1866,Detailed description for task number 1866,High,In Progress
1867,Task 1867,Detailed description for task number 1867,Medium,Review
1868,Task 1868,Detailed description for task number 1868,Low,In Progress
1869,Task 1869,Detailed description for task number 1869,Low,Open
1870,Task 1870,Detailed description for task number 1870,Critical,Open
1871,Task 1871,Detailed description for task number 1871,Medium,Review
1872,Task 1872,Detailed description for task number 1872,Medium,Review
1873,Task 1873,Detailed description for task number 1873,Low,In Progress
1874,Task 1874,Detailed description for task number 1874,High,Open
1875,Task 1875,Detailed description for task number 1875,Low,In Progress
1876,Task 1876,Detailed description for task number 1876,High,In Progress
1877,Task 1877,Detailed description for task number 1877,High,Review
1878,Task 1878,Detailed description for task number 1878,High,Open
1879,Task 1879,Detailed description for task number 1879,Low,In Progress
1880,Task 1880,Detailed description for task number 1880,High,Done
1881,Task 1881,Detailed description for task number 1881,Critical,In Progress
1882,Task 1882,Detailed description for task number 1882,Critical,In Progress
1883,Task 1883,Detailed description for task number 1883,Medium,Open
1884,Task 1884,Detailed description for task number 1884,Critical,Open
1885,Task 1885,Detailed description for task number 1885,Low,Open
1886,Task 1886,Detailed description for task number 1886,Medium,In Progress
1887,Task 1887,Detailed description for task number 1887,High,In Progress
1888,Task 1888,Detailed description for task number 1888,Low,Review
1889,Task 1889,Detailed description for task number 1889,Medium,Review
1890,Task 1890,Detailed description for task number 1890,Low,In Progress
1891,Task 1891,Detailed description for task number 1891,High,In Progress
1892,Task 1892,Detailed description for task number 1892,Low,Done
1893,Task 1893,Detailed description for task number 1893,Medium,Open
1894,Task 1894,Detailed description for task number 1894,Medium,Review
1895,Task 1895,Detailed description for task number 1895,High,Review
1896,Task 1896,Detailed description for task number 1896,High,Done
1897,Task 1897,Detailed description for task number 1897,High,Open
1898,Task 1898,Detailed description for task number 1898,Low,In Progress
1899,Task 1899,Detailed description for task number 1899,Medium,Done
1900,Task 1900,Detailed description for task number 1900,Critical,Open
1901,Task 1901,Detailed description for task number 1901,Critical,Open
1902,Task 1902,Detailed description for task number 1902,Critical,Review
1903,Task 1903,Detailed description for task number 1903,Medium,Review
1904,Task 1904,Detailed description for task number 1904,Low,Review
1905,Task 1905,Detailed description for task number 1905,High,Review
1906,Task 1906,Detailed description for task number 1906,Critical,Open
1907,Task 1907,Detailed description for task number 1907,High,Review
1908,Task 1908,Detailed description for task number 1908,Low,Open
1909,Task 1909,Detailed description for task number 1909,Critical,In Progress
1910,Task 1910,Detailed description for task number 1910,High,Review
1911,Task 1911,Detailed description for task number 1911,High,Review
1912,Task 1912,Detailed description for task number 1912,Critical,Open
1913,Task 1913,Detailed description for task number 1913,High,Review
1914,Task 1914,Detailed description for task number 1914,Medium,Review
1915,,Missing title error,Unknown,Open
1916,Task 1916,Detailed description for task number 1916,Medium,Review
1917,Task 1917,Detailed description for task number 1917,High,Review
1918,Task 1918,Detailed description for task number 1918,Low,Open
1919,Task 1919,Detailed description for task number 1919,High,In Progress
1920,Task 1920,Detailed description for task number 1920,High,In Progress
1921,Task 1921,Detailed description for task number 1921,Medium,In Progress
1922,Task 1922,Detailed description for task number 1922,High,Open
1923,Task 1923,Detailed description for task number 1923,Critical,Open
1924,Task 1924,Detailed description for task number 1924,Low,Review
1925,Task 1925,Detailed description for task number 1925,Critical,In Progress
1926,Task 1926,Detailed description for task number 1926,Low,Open
1927,Task 1927,Detailed description for task number 1927,High,In Progress
1928,Task 1928,Detailed description for task number 1928,High,Open
1929,Task 1929,Detailed description for task number 1929,Critical,Open
1930,Task 1930,Detailed description for task number 1930,High,Open
1931,Task 1931,Detailed description for task number 1931,Medium,Review
1932,Task 1932,Detailed description for task number 1932,Low,In Progress
1933,Task 1933,Detailed description for task number 1933,Critical,Open
1934,Task 1934,Detailed description for task number 1934,Low,Done
1935,Task 1935,Detailed description for task number 1935,High,Open
1936,Task 1936,Detailed description for task number 1936,Medium,Open
1937,Task 1937,Detailed description for task number 1937,High,Done
1938,Task 1938,Detailed description for task number 1938,High,Open
1939,Task 1939,Detailed description for task number 1939,High,Review
1940,Task 1940,Detailed description for task number 1940,Critical,In Progress
1941,Task 1941,Detailed description for task number 1941,Medium,In Progress
1942,Task 1942,Detailed description for task number 1942,Low,In Progress
1943,Task 1943,Detailed description for task number 1943,Medium,Open
1944,Task 1944,Detailed description for task number 1944,Medium,In Progress
1945,Task 1945,Detailed description for task number 1945,Medium,Review
1946,Task 1946,Detailed description for task number 1946,Medium,In Progress
1947,Task 1947,Detailed description for task number 1947,High,In Progress
1948,Task 1948,Detailed description for task number 1948,Critical,Review
1949,Task 1949,Detailed description for task number 1949,Critical,Done
1950,Task 1950,Detailed description for task number 1950,High,Done
1951,Task 1951,Detailed description for task number 1951,Critical,Done
1952,Task 1952,Detailed description for task number 1952,Low,Done
1953,Task 1953,Detailed description for task number 1953,Low,In Progress
1954,Task 1954,Detailed description for task number 1954,Critical,In Progress
1955,Task 1955,Detailed description for task number 1955,High,Done
1956,Task 1956,Detailed description for task number 1956,High,In Progress
1957,Task 1957,Detailed description for task number 1957,Low,Open
1958,Task 1958,Detailed description for task number 1958,Critical,Review
1959,Task 1959,Detailed description for task number 1959,Low,In Progress
1960,Task 1960,Detailed description for task number 1960,Low,Review
1961,Task 1961,Detailed description for task number 1961,Critical,Open
1962,Task 1962,Detailed description for task number 1962,Low,In Progress
1963,Task 1963,Detailed description for task number 1963,Critical,Review
1964,Task 1964,Detailed description for task number 1964,Critical,In Progress
1965,Task 1965,Detailed description for task number 1965,High,Done
1966,Task 1966,Detailed description for task number 1966,High,Open
1967,Task 1967,Detailed description for task number 1967,High,Review
1968,Task 1968,Detailed description for task number 1968,Low,Done
1969,Task 1969,Detailed description for task number 1969,Medium,Review
1970,Task 1970,Detailed description for task number 1970,Medium,Done
1971,Task 1971,Detailed description for task number 1971,Critical,Done
1972,Task 1972,Detailed description for task number 1972,Medium,Done
1973,Task 1973,Detailed description for task number 1973,Critical,Done
1974,Task 1974,Detailed description for task number 1974,Low,Review
1975,Task 1975,Detailed description for task number 1975,Critical,Done
1976,Task 1976,Detailed description for task number 1976,Low,Review
1977,Task 1977,Detailed description for task number 1977,Low,Open
1978,Task 1978,Detailed description for task number 1978,Medium,Open
1979,Task 1979,Detailed description for task number 1979,Low,Open
1980,Task 1980,Detailed description for task number 1980,Critical,Done
1981,Task 1981,Detailed description for task number 1981,Low,Done
1982,Task 1982,Detailed description for task number 1982,Low,In Progress
1983,Task 1983,Detailed description for task number 1983,Medium,Review
1984,Task 1984,Detailed description for task number 1984,Low,Done
1985,Task 1985,Detailed description for task number 1985,Low,Open
1986,Task 1986,Detailed description for task number 1986,High,In Progress
1987,Task 1987,Detailed description for task number 1987,Low,In Progress
1988,Task 1988,Detailed description for task number 1988,High,In Progress
1989,Task 1989,Detailed description for task number 1989,Medium,Done
1990,Task 1990,Detailed description for task number 1990,High,Done
1991,Task 1991,Detailed description for task number 1991,High,Review
1992,Task 1992,Detailed description for task number 1992,Low,Done
1993,Task 1993,Detailed description for task number 1993,Critical,In Progress
1994,Task 1994,Detailed description for task number 1994,Critical,Done
1995,Task 1995,Detailed description for task number 1995,Critical,In Progress
1996,Task 1996,Detailed description for task number 1996,Medium,Open
1997,Task 1997,Detailed description for task number 1997,Medium,In Progress
1998,Task 1998,Detailed description for task number 1998,Medium,In Progress
1999,Task 1999,Detailed description for task number 1999,Low,Done
2000,Task 2000,Detailed description for task number 2000,Low,Done
2001,Task 2001,Detailed description for task number 2001,Low,Review
2002,Task 2002,Detailed description for task number 2002,Critical,Open
2003,Task 2003,Detailed description for task number 2003,Low,In Progress
2004,Task 2004,Detailed description for task number 2004,High,Done
2005,Task 2005,Detailed description for task number 2005,High,Review
2006,Task 2006,Detailed description for task number 2006,Critical,Done
2007,Task 2007,Detailed description for task number 2007,Critical,Review
2008,Task 2008,Detailed description for task number 2008,Low,Review
2009,Task 2009,Detailed description for task number 2009,Low,Open
2010,Task 2010,Detailed description for task number 2010,High,Review
2011,Task 2011,Detailed description for task number 2011,High,Review
2012,Task 2012,Detailed description for task number 2012,Low,In Progress
2013,Task 2013,Detailed description for task number 2013,High,In Progress
2014,Task 2014,Detailed description for task number 2014,Medium,Review
2015,Task 2015,Detailed description for task number 2015,Medium,Review
2016,Task 2016,Detailed description for task number 2016,Critical,Open
2017,Task 2017,Detailed description for task number 2017,High,Review
2018,Task 2018,Detailed description for task number 2018,Critical,Open
2019,Task 2019,Detailed description for task number 2019,High,In Progress
2020,Task 2020,Detailed description for task number 2020,High,Done
2021,Task 2021,Detailed description for task number 2021,Medium,In Progress
2022,Task 2022,Detailed description for task number 2022,High,Open
2023,Task 2023,Detailed description for task number 2023,Medium,Review
2024,Task 2024,Detailed description for task number 2024,High,In Progress
2025,Task 2025,Detailed description for task number 2025,Medium,In Progress
2026,Task 2026,Detailed description for task number 2026,Medium,Open
2027,Task 2027,Detailed description for task number 2027,Low,Done
2028,Task 2028,Detailed description for task number 2028,Critical,In Progress
2029,Task 2029,Detailed description for task number 2029,Low,Open
2030,Task 2030,Detailed description for task number 2030,High,In Progress
2031,Task 2031,Detailed description for task number 2031,Low,In Progress
2032,Task 2032,Detailed description for task number 2032,Critical,Done
2033,Task 2033,Detailed description for task number 2033,High,Open
2034,Task 2034,Detailed description for task number 2034,Medium,Open
2035,Task 2035,Detailed description for task number 2035,High,Done
2036,Task 2036,Detailed description for task number 2036,Medium,In Progress
2037,Task 2037,Detailed description for task number 2037,Critical,Review
2038,Task 2038,Detailed description for task number 2038,Medium,Done
2039,Task 2039,Detailed description for task number 2039,High,Review
2040,Task 2040,Detailed description for task number 2040,Critical,Review
2041,Task 2041,Detailed description for task number 2041,Critical,In Progress
2042,Task 2042,Detailed description for task number 2042,Medium,Review
2043,Task 2043,Detailed description for task number 2043,High,In Progress
2044,Task 2044,Detailed description for task number 2044,Low,Open
2045,Task 2045,Detailed description for task number 2045,Low,In Progress
2046,Task 2046,Detailed description for task number 2046,Low,Done
2047,Task 2047,Detailed description for task number 2047,Low,Open
2048,Task 2048,Detailed description for task number 2048,Critical,In Progress
2049,Task 2049,Detailed description for task number 2049,Medium,Done
2050,Task 2050,Detailed description for task number 2050,Critical,Open
2051,Task 2051,Detailed description for task number 2051,Critical,Review
2052,Task 2052,Detailed description for task number 2052,Medium,Open
2053,Task 2053,Detailed description for task number 2053,Low,In Progress
2054,Task 2054,Detailed description for task number 2054,Critical,Done
2055,Task 2055,Detailed description for task number 2055,Critical,Review
2056,Task 2056,Detailed description for task number 2056,Low,Review
2057,Task 2057,Detailed description for task number 2057,Medium,In Progress
2058,Task 2058,Detailed description for task number 2058,High,In Progress
2059,Task 2059,Detailed description for task number 2059,High,In Progress
2060,Task 2060,Detailed description for task number 2060,Critical,Open
2061,Task 2061,Detailed description for task number 2061,High,Done
2062,Task 2062,Detailed description for task number 2062,Medium,In Progress
2063,Task 2063,Detailed description for task number 2063,Medium,Review
2064,Task 2064,Detailed description for task number 2064,Critical,Open
2065,Task 2065,Detailed description for task number 2065,Critical,Review
2066,Task 2066,Detailed description for task number 2066,Low,In Progress
2067,Task 2067,Detailed description for task number 2067,Low,Review
2068,Task 2068,Detailed description for task number 2068,Low,In Progress
2069,Task 2069,Detailed description for task number 2069,Critical,Open
2070,Task 2070,Detailed description for task number 2070,Critical,Review
2071,Task 2071,Detailed description for task number 2071,Critical,Review
2072,Task 2072,Detailed description for task number 2072,High,Done
2073,Task 2073,Detailed description for task number 2073,Critical,Done
2074,Task 2074,Detailed description for task number 2074,Critical,Done
2075,Task 2075,Detailed description for task number 2075,Critical,Open
2076,Task 2076,Detailed description for task number 2076,High,Done
2077,Task 2077,Detailed description for task number 2077,Low,In Progress
2078,Task 2078,Detailed description for task number 2078,Critical,Open
2079,Task 2079,Detailed description for task number 2079,Low,Open
2080,Task 2080,Detailed description for task number 2080,Low,Done
2081,Task 2081,Detailed description for task number 2081,High,Review
2082,Task 2082,Detailed description for task number 2082,High,Open
2083,Task 2083,Detailed description for task number 2083,High,In Progress
2084,Task 2084,Detailed description for task number 2084,Low,Done
2085,Task 2085,Detailed description for task number 2085,Low,Review
2086,Task 2086,Detailed description for task number 2086,Low,Open
2087,Task 2087,Detailed description for task number 2087,Medium,In Progress
2088,Task 2088,Detailed description for task number 2088,Low,Review
2089,Task 2089,Detailed description for task number 2089,Low,Open
2090,Task 2090,Detailed description for task number 2090,High,In Progress
2091,Task 2091,Detailed description for task number 2091,Medium,Review
2092,Task 2092,Detailed description for task number 2092,Medium,Review
2093,Task 2093,Detailed description for task number 2093,Critical,Done
2094,Task 2094,Detailed description for task number 2094,Critical,Open
2095,Task 2095,Detailed description for task number 2095,Critical,Open
2096,Task 2096,Detailed description for task number 2096,Low,Review
2097,Task 2097,Detailed description for task number 2097,Low,Review
2098,Task 2098,Detailed description for task number 2098,High,Done
2099,Task 2099,Detailed description for task number 2099,Critical,Done
2100,Task 2100,Detailed description for task number 2100,High,Review
2101,Task 2101,Detailed description for task number 2101,Low,Done
2102,Task 2102,Detailed description for task number 2102,Medium,In Progress
2103,Task 2103,Detailed description for task number 2103,Medium,Done
2104,Task 2104,Detailed description for task number 2104,Critical,Done
2105,Task 2105,Detailed description for task number 2105,Critical,Done
2106,Task 2106,Detailed description for task number 2106,Critical,Review
2107,Task 2107,Detailed description for task number 2107,Medium,Open
2108,Task 2108,Detailed description for task number 2108,Critical,Review
2109,Task 2109,Detailed description for task number 2109,High,Done
2110,Task 2110,Detailed description for task number 2110,Low,Open
2111,Task 2111,Detailed description for task number 2111,High,In Progress
2112,Task 2112,Detailed description for task number 2112,Critical,Review
2113,Task 2113,Detailed description for task number 2113,High,Done
2114,Task 2114,Detailed description for task number 2114,High,Review
2115,Task 2115,Detailed description for task number 2115,Medium,Review
2116,Task 2116,Detailed description for task number 2116,High,In Progress
2117,Task 2117,Detailed description for task number 2117,Medium,Review
2118,Task 2118,Detailed description for task number 2118,Critical,In Progress
2119,Task 2119,Detailed description for task number 2119,Low,Done
2120,Task 2120,Detailed description for task number 2120,Low,In Progress
2121,Task 2121,Detailed description for task number 2121,Critical,Open
2122,Task 2122,Detailed description for task number 2122,Low,Open
2123,Task 2123,Detailed description for task number 2123,Low,Review
2124,Task 2124,Detailed description for task number 2124,High,Open
2125,Task 2125,Detailed description for task number 2125,Low,Review
2126,Task 2126,Detailed description for task number 2126,Medium,In Progress
2127,Task 2127,Detailed description for task number 2127,Low,Open
2128,Task 2128,Detailed description for task number 2128,High,Open
2129,Task 2129,Detailed description for task number 2129,Critical,Done
2130,Task 2130,Detailed description for task number 2130,Critical,Open
2131,Task 2131,Detailed description for task number 2131,Critical,Review
2132,,Missing title error,Unknown,Open
2133,Task 2133,Detailed description for task number 2133,High,In Progress
2134,Task 2134,Detailed description for task number 2134,Critical,In Progress
2135,Task 2135,Detailed description for task number 2135,Low,Open
2136,Task 2136,Detailed description for task number 2136,Low,Done
2137,Task 2137,Detailed description for task number 2137,Medium,Done
2138,Task 2138,Detailed description for task number 2138,Low,Review
2139,Task 2139,Detailed description for task number 2139,Medium,Open
2140,Task 2140,Detailed description for task number 2140,Medium,Review
2141,Task 2141,Detailed description for task number 2141,Critical,In Progress
2142,Task 2142,Detailed description for task number 2142,High,Done
2143,Task 2143,Detailed description for task number 2143,High,In Progress
2144,Task 2144,Detailed description for task number 2144,High,Review
2145,Task 2145,Detailed description for task number 2145,Critical,In Progress
2146,Task 2146,Detailed description for task number 2146,Low,Open
2147,Task 2147,Detailed description for task number 2147,Critical,Done
2148,Task 2148,Detailed description for task number 2148,Critical,Review
2149,Task 2149,Detailed description for task number 2149,Critical,Open
2150,Task 2150,Detailed description for task number 2150,High,Review
2151,Task 2151,Detailed description for task number 2151,Low,Review
2152,Task 2152,Detailed description for task number 2152,Critical,Open
2153,Task 2153,Detailed description for task number 2153,Low,Review
2154,Task 2154,Detailed description for task number 2154,Critical,Review
2155,Task 2155,Detailed description for task number 2155,Medium,Done
2156,Task 2156,Detailed description for task number 2156,Critical,Open
2157,Task 2157,Detailed description for task number 2157,Low,Open
2158,Task 2158,Detailed description for task number 2158,Medium,Review
2159,Task 2159,Detailed description for task number 2159,Low,Done
2160,Task 2160,Detailed description for task number 2160,Critical,Review
2161,Task 2161,Detailed description for task number 2161,Medium,Open
2162,Task 2162,Detailed description for task number 2162,Low,Review
2163,Task 2163,Detailed description for task number 2163,Medium,In Progress
2164,Task 2164,Detailed description for task number 2164,Critical,Open
2165,,Missing title error,Unknown,Open
2166,Task 2166,Detailed description for task number 2166,High,In Progress
2167,Task 2167,Detailed description for task number 2167,Low,Open
2168,Task 2168,Detailed description for task number 2168,High,Review
2169,Task 2169,Detailed description for task number 2169,Medium,Review
2170,Task 2170,Detailed description for task number 2170,High,Open
2171,Task 2171,Detailed description for task number 2171,Low,In Progress
2172,Task 2172,Detailed description for task number 2172,Low,Review
2173,Task 2173,Detailed description for task number 2173,Critical,Done
2174,Task 2174,Detailed description for task number 2174,Critical,Open
2175,Task 2175,Detailed description for task number 2175,Medium,Review
2176,Task 2176,Detailed description for task number 2176,High,In Progress
2177,Task 2177,Detailed description for task number 2177,Medium,Open
2178,Task 2178,Detailed description for task number 2178,Critical,Review
2179,Task 2179,Detailed description for task number 2179,High,Review
2180,Task 2180,Detailed description for task number 2180,High,Open
2181,Task 2181,Detailed description for task number 2181,Low,Review
2182,Task 2182,Detailed description for task number 2182,Medium,Done
2183,Task 2183,Detailed description for task number 2183,Critical,In Progress
2184,Task 2184,Detailed description for task number 2184,Medium,Review
2185,Task 2185,Detailed description for task number 2185,Medium,Done
2186,,Missing title error,Unknown,Open
2187,Task 2187,Detailed description for task number 2187,Medium,Done
2188,Task 2188,Detailed description for task number 2188,High,Open
2189,Task 2189,Detailed description for task number 2189,High,In Progress
2190,Task 2190,Detailed description for task number 2190,Medium,Review
2191,Task 2191,Detailed description for task number 2191,Medium,Done
2192,Task 2192,Detailed description for task number 2192,High,Done
2193,Task 2193,Detailed description for task number 2193,High,Done
2194,Task 2194,Detailed description for task number 2194,High,Open
2195,Task 2195,Detailed description for task number 2195,High,Review
2196,Task 2196,Detailed description for task number 2196,Low,Review
2197,Task 2197,Detailed description for task number 2197,Medium,In Progress
2198,Task 2198,Detailed description for task number 2198,Low,In Progress
2199,Task 2199,Detailed description for task number 2199,High,Open
2200,Task 2200,Detailed description for task number 2200,Low,Review
2201,Task 2201,Detailed description for task number 2201,High,Review
2202,Task 2202,Detailed description for task number 2202,Critical,In Progress
2203,Task 2203,Detailed description for task number 2203,High,In Progress
2204,Task 2204,Detailed description for task number 2204,Medium,In Progress
2205,Task 2205,Detailed description for task number 2205,High,Open
2206,Task 2206,Detailed description for task number 2206,High,Done
2207,Task 2207,Detailed description for task number 2207,High,Review
2208,Task 2208,Detailed description for task number 2208,Medium,Done
2209,Task 2209,Detailed description for task number 2209,Medium,Done
2210,Task 2210,Detailed description for task number 2210,High,Review
2211,Task 2211,Detailed description for task number 2211,Low,Done
2212,Task 2212,Detailed description for task number 2212,Critical,Review
2213,Task 2213,Detailed description for task number 2213,High,In Progress
2214,Task 2214,Detailed description for task number 2214,Low,Open
2215,Task 2215,Detailed description for task number 2215,Critical,Review
2216,Task 2216,Detailed description for task number 2216,Low,Done
2217,Task 2217,Detailed description for task number 2217,Low,Done
2218,Task 2218,Detailed description for task number 2218,Critical,Open
2219,Task 2219,Detailed description for task number 2219,High,Review
2220,Task 2220,Detailed description for task number 2220,Medium,Open
2221,Task 2221,Detailed description for task number 2221,Low,In Progress
2222,Task 2222,Detailed description for task number 2222,High,Open
2223,Task 2223,Detailed description for task number 2223,Critical,In Progress
2224,Task 2224,Detailed description for task number 2224,High,In Progress
2225,Task 2225,Detailed description for task number 2225,Critical,Done
2226,Task 2226,Detailed description for task number 2226,Critical,In Progress
2227,Task 2227,Detailed description for task number 2227,Low,Done
2228,Task 2228,Detailed description for task number 2228,Critical,Done
2229,Task 2229,Detailed description for task number 2229,High,Done
2230,Task 2230,Detailed description for task number 2230,Medium,In Progress
2231,Task 2231,Detailed description for task number 2231,High,In Progress
2232,Task 2232,Detailed description for task number 2232,Medium,Open
2233,Task 2233,Detailed description for task number 2233,Critical,Open
2234,Task 2234,Detailed description for task number 2234,Medium,Open
2235,Task 2235,Detailed description for task number 2235,Low,In Progress
2236,Task 2236,Detailed description for task number 2236,Critical,Review
2237,Task 2237,Detailed description for task number 2237,High,Done
2238,Task 2238,Detailed description for task number 2238,Low,Open
2239,Task 2239,Detailed description for task number 2239,Low,Open
2240,Task 2240,Detailed description for task number 2240,Medium,Open
2241,Task 2241,Detailed description for task number 2241,Critical,Open
2242,Task 2242,Detailed description for task number 2242,Low,In Progress
2243,Task 2243,Detailed description for task number 2243,Low,Open
2244,Task 2244,Detailed description for task number 2244,Low,In Progress
2245,Task 2245,Detailed description for task number 2245,Low,Open
2246,Task 2246,Detailed description for task number 2246,Medium,In Progress
2247,Task 2247,Detailed description for task number 2247,Critical,Open
2248,Task 2248,Detailed description for task number 2248,Medium,In Progress
2249,Task 2249,Detailed description for task number 2249,High,Review
2250,Task 2250,Detailed description for task number 2250,Low,Open
2251,Task 2251,Detailed description for task number 2251,Medium,Open
2252,Task 2252,Detailed description for task number 2252,Critical,Open
2253,Task 2253,Detailed description for task number 2253,Low,Done
2254,Task 2254,Detailed description for task number 2254,Critical,Review
2255,Task 2255,Detailed description for task number 2255,High,Open
2256,Task 2256,Detailed description for task number 2256,Low,Review
2257,Task 2257,Detailed description for task number 2257,Critical,In Progress
2258,Task 2258,Detailed description for task number 2258,Medium,In Progress
2259,Task 2259,Detailed description for task number 2259,High,Done
2260,Task 2260,Detailed description for task number 2260,Low,Done
2261,Task 2261,Detailed description for task number 2261,Medium,In Progress
2262,Task 2262,Detailed description for task number 2262,Low,Open
2263,Task 2263,Detailed description for task number 2263,Critical,Done
2264,Task 2264,Detailed description for task number 2264,Low,Review
2265,Task 2265,Detailed description for task number 2265,Critical,In Progress
2266,Task 2266,Detailed description for task number 2266,High,Done
2267,Task 2267,Detailed description for task number 2267,Low,Done
2268,Task 2268,Detailed description for task number 2268,Critical,In Progress
2269,Task 2269,Detailed description for task number 2269,Low,Done
2270,Task 2270,Detailed description for task number 2270,Medium,Done
2271,Task 2271,Detailed description for task number 2271,High,Review
2272,Task 2272,Detailed description for task number 2272,Medium,Review
2273,Task 2273,Detailed description for task number 2273,Low,In Progress
2274,Task 2274,Detailed description for task number 2274,Medium,In Progress
2275,Task 2275,Detailed description for task number 2275,Medium,Review
2276,Task 2276,Detailed description for task number 2276,Critical,In Progress
2277,Task 2277,Detailed description for task number 2277,Low,In Progress
2278,Task 2278,Detailed description for task number 2278,Critical,In Progress
2279,Task 2279,Detailed description for task number 2279,High,Done
2280,,Missing title error,Unknown,Open
2281,Task 2281,Detailed description for task number 2281,Critical,In Progress
2282,Task 2282,Detailed description for task number 2282,Low,In Progress
2283,Task 2283,Detailed description for task number 2283,High,Review
2284,Task 2284,Detailed description for task number 2284,Critical,Open
2285,Task 2285,Detailed description for task number 2285,Low,In Progress
2286,Task 2286,Detailed description for task number 2286,Medium,Done
2287,Task 2287,Detailed description for task number 2287,Critical,Review
2288,Task 2288,Detailed description for task number 2288,Critical,Review
2289,Task 2289,Detailed description for task number 2289,High,Review
2290,Task 2290,Detailed description for task number 2290,High,Open
2291,Task 2291,Detailed description for task number 2291,Low,Done
2292,Task 2292,Detailed description for task number 2292,Low,Open
2293,Task 2293,Detailed description for task number 2293,Low,Open
2294,Task 2294,Detailed description for task number 2294,Medium,In Progress
2295,Task 2295,Detailed description for task number 2295,Low,Done
2296,Task 2296,Detailed description for task number 2296,High,Open
2297,,Missing title error,Unknown,Open
2298,Task 2298,Detailed description for task number 2298,Low,Open
2299,Task 2299,Detailed description for task number 2299,Critical,Review
2300,Task 2300,Detailed description for task number 2300,Low,Review
2301,Task 2301,Detailed description for task number 2301,High,Open
2302,Task 2302,Detailed description for task number 2302,Low,In Progress
2303,Task 2303,Detailed description for task number 2303,High,Done
2304,Task 2304,Detailed description for task number 2304,Critical,Open
2305,Task 2305,Detailed description for task number 2305,Medium,Review
2306,Task 2306,Detailed description for task number 2306,High,In Progress
2307,Task 2307,Detailed description for task number 2307,Medium,Open
2308,Task 2308,Detailed description for task number 2308,Low,Review
2309,Task 2309,Detailed description for task number 2309,Low,Done
2310,Task 2310,Detailed description for task number 2310,Critical,Done
2311,Task 2311,Detailed description for task number 2311,Low,Open
2312,Task 2312,Detailed description for task number 2312,Medium,Done
2313,Task 2313,Detailed description for task number 2313,High,In Progress
2314,Task 2314,Detailed description for task number 2314,Low,Done
2315,Task 2315,Detailed description for task number 2315,High,Open
2316,Task 2316,Detailed description for task number 2316,Critical,Review
2317,Task 2317,Detailed description for task number 2317,Critical,Done
2318,Task 2318,Detailed description for task number 2318,High,Open
2319,Task 2319,Detailed description for task number 2319,Medium,Open
2320,Task 2320,Detailed description for task number 2320,High,Review
2321,Task 2321,Detailed description for task number 2321,Medium,In Progress
2322,Task 2322,Detailed description for task number 2322,High,Open
2323,Task 2323,Detailed description for task number 2323,High,In Progress
2324,Task 2324,Detailed description for task number 2324,Critical,Done
2325,Task 2325,Detailed description for task number 2325,Low,Open
2326,Task 2326,Detailed description for task number 2326,Medium,In Progress
2327,Task 2327,Detailed description for task number 2327,Low,In Progress
2328,Task 2328,Detailed description for task number 2328,High,In Progress
2329,Task 2329,Detailed description for task number 2329,Medium,Review
2330,Task 2330,Detailed description for task number 2330,High,Review
2331,Task 2331,Detailed description for task number 2331,High,Done
2332,Task 2332,Detailed description for task number 2332,Low,Done
2333,Task 2333,Detailed description for task number 2333,Medium,In Progress
2334,Task 2334,Detailed description for task number 2334,High,Done
2335,Task 2335,Detailed description for task number 2335,High,Review
2336,Task 2336,Detailed description for task number 2336,Medium,Review
2337,Task 2337,Detailed description for task number 2337,Medium,Open
2338,Task 2338,Detailed description for task number 2338,High,Review
2339,Task 2339,Detailed description for task number 2339,Medium,Review
2340,Task 2340,Detailed description for task number 2340,Critical,Review
2341,Task 2341,Detailed description for task number 2341,Low,Review
2342,Task 2342,Detailed description for task number 2342,High,In Progress
2343,Task 2343,Detailed description for task number 2343,Medium,In Progress
2344,Task 2344,Detailed description for task number 2344,Medium,Open
2345,Task 2345,Detailed description for task number 2345,Medium,Done
2346,Task 2346,Detailed description for task number 2346,High,Done
2347,Task 2347,Detailed description for task number 2347,High,Open
2348,Task 2348,Detailed description for task number 2348,Low,Open
2349,Task 2349,Detailed description for task number 2349,Medium,Review
2350,Task 2350,Detailed description for task number 2350,Critical,Open
2351,Task 2351,Detailed description for task number 2351,Critical,Done
2352,Task 2352,Detailed description for task number 2352,High,In Progress
2353,Task 2353,Detailed description for task number 2353,Medium,Done
2354,Task 2354,Detailed description for task number 2354,Medium,Open
2355,Task 2355,Detailed description for task number 2355,Critical,In Progress
2356,Task 2356,Detailed description for task number 2356,Low,In Progress
2357,Task 2357,Detailed description for task number 2357,High,Review
2358,Task 2358,Detailed description for task number 2358,High,Done
2359,Task 2359,Detailed description for task number 2359,Medium,Review
2360,Task 2360,Detailed description for task number 2360,Low,Open
2361,Task 2361,Detailed description for task number 2361,High,Review
2362,Task 2362,Detailed description for task number 2362,Critical,Open
2363,Task 2363,Detailed description for task number 2363,High,Done
2364,Task 2364,Detailed description for task number 2364,Critical,In Progress
2365,Task 2365,Detailed description for task number 2365,Critical,Review
2366,Task 2366,Detailed description for task number 2366,Critical,In Progress
2367,Task 2367,Detailed description for task number 2367,Critical,Review
2368,Task 2368,Detailed description for task number 2368,Low,Review
2369,Task 2369,Detailed description for task number 2369,Critical,Done
2370,Task 2370,Detailed description for task number 2370,Critical,Review
2371,Task 2371,Detailed description for task number 2371,Medium,Review
2372,Task 2372,Detailed description for task number 2372,Low,Open
2373,Task 2373,Detailed description for task number 2373,Low,In Progress
2374,Task 2374,Detailed description for task number 2374,Critical,In Progress
2375,Task 2375,Detailed description for task number 2375,Low,Done
2376,Task 2376,Detailed description for task number 2376,Low,Review
2377,Task 2377,Detailed description for task number 2377,Low,Open
2378,Task 2378,Detailed description for task number 2378,Low,Open
2379,Task 2379,Detailed description for task number 2379,High,In Progress
2380,Task 2380,Detailed description for task number 2380,Critical,In Progress
2381,Task 2381,Detailed description for task number 2381,High,Done
2382,Task 2382,Detailed description for task number 2382,High,Open
2383,Task 2383,Detailed description for task number 2383,Medium,In Progress
2384,Task 2384,Detailed description for task number 2384,Low,Done
2385,Task 2385,Detailed description for task number 2385,Critical,Done
2386,Task 2386,Detailed description for task number 2386,Low,Open
2387,Task 2387,Detailed description for task number 2387,Critical,In Progress
2388,,Missing title error,Unknown,Open
2389,Task 2389,Detailed description for task number 2389,High,In Progress
2390,Task 2390,Detailed description for task number 2390,High,Done
2391,Task 2391,Detailed description for task number 2391,Critical,Done
2392,Task 2392,Detailed description for task number 2392,Critical,In Progress
2393,Task 2393,Detailed description for task number 2393,Low,Open
2394,Task 2394,Detailed description for task number 2394,High,In Progress
2395,Task 2395,Detailed description for task number 2395,Low,Open
2396,Task 2396,Detailed description for task number 2396,Medium,Open
2397,Task 2397,Detailed description for task number 2397,High,Review
2398,Task 2398,Detailed description for task number 2398,Low,Done
2399,Task 2399,Detailed description for task number 2399,Low,In Progress
2400,Task 2400,Detailed description for task number 2400,Medium,In Progress
2401,Task 2401,Detailed description for task number 2401,Critical,In Progress
2402,Task 2402,Detailed description for task number 2402,Medium,Open
2403,Task 2403,Detailed description for task number 2403,High,Done
2404,Task 2404,Detailed description for task number 2404,Low,Review
2405,Task 2405,Detailed description for task number 2405,Critical,Done
2406,Task 2406,Detailed description for task number 2406,Low,Open
2407,Task 2407,Detailed description for task number 2407,Critical,Open
2408,Task 2408,Detailed description for task number 2408,Critical,In Progress
2409,Task 2409,Detailed description for task number 2409,Critical,Done
2410,Task 2410,Detailed description for task number 2410,High,Open
2411,Task 2411,Detailed description for task number 2411,Low,In Progress
2412,Task 2412,Detailed description for task number 2412,Critical,Open
2413,Task 2413,Detailed description for task number 2413,High,Open
2414,Task 2414,Detailed description for task number 2414,Low,Review
2415,Task 2415,Detailed description for task number 2415,Medium,Done
2416,Task 2416,Detailed description for task number 2416,Critical,Done
2417,Task 2417,Detailed description for task number 2417,Critical,Open
2418,Task 2418,Detailed description for task number 2418,Low,Done
2419,Task 2419,Detailed description for task number 2419,Low,Review
2420,Task 2420,Detailed description for task number 2420,Medium,Review
2421,Task 2421,Detailed description for task number 2421,Medium,In Progress
2422,Task 2422,Detailed description for task number 2422,Low,Review
2423,Task 2423,Detailed description for task number 2423,High,Done
2424,Task 2424,Detailed description for task number 2424,Medium,Open
2425,Task 2425,Detailed description for task number 2425,Low,Open
2426,Task 2426,Detailed description for task number 2426,Critical,Review
2427,Task 2427,Detailed description for task number 2427,Medium,Done
2428,Task 2428,Detailed description for task number 2428,Low,Review
2429,Task 2429,Detailed description for task number 2429,High,Open
2430,Task 2430,Detailed description for task number 2430,High,Open
2431,Task 2431,Detailed description for task number 2431,Medium,Review
2432,Task 2432,Detailed description for task number 2432,High,Open
2433,Task 2433,Detailed description for task number 2433,Critical,Open
2434,Task 2434,Detailed description for task number 2434,Critical,Done
2435,Task 2435,Detailed description for task number 2435,Medium,Done
2436,Task 2436,Detailed description for task number 2436,High,Open
2437,Task 2437,Detailed description for task number 2437,Medium,In Progress
2438,Task 2438,Detailed description for task number 2438,High,In Progress
2439,Task 2439,Detailed description for task number 2439,Critical,Review
2440,Task 2440,Detailed description for task number 2440,High,In Progress
2441,Task 2441,Detailed description for task number 2441,Critical,Done
2442,Task 2442,Detailed description for task number 2442,Low,Review
2443,Task 2443,Detailed description for task number 2443,Low,In Progress
2444,Task 2444,Detailed description for task number 2444,Medium,Open
2445,Task 2445,Detailed description for task number 2445,Medium,In Progress
2446,Task 2446,Detailed description for task number 2446,Low,Review
2447,Task 2447,Detailed description for task number 2447,Low,Open
2448,Task 2448,Detailed description for task number 2448,Critical,In Progress
2449,Task 2449,Detailed description for task number 2449,Medium,In Progress
2450,Task 2450,Detailed description for task number 2450,High,Open
2451,Task 2451,Detailed description for task number 2451,Low,In Progress
2452,Task 2452,Detailed description for task number 2452,Medium,In Progress
2453,Task 2453,Detailed description for task number 2453,High,In Progress
2454,Task 2454,Detailed description for task number 2454,Critical,Review
2455,Task 2455,Detailed description for task number 2455,Medium,Done
2456,Task 2456,Detailed description for task number 2456,High,Done
2457,Task 2457,Detailed description for task number 2457,Medium,In Progress
2458,Task 2458,Detailed description for task number 2458,High,Open
2459,Task 2459,Detailed description for task number 2459,Low,Done
2460,Task 2460,Detailed description for task number 2460,Medium,Review
2461,Task 2461,Detailed description for task number 2461,Low,In Progress
2462,Task 2462,Detailed description for task number 2462,Low,Review
2463,Task 2463,Detailed description for task number 2463,Low,In Progress
2464,Task 2464,Detailed description for task number 2464,Low,Done
2465,Task 2465,Detailed description for task number 2465,Medium,Review
2466,Task 2466,Detailed description for task number 2466,Critical,Review
2467,Task 2467,Detailed description for task number 2467,Low,In Progress
2468,Task 2468,Detailed description for task number 2468,Medium,Done
2469,Task 2469,Detailed description for task number 2469,Critical,Open
2470,Task 2470,Detailed description for task number 2470,Critical,Open
2471,Task 2471,Detailed description for task number 2471,Low,Open
2472,Task 2472,Detailed description for task number 2472,High,Open
2473,Task 2473,Detailed description for task number 2473,Medium,Open
2474,Task 2474,Detailed description for task number 2474,Low,Open
2475,Task 2475,Detailed description for task number 2475,High,Open
2476,Task 2476,Detailed description for task number 2476,Critical,Done
2477,Task 2477,Detailed description for task number 2477,Critical,Review
2478,Task 2478,Detailed description for task number 2478,High,Review
2479,Task 2479,Detailed description for task number 2479,High,Done
2480,Task 2480,Detailed description for task number 2480,Medium,Done
2481,Task 2481,Detailed description for task number 2481,High,Done
2482,Task 2482,Detailed description for task number 2482,High,Review
2483,Task 2483,Detailed description for task number 2483,High,Review
2484,Task 2484,Detailed description for task number 2484,Critical,Review
2485,Task 2485,Detailed description for task number 2485,Low,Review
2486,Task 2486,Detailed description for task number 2486,Critical,Done
2487,Task 2487,Detailed description for task number 2487,Low,In Progress
2488,Task 2488,Detailed description for task number 2488,Critical,Done
2489,Task 2489,Detailed description for task number 2489,Medium,In Progress
2490,Task 2490,Detailed description for task number 2490,Medium,In Progress
2491,Task 2491,Detailed description for task number 2491,High,Review
2492,Task 2492,Detailed description for task number 2492,High,Done
2493,Task 2493,Detailed description for task number 2493,Medium,Done
2494,Task 2494,Detailed description for task number 2494,Low,Review
2495,Task 2495,Detailed description for task number 2495,Critical,Review
2496,Task 2496,Detailed description for task number 2496,Critical,Open
2497,Task 2497,Detailed description for task number 2497,Low,Done
2498,Task 2498,Detailed description for task number 2498,Critical,In Progress
2499,Task 2499,Detailed description for task number 2499,Low,Review
2500,Task 2500,Detailed description for task number 2500,High,Open
2501,Task 2501,Detailed description for task number 2501,Medium,In Progress
2502,Task 2502,Detailed description for task number 2502,Low,Done
2503,Task 2503,Detailed description for task number 2503,High,In Progress
2504,Task 2504,Detailed description for task number 2504,Medium,Done
2505,Task 2505,Detailed description for task number 2505,High,Review
2506,Task 2506,Detailed description for task number 2506,Medium,Open
2507,Task 2507,Detailed description for task number 2507,Critical,Open
2508,Task 2508,Detailed description for task number 2508,Medium,In Progress
2509,Task 2509,Detailed description for task number 2509,Medium,Done
2510,Task 2510,Detailed description for task number 2510,High,Review
2511,Task 2511,Detailed description for task number 2511,High,Done
2512,Task 2512,Detailed description for task number 2512,Critical,Done
2513,Task 2513,Detailed description for task number 2513,High,Done
2514,Task 2514,Detailed description for task number 2514,Medium,Open
2515,Task 2515,Detailed description for task number 2515,Critical,Review
2516,Task 2516,Detailed description for task number 2516,Critical,Done
2517,Task 2517,Detailed description for task number 2517,Critical,Done
2518,Task 2518,Detailed description for task number 2518,Critical,Review
2519,Task 2519,Detailed description for task number 2519,Medium,Open
2520,Task 2520,Detailed description for task number 2520,Low,Review
2521,Task 2521,Detailed description for task number 2521,Medium,Review
2522,Task 2522,Detailed description for task number 2522,Medium,Open
2523,Task 2523,Detailed description for task number 2523,Critical,Done
2524,Task 2524,Detailed description for task number 2524,High,Done
2525,Task 2525,Detailed description for task number 2525,High,Done
2526,Task 2526,Detailed description for task number 2526,Medium,In Progress
2527,Task 2527,Detailed description for task number 2527,Medium,Done
2528,Task 2528,Detailed description for task number 2528,Medium,Done
2529,Task 2529,Detailed description for task number 2529,Medium,In Progress
2530,Task 2530,Detailed description for task number 2530,High,In Progress
2531,Task 2531,Detailed description for task number 2531,Low,Open
2532,,Missing title error,Unknown,Open
2533,Task 2533,Detailed description for task number 2533,Critical,Done
2534,Task 2534,Detailed description for task number 2534,High,Review
2535,Task 2535,Detailed description for task number 2535,Medium,In Progress
2536,Task 2536,Detailed description for task number 2536,High,Done
2537,Task 2537,Detailed description for task number 2537,Medium,Review
2538,Task 2538,Detailed description for task number 2538,Critical,Review
2539,Task 2539,Detailed description for task number 2539,Critical,Open
2540,Task 2540,Detailed description for task number 2540,High,Done
2541,Task 2541,Detailed description for task number 2541,Medium,Open
2542,Task 2542,Detailed description for task number 2542,Medium,Review
2543,Task 2543,Detailed description for task number 2543,Critical,Open
2544,Task 2544,Detailed description for task number 2544,Critical,In Progress
2545,Task 2545,Detailed description for task number 2545,Low,Review
2546,Task 2546,Detailed description for task number 2546,High,Done
2547,Task 2547,Detailed description for task number 2547,Medium,In Progress
2548,Task 2548,Detailed description for task number 2548,High,In Progress
2549,Task 2549,Detailed description for task number 2549,High,Done
2550,Task 2550,Detailed description for task number 2550,Critical,Done
2551,Task 2551,Detailed description for task number 2551,Medium,In Progress
2552,Task 2552,Detailed description for task number 2552,High,Review
2553,Task 2553,Detailed description for task number 2553,Critical,In Progress
2554,Task 2554,Detailed description for task number 2554,Low,Done
2555,Task 2555,Detailed description for task number 2555,Low,Review
2556,Task 2556,Detailed description for task number 2556,Critical,In Progress
2557,Task 2557,Detailed description for task number 2557,Low,Done
2558,Task 2558,Detailed description for task number 2558,Low,In Progress
2559,Task 2559,Detailed description for task number 2559,High,In Progress
2560,Task 2560,Detailed description for task number 2560,Low,Open
2561,Task 2561,Detailed description for task number 2561,Medium,Done
2562,Task 2562,Detailed description for task number 2562,High,Open
2563,Task 2563,Detailed description for task number 2563,High,Open
2564,Task 2564,Detailed description for task number 2564,High,Review
2565,Task 2565,Detailed description for task number 2565,Low,In Progress
2566,Task 2566,Detailed description for task number 2566,Low,In Progress
2567,Task 2567,Detailed description for task number 2567,Low,Done
2568,Task 2568,Detailed description for task number 2568,Medium,In Progress
2569,Task 2569,Detailed description for task number 2569,High,Review
2570,Task 2570,Detailed description for task number 2570,Critical,Done
2571,Task 2571,Detailed description for task number 2571,High,In Progress
2572,Task 2572,Detailed description for task number 2572,Critical,In Progress
2573,Task 2573,Detailed description for task number 2573,Low,Done
2574,Task 2574,Detailed description for task number 2574,High,Review
2575,Task 2575,Detailed description for task number 2575,Critical,Review
2576,Task 2576,Detailed description for task number 2576,Low,Open
2577,Task 2577,Detailed description for task number 2577,Medium,Review
2578,Task 2578,Detailed description for task number 2578,Medium,Open
2579,Task 2579,Detailed description for task number 2579,Low,Done
2580,Task 2580,Detailed description for task number 2580,Low,Open
2581,Task 2581,Detailed description for task number 2581,High,In Progress
2582,Task 2582,Detailed description for task number 2582,Medium,Open
2583,Task 2583,Detailed description for task number 2583,Medium,Done
2584,Task 2584,Detailed description for task number 2584,Medium,Done
2585,Task 2585,Detailed description for task number 2585,Medium,Open
2586,Task 2586,Detailed description for task number 2586,High,Open
2587,Task 2587,Detailed description for task number 2587,Medium,Done
2588,Task 2588,Detailed description for task number 2588,Critical,In Progress
2589,Task 2589,Detailed description for task number 2589,Low,Done
2590,Task 2590,Detailed description for task number 2590,Critical,In Progress
2591,Task 2591,Detailed description for task number 2591,High,Done
2592,Task 2592,Detailed description for task number 2592,Medium,In Progress
2593,Task 2593,Detailed description for task number 2593,Medium,Done
2594,Task 2594,Detailed description for task number 2594,High,In Progress
2595,Task 2595,Detailed description for task number 2595,Medium,Done
2596,Task 2596,Detailed description for task number 2596,Medium,Done
2597,Task 2597,Detailed description for task number 2597,Low,Open
2598,Task 2598,Detailed description for task number 2598,High,Done
2599,Task 2599,Detailed description for task number 2599,High,Open
2600,Task 2600,Detailed description for task number 2600,Low,In Progress
2601,Task 2601,Detailed description for task number 2601,High,Done
2602,Task 2602,Detailed description for task number 2602,Critical,Open
2603,Task 2603,Detailed description for task number 2603,Critical,Review
2604,Task 2604,Detailed description for task number 2604,Critical,Done
2605,Task 2605,Detailed description for task number 2605,High,Review
2606,Task 2606,Detailed description for task number 2606,High,Open
2607,Task 2607,Detailed description for task number 2607,Low,Review
2608,Task 2608,Detailed description for task number 2608,Low,Open
2609,Task 2609,Detailed description for task number 2609,Low,In Progress
2610,Task 2610,Detailed description for task number 2610,Low,In Progress
2611,Task 2611,Detailed description for task number 2611,Critical,Done
2612,,Missing title error,Unknown,Open
2613,Task 2613,Detailed description for task number 2613,High,Open
2614,Task 2614,Detailed description for task number 2614,High,Done
2615,Task 2615,Detailed description for task number 2615,Medium,Open
2616,Task 2616,Detailed description for task number 2616,Medium,In Progress
2617,Task 2617,Detailed description for task number 2617,High,Review
2618,Task 2618,Detailed description for task number 2618,High,In Progress
2619,Task 2619,Detailed description for task number 2619,Medium,Review
2620,Task 2620,Detailed description for task number 2620,Low,Review
2621,Task 2621,Detailed description for task number 2621,Low,Open
2622,Task 2622,Detailed description for task number 2622,Critical,Review
2623,Task 2623,Detailed description for task number 2623,High,In Progress
2624,Task 2624,Detailed description for task number 2624,Medium,Done
2625,Task 2625,Detailed description for task number 2625,High,Done
2626,Task 2626,Detailed description for task number 2626,Critical,Open
2627,Task 2627,Detailed description for task number 2627,High,Open
2628,Task 2628,Detailed description for task number 2628,Medium,Open
2629,Task 2629,Detailed description for task number 2629,High,Review
2630,Task 2630,Detailed description for task number 2630,Medium,Done
2631,Task 2631,Detailed description for task number 2631,High,In Progress
2632,Task 2632,Detailed description for task number 2632,High,Review
2633,Task 2633,Detailed description for task number 2633,High,In Progress
2634,Task 2634,Detailed description for task number 2634,Low,In Progress
2635,Task 2635,Detailed description for task number 2635,Medium,Review
2636,Task 2636,Detailed description for task number 2636,Critical,Done
2637,Task 2637,Detailed description for task number 2637,Medium,Open
2638,Task 2638,Detailed description for task number 2638,Medium,In Progress
2639,Task 2639,Detailed description for task number 2639,Medium,Open
2640,Task 2640,Detailed description for task number 2640,Low,In Progress
2641,Task 2641,Detailed description for task number 2641,High,In Progress
2642,Task 2642,Detailed description for task number 2642,Critical,In Progress
2643,Task 2643,Detailed description for task number 2643,Medium,Done
2644,Task 2644,Detailed description for task number 2644,High,In Progress
2645,Task 2645,Detailed description for task number 2645,Medium,Done
2646,Task 2646,Detailed description for task number 2646,Critical,Review
2647,Task 2647,Detailed description for task number 2647,Critical,In Progress
2648,Task 2648,Detailed description for task number 2648,Critical,Review
2649,Task 2649,Detailed description for task number 2649,Critical,In Progress
2650,Task 2650,Detailed description for task number 2650,Medium,Open
2651,Task 2651,Detailed description for task number 2651,High,Review
2652,,Missing title error,Unknown,Open
2653,Task 2653,Detailed description for task number 2653,Low,Done
2654,Task 2654,Detailed description for task number 2654,Critical,In Progress
2655,Task 2655,Detailed description for task number 2655,Medium,In Progress
2656,Task 2656,Detailed description for task number 2656,Critical,Open
2657,Task 2657,Detailed description for task number 2657,High,Review
2658,Task 2658,Detailed description for task number 2658,Medium,Review
2659,Task 2659,Detailed description for task number 2659,Low,In Progress
2660,Task 2660,Detailed description for task number 2660,Critical,Open
2661,Task 2661,Detailed description for task number 2661,High,In Progress
2662,Task 2662,Detailed description for task number 2662,Critical,Review
2663,Task 2663,Detailed description for task number 2663,Critical,In Progress
2664,Task 2664,Detailed description for task number 2664,Critical,Review
2665,Task 2665,Detailed description for task number 2665,Low,Review
2666,Task 2666,Detailed description for task number 2666,Medium,In Progress
2667,Task 2667,Detailed description for task number 2667,High,In Progress
2668,Task 2668,Detailed description for task number 2668,Low,Open
2669,Task 2669,Detailed description for task number 2669,Medium,In Progress
2670,Task 2670,Detailed description for task number 2670,Critical,Open
2671,Task 2671,Detailed description for task number 2671,Medium,In Progress
2672,Task 2672,Detailed description for task number 2672,High,Done
2673,Task 2673,Detailed description for task number 2673,High,Review
2674,Task 2674,Detailed description for task number 2674,Medium,Done
2675,Task 2675,Detailed description for task number 2675,Critical,Open
2676,Task 2676,Detailed description for task number 2676,Medium,In Progress
2677,Task 2677,Detailed description for task number 2677,Critical,In Progress
2678,Task 2678,Detailed description for task number 2678,Critical,Done
2679,Task 2679,Detailed description for task number 2679,Critical,In Progress
2680,Task 2680,Detailed description for task number 2680,Critical,Open
2681,Task 2681,Detailed description for task number 2681,High,Done
2682,Task 2682,Detailed description for task number 2682,Critical,Done
2683,Task 2683,Detailed description for task number 2683,Critical,Done
2684,Task 2684,Detailed description for task number 2684,High,In Progress
2685,Task 2685,Detailed description for task number 2685,Low,Open
2686,Task 2686,Detailed description for task number 2686,Medium,Review
2687,Task 2687,Detailed description for task number 2687,Medium,In Progress
2688,Task 2688,Detailed description for task number 2688,Low,In Progress
2689,Task 2689,Detailed description for task number 2689,Critical,Review
2690,Task 2690,Detailed description for task number 2690,High,In Progress
2691,Task 2691,Detailed description for task number 2691,Medium,In Progress
2692,Task 2692,Detailed description for task number 2692,Low,Review
2693,Task 2693,Detailed description for task number 2693,Critical,Done
2694,Task 2694,Detailed description for task number 2694,Critical,Open
2695,Task 2695,Detailed description for task number 2695,Low,Done
2696,Task 2696,Detailed description for task number 2696,Low,In Progress
2697,Task 2697,Detailed description for task number 2697,Low,Review
2698,Task 2698,Detailed description for task number 2698,Critical,Review
2699,Task 2699,Detailed description for task number 2699,Critical,In Progress
2700,Task 2700,Detailed description for task number 2700,Medium,Done
2701,Task 2701,Detailed description for task number 2701,Low,Review
2702,Task 2702,Detailed description for task number 2702,Critical,Open
2703,Task 2703,Detailed description for task number 2703,Critical,In Progress
2704,Task 2704,Detailed description for task number 2704,Medium,In Progress
2705,Task 2705,Detailed description for task number 2705,Critical,Open
2706,Task 2706,Detailed description for task number 2706,Critical,Done
2707,Task 2707,Detailed description for task number 2707,Critical,Review
2708,Task 2708,Detailed description for task number 2708,Low,Review
2709,Task 2709,Detailed description for task number 2709,Medium,Open
2710,Task 2710,Detailed description for task number 2710,High,Done
2711,Task 2711,Detailed description for task number 2711,Medium,Done
2712,Task 2712,Detailed description for task number 2712,Low,Open
2713,Task 2713,Detailed description for task number 2713,High,Review
2714,Task 2714,Detailed description for task number 2714,Critical,Review
2715,Task 2715,Detailed description for task number 2715,High,Review
2716,Task 2716,Detailed description for task number 2716,Critical,Done
2717,Task 2717,Detailed description for task number 2717,Critical,In Progress
2718,Task 2718,Detailed description for task number 2718,High,In Progress
2719,Task 2719,Detailed description for task number 2719,High,Review
2720,Task 2720,Detailed description for task number 2720,Critical,Review
2721,Task 2721,Detailed description for task number 2721,Critical,Done
2722,Task 2722,Detailed description for task number 2722,High,Done
2723,Task 2723,Detailed description for task number 2723,Medium,Done
2724,Task 2724,Detailed description for task number 2724,Medium,In Progress
2725,Task 2725,Detailed description for task number 2725,High,Review
2726,Task 2726,Detailed description for task number 2726,Low,In Progress
2727,Task 2727,Detailed description for task number 2727,Critical,Open
2728,Task 2728,Detailed description for task number 2728,Low,Open
2729,Task 2729,Detailed description for task number 2729,Medium,In Progress
2730,Task 2730,Detailed description for task number 2730,Critical,In Progress
2731,Task 2731,Detailed description for task number 2731,Medium,Done
2732,Task 2732,Detailed description for task number 2732,Medium,In Progress
2733,Task 2733,Detailed description for task number 2733,Critical,Done
2734,Task 2734,Detailed description for task number 2734,Critical,Review
2735,Task 2735,Detailed description for task number 2735,Medium,Done
2736,Task 2736,Detailed description for task number 2736,Critical,Review
2737,Task 2737,Detailed description for task number 2737,High,Review
2738,Task 2738,Detailed description for task number 2738,Critical,In Progress
2739,Task 2739,Detailed description for task number 2739,Medium,Open
2740,Task 2740,Detailed description for task number 2740,Low,Open
2741,Task 2741,Detailed description for task number 2741,Critical,In Progress
2742,Task 2742,Detailed description for task number 2742,Critical,Review
2743,Task 2743,Detailed description for task number 2743,Critical,Open
2744,Task 2744,Detailed description for task number 2744,Medium,Review
2745,Task 2745,Detailed description for task number 2745,Medium,Open
2746,Task 2746,Detailed description for task number 2746,Medium,In Progress
2747,Task 2747,Detailed description for task number 2747,Medium,Open
2748,Task 2748,Detailed description for task number 2748,High,Done
2749,Task 2749,Detailed description for task number 2749,Low,In Progress
2750,Task 2750,Detailed description for task number 2750,High,In Progress
2751,Task 2751,Detailed description for task number 2751,Low,Done
2752,Task 2752,Detailed description for task number 2752,Medium,Review
2753,Task 2753,Detailed description for task number 2753,Critical,In Progress
2754,Task 2754,Detailed description for task number 2754,Low,Done
2755,Task 2755,Detailed description for task number 2755,Medium,In Progress
2756,Task 2756,Detailed description for task number 2756,High,Open
2757,Task 2757,Detailed description for task number 2757,Medium,In Progress
2758,Task 2758,Detailed description for task number 2758,Critical,In Progress
2759,Task 2759,Detailed description for task number 2759,Low,Open
2760,Task 2760,Detailed description for task number 2760,Critical,Done
2761,Task 2761,Detailed description for task number 2761,Critical,Review
2762,Task 2762,Detailed description for task number 2762,Medium,Open
2763,Task 2763,Detailed description for task number 2763,High,Review
2764,Task 2764,Detailed description for task number 2764,Low,Review
2765,Task 2765,Detailed description for task number 2765,High,In Progress
2766,Task 2766,Detailed description for task number 2766,Medium,Review
2767,Task 2767,Detailed description for task number 2767,Medium,Review
2768,Task 2768,Detailed description for task number 2768,Medium,Review
2769,Task 2769,Detailed description for task number 2769,High,Done
2770,Task 2770,Detailed description for task number 2770,High,Done
2771,Task 2771,Detailed description for task number 2771,High,Done
2772,Task 2772,Detailed description for task number 2772,Medium,Done
2773,Task 2773,Detailed description for task number 2773,Critical,Done
2774,,Missing title error,Unknown,Open
2775,Task 2775,Detailed description for task number 2775,High,Done
2776,Task 2776,Detailed description for task number 2776,High,Done
2777,Task 2777,Detailed description for task number 2777,Critical,In Progress
2778,Task 2778,Detailed description for task number 2778,Low,In Progress
2779,Task 2779,Detailed description for task number 2779,Critical,Open
2780,Task 2780,Detailed description for task number 2780,Critical,Done
2781,Task 2781,Detailed description for task number 2781,Low,Done
2782,Task 2782,Detailed description for task number 2782,Medium,Open
2783,Task 2783,Detailed description for task number 2783,Critical,Done
2784,Task 2784,Detailed description for task number 2784,Medium,In Progress
2785,Task 2785,Detailed description for task number 2785,Low,In Progress
2786,Task 2786,Detailed description for task number 2786,Low,Open
2787,Task 2787,Detailed description for task number 2787,Low,Review
2788,Task 2788,Detailed description for task number 2788,Medium,Done
2789,Task 2789,Detailed description for task number 2789,Critical,Done
2790,Task 2790,Detailed description for task number 2790,Low,Review
2791,Task 2791,Detailed description for task number 2791,Medium,Open
2792,Task 2792,Detailed description for task number 2792,Low,Done
2793,Task 2793,Detailed description for task number 2793,Low,Review
2794,Task 2794,Detailed description for task number 2794,Low,Done
2795,Task 2795,Detailed description for task number 2795,Critical,Open
2796,Task 2796,Detailed description for task number 2796,Medium,Open
2797,Task 2797,Detailed description for task number 2797,Medium,Open
2798,Task 2798,Detailed description for task number 2798,Critical,In Progress
2799,Task 2799,Detailed description for task number 2799,Low,Open
2800,Task 2800,Detailed description for task number 2800,Low,In Progress
2801,Task 2801,Detailed description for task number 2801,High,Open
2802,Task 2802,Detailed description for task number 2802,Low,In Progress
2803,Task 2803,Detailed description for task number 2803,Medium,Open
2804,Task 2804,Detailed description for task number 2804,Low,Open
2805,Task 2805,Detailed description for task number 2805,Low,In Progress
2806,Task 2806,Detailed description for task number 2806,High,Review
2807,Task 2807,Detailed description for task number 2807,High,In Progress
2808,Task 2808,Detailed description for task number 2808,High,Done
2809,Task 2809,Detailed description for task number 2809,Medium,In Progress
2810,Task 2810,Detailed description for task number 2810,High,Done
2811,Task 2811,Detailed description for task number 2811,High,Open
2812,Task 2812,Detailed description for task number 2812,High,In Progress
2813,Task 2813,Detailed description for task number 2813,Low,Done
2814,Task 2814,Detailed description for task number 2814,Critical,Open
2815,Task 2815,Detailed description for task number 2815,Low,In Progress
2816,Task 2816,Detailed description for task number 2816,High,Done
2817,Task 2817,Detailed description for task number 2817,Critical,Open
2818,Task 2818,Detailed description for task number 2818,High,In Progress
2819,Task 2819,Detailed description for task number 2819,Critical,Open
2820,Task 2820,Detailed description for task number 2820,Medium,Done
2821,Task 2821,Detailed description for task number 2821,High,Done
2822,Task 2822,Detailed description for task number 2822,Medium,Open
2823,Task 2823,Detailed description for task number 2823,Critical,Review
2824,Task 2824,Detailed description for task number 2824,High,Open
2825,Task 2825,Detailed description for task number 2825,Low,In Progress
2826,Task 2826,Detailed description for task number 2826,Critical,In Progress
2827,Task 2827,Detailed description for task number 2827,High,Open
2828,Task 2828,Detailed description for task number 2828,Medium,Done
2829,Task 2829,Detailed description for task number 2829,Low,Review
2830,Task 2830,Detailed description for task number 2830,Medium,Done
2831,Task 2831,Detailed description for task number 2831,Medium,Open
2832,Task 2832,Detailed description for task number 2832,Low,Done
2833,Task 2833,Detailed description for task number 2833,Critical,Review
2834,Task 2834,Detailed description for task number 2834,Low,Review
2835,Task 2835,Detailed description for task number 2835,Medium,In Progress
2836,Task 2836,Detailed description for task number 2836,Medium,Open
2837,Task 2837,Detailed description for task number 2837,Medium,Done
2838,Task 2838,Detailed description for task number 2838,High,Open
2839,Task 2839,Detailed description for task number 2839,Critical,Review
2840,Task 2840,Detailed description for task number 2840,Critical,In Progress
2841,Task 2841,Detailed description for task number 2841,High,Done
2842,Task 2842,Detailed description for task number 2842,High,Open
2843,Task 2843,Detailed description for task number 2843,Critical,In Progress
2844,Task 2844,Detailed description for task number 2844,Critical,In Progress
2845,Task 2845,Detailed description for task number 2845,Medium,Done
2846,Task 2846,Detailed description for task number 2846,High,Open
2847,Task 2847,Detailed description for task number 2847,Critical,Done
2848,Task 2848,Detailed description for task number 2848,Low,Done
2849,Task 2849,Detailed description for task number 2849,Critical,Review
2850,Task 2850,Detailed description for task number 2850,High,In Progress
2851,Task 2851,Detailed description for task number 2851,High,Open
2852,Task 2852,Detailed description for task number 2852,High,Open
2853,Task 2853,Detailed description for task number 2853,Low,Done
2854,Task 2854,Detailed description for task number 2854,Medium,In Progress
2855,Task 2855,Detailed description for task number 2855,Low,Done
2856,Task 2856,Detailed description for task number 2856,High,Review
2857,Task 2857,Detailed description for task number 2857,Medium,Done
2858,Task 2858,Detailed description for task number 2858,Critical,Open
2859,Task 2859,Detailed description for task number 2859,Low,Done
2860,Task 2860,Detailed description for task number 2860,High,In Progress
2861,Task 2861,Detailed description for task number 2861,High,In Progress
2862,Task 2862,Detailed description for task number 2862,Low,In Progress
2863,Task 2863,Detailed description for task number 2863,Medium,Review
2864,Task 2864,Detailed description for task number 2864,Medium,Done
2865,Task 2865,Detailed description for task number 2865,Low,Done
2866,Task 2866,Detailed description for task number 2866,Critical,Review
2867,Task 2867,Detailed description for task number 2867,Medium,Done
2868,Task 2868,Detailed description for task number 2868,Medium,Done
2869,Task 2869,Detailed description for task number 2869,High,In Progress
2870,Task 2870,Detailed description for task number 2870,High,Done
2871,Task 2871,Detailed description for task number 2871,Critical,In Progress
2872,Task 2872,Detailed description for task number 2872,Critical,In Progress
2873,Task 2873,Detailed description for task number 2873,High,In Progress
2874,Task 2874,Detailed description for task number 2874,High,Done
2875,Task 2875,Detailed description for task number 2875,High,In Progress
2876,Task 2876,Detailed description for task number 2876,High,Open
2877,Task 2877,Detailed description for task number 2877,Low,Done
2878,Task 2878,Detailed description for task number 2878,High,Open
2879,Task 2879,Detailed description for task number 2879,Critical,Open
2880,Task 2880,Detailed description for task number 2880,Critical,Open
2881,Task 2881,Detailed description for task number 2881,Low,Done
2882,Task 2882,Detailed description for task number 2882,Critical,Open
2883,Task 2883,Detailed description for task number 2883,Critical,Done
2884,Task 2884,Detailed description for task number 2884,Low,Review
2885,Task 2885,Detailed description for task number 2885,Medium,Review
2886,Task 2886,Detailed description for task number 2886,Medium,Review
2887,Task 2887,Detailed description for task number 2887,Critical,Done
2888,Task 2888,Detailed description for task number 2888,Medium,Done
2889,Task 2889,Detailed description for task number 2889,Low,Done
2890,Task 2890,Detailed description for task number 2890,Low,Review
2891,Task 2891,Detailed description for task number 2891,Critical,Done
2892,Task 2892,Detailed description for task number 2892,Critical,Open
2893,Task 2893,Detailed description for task number 2893,High,Open
2894,Task 2894,Detailed description for task number 2894,Medium,Done
2895,Task 2895,Detailed description for task number 2895,Critical,Done
2896,Task 2896,Detailed description for task number 2896,Low,Open
2897,Task 2897,Detailed description for task number 2897,High,Done
2898,Task 2898,Detailed description for task number 2898,Medium,In Progress
2899,Task 2899,Detailed description for task number 2899,High,Review
2900,Task 2900,Detailed description for task number 2900,Critical,Review
2901,Task 2901,Detailed description for task number 2901,High,In Progress
2902,Task 2902,Detailed description for task number 2902,Critical,In Progress
2903,Task 2903,Detailed description for task number 2903,Medium,Open
2904,Task 2904,Detailed description for task number 2904,Low,Open
2905,Task 2905,Detailed description for task number 2905,Low,Review
2906,Task 2906,Detailed description for task number 2906,Critical,Review
2907,Task 2907,Detailed description for task number 2907,Low,Done
2908,Task 2908,Detailed description for task number 2908,Low,Review
2909,Task 2909,Detailed description for task number 2909,High,In Progress
2910,Task 2910,Detailed description for task number 2910,Medium,In Progress
2911,Task 2911,Detailed description for task number 2911,Medium,Done
2912,Task 2912,Detailed description for task number 2912,High,Review
2913,Task 2913,Detailed description for task number 2913,High,Done
2914,,Missing title error,Unknown,Open
2915,Task 2915,Detailed description for task number 2915,Medium,Open
2916,Task 2916,Detailed description for task number 2916,Medium,Open
2917,Task 2917,Detailed description for task number 2917,Critical,Done
2918,Task 2918,Detailed description for task number 2918,Low,In Progress
2919,Task 2919,Detailed description for task number 2919,Critical,Review
2920,Task 2920,Detailed description for task number 2920,Medium,Done
2921,Task 2921,Detailed description for task number 2921,Medium,Review
2922,Task 2922,Detailed description for task number 2922,Critical,In Progress
2923,Task 2923,Detailed description for task number 2923,Medium,Done
2924,Task 2924,Detailed description for task number 2924,Medium,Open
2925,Task 2925,Detailed description for task number 2925,Medium,Done
2926,Task 2926,Detailed description for task number 2926,Low,Done
2927,Task 2927,Detailed description for task number 2927,Critical,Review
2928,Task 2928,Detailed description for task number 2928,Low,In Progress
2929,Task 2929,Detailed description for task number 2929,High,Done
2930,Task 2930,Detailed description for task number 2930,Low,Review
2931,Task 2931,Detailed description for task number 2931,Critical,In Progress
2932,Task 2932,Detailed description for task number 2932,Low,Review
2933,Task 2933,Detailed description for task number 2933,High,In Progress
2934,Task 2934,Detailed description for task number 2934,Low,In Progress
2935,Task 2935,Detailed description for task number 2935,High,Done
2936,Task 2936,Detailed description for task number 2936,Medium,In Progress
2937,Task 2937,Detailed description for task number 2937,High,Done
2938,Task 2938,Detailed description for task number 2938,High,In Progress
2939,Task 2939,Detailed description for task number 2939,High,Done
2940,Task 2940,Detailed description for task number 2940,Medium,In Progress
2941,,Missing title error,Unknown,Open
2942,Task 2942,Detailed description for task number 2942,Low,Done
2943,Task 2943,Detailed description for task number 2943,Low,Open
2944,Task 2944,Detailed description for task number 2944,Medium,In Progress
2945,Task 2945,Detailed description for task number 2945,High,Done
2946,Task 2946,Detailed description for task number 2946,Critical,Done
2947,Task 2947,Detailed description for task number 2947,Medium,In Progress
2948,Task 2948,Detailed description for task number 2948,Critical,Done
2949,Task 2949,Detailed description for task number 2949,Medium,In Progress
2950,Task 2950,Detailed description for task number 2950,High,Done
2951,Task 2951,Detailed description for task number 2951,Critical,Open
2952,Task 2952,Detailed description for task number 2952,High,Done
2953,Task 2953,Detailed description for task number 2953,Critical,Done
2954,Task 2954,Detailed description for task number 2954,Critical,Done
2955,Task 2955,Detailed description for task number 2955,Medium,Review
2956,Task 2956,Detailed description for task number 2956,High,In Progress
2957,Task 2957,Detailed description for task number 2957,Low,In Progress
2958,Task 2958,Detailed description for task number 2958,Medium,In Progress
2959,Task 2959,Detailed description for task number 2959,High,Done
2960,Task 2960,Detailed description for task number 2960,High,Open
2961,Task 2961,Detailed description for task number 2961,Low,Review
2962,Task 2962,Detailed description for task number 2962,Low,Open
2963,Task 2963,Detailed description for task number 2963,Critical,Review
2964,Task 2964,Detailed description for task number 2964,Medium,Open
2965,Task 2965,Detailed description for task number 2965,Low,Review
2966,Task 2966,Detailed description for task number 2966,Low,Done
2967,Task 2967,Detailed description for task number 2967,Medium,In Progress
2968,Task 2968,Detailed description for task number 2968,Critical,Review
2969,Task 2969,Detailed description for task number 2969,Medium,Done
2970,Task 2970,Detailed description for task number 2970,Critical,Done
2971,Task 2971,Detailed description for task number 2971,Low,Review
2972,Task 2972,Detailed description for task number 2972,Low,Review
2973,Task 2973,Detailed description for task number 2973,High,Review
2974,Task 2974,Detailed description for task number 2974,High,Review
2975,Task 2975,Detailed description for task number 2975,Critical,Review
2976,Task 2976,Detailed description for task number 2976,Low,Open
2977,Task 2977,Detailed description for task number 2977,Critical,Done
2978,Task 2978,Detailed description for task number 2978,High,In Progress
2979,Task 2979,Detailed description for task number 2979,High,Done
2980,Task 2980,Detailed description for task number 2980,Low,In Progress
2981,Task 2981,Detailed description for task number 2981,Low,Review
2982,Task 2982,Detailed description for task number 2982,Medium,Done
2983,Task 2983,Detailed description for task number 2983,Low,Done
2984,Task 2984,Detailed description for task number 2984,Low,In Progress
2985,Task 2985,Detailed description for task number 2985,High,Open
2986,Task 2986,Detailed description for task number 2986,Critical,In Progress
2987,Task 2987,Detailed description for task number 2987,High,In Progress
2988,Task 2988,Detailed description for task number 2988,Low,Done
2989,Task 2989,Detailed description for task number 2989,High,Review
2990,Task 2990,Detailed description for task number 2990,Low,In Progress
2991,Task 2991,Detailed description for task number 2991,Critical,Done
2992,Task 2992,Detailed description for task number 2992,Medium,In Progress
2993,Task 2993,Detailed description for task number 2993,Critical,Review
2994,Task 2994,Detailed description for task number 2994,Low,In Progress
2995,Task 2995,Detailed description for task number 2995,Critical,Done
2996,Task 2996,Detailed description for task number 2996,Critical,Done
2997,Task 2997,Detailed description for task number 2997,High,Open
2998,Task 2998,Detailed description for task number 2998,Medium,Done
2999,Task 2999,Detailed description for task number 2999,Critical,In Progress
3000,Task 3000,Detailed description for task number 3000,Medium,Open
3001,Task 3001,Detailed description for task number 3001,Critical,Done
3002,Task 3002,Detailed description for task number 3002,Medium,Open
3003,Task 3003,Detailed description for task number 3003,High,Open
3004,Task 3004,Detailed description for task number 3004,Low,Done
3005,Task 3005,Detailed description for task number 3005,High,Review
3006,Task 3006,Detailed description for task number 3006,High,Done
3007,Task 3007,Detailed description for task number 3007,Critical,In Progress
3008,Task 3008,Detailed description for task number 3008,Medium,Done
3009,Task 3009,Detailed description for task number 3009,Medium,Open
3010,Task 3010,Detailed description for task number 3010,Medium,In Progress
3011,Task 3011,Detailed description for task number 3011,Medium,Open
3012,Task 3012,Detailed description for task number 3012,Critical,Review
3013,Task 3013,Detailed description for task number 3013,Critical,In Progress
3014,Task 3014,Detailed description for task number 3014,High,Open
3015,Task 3015,Detailed description for task number 3015,High,Done
3016,,Missing title error,Unknown,Open
3017,Task 3017,Detailed description for task number 3017,Critical,In Progress
3018,Task 3018,Detailed description for task number 3018,Medium,Open
3019,Task 3019,Detailed description for task number 3019,Critical,Open
3020,Task 3020,Detailed description for task number 3020,Critical,In Progress
3021,Task 3021,Detailed description for task number 3021,High,Review
3022,Task 3022,Detailed description for task number 3022,High,Open
3023,Task 3023,Detailed description for task number 3023,Critical,Open
3024,Task 3024,Detailed description for task number 3024,Medium,Done
3025,Task 3025,Detailed description for task number 3025,Low,Open
3026,Task 3026,Detailed description for task number 3026,Critical,In Progress
3027,Task 3027,Detailed description for task number 3027,Low,Open
3028,Task 3028,Detailed description for task number 3028,Medium,Open
3029,Task 3029,Detailed description for task number 3029,High,Done
3030,Task 3030,Detailed description for task number 3030,Critical,Open
3031,Task 3031,Detailed description for task number 3031,High,In Progress
3032,Task 3032,Detailed description for task number 3032,Critical,Open
3033,Task 3033,Detailed description for task number 3033,Medium,Review
3034,Task 3034,Detailed description for task number 3034,Low,In Progress
3035,Task 3035,Detailed description for task number 3035,Medium,Review
3036,Task 3036,Detailed description for task number 3036,Medium,In Progress
3037,Task 3037,Detailed description for task number 3037,High,Open
3038,Task 3038,Detailed description for task number 3038,Low,Open
3039,Task 3039,Detailed description for task number 3039,Critical,Review
3040,Task 3040,Detailed description for task number 3040,High,Done
3041,Task 3041,Detailed description for task number 3041,High,Done
3042,Task 3042,Detailed description for task number 3042,High,Review
3043,Task 3043,Detailed description for task number 3043,Medium,In Progress
3044,Task 3044,Detailed description for task number 3044,Critical,Open
3045,Task 3045,Detailed description for task number 3045,Critical,In Progress
3046,Task 3046,Detailed description for task number 3046,High,Done
3047,Task 3047,Detailed description for task number 3047,Low,Review
3048,Task 3048,Detailed description for task number 3048,Critical,Open
3049,Task 3049,Detailed description for task number 3049,High,In Progress
3050,Task 3050,Detailed description for task number 3050,Critical,In Progress
3051,Task 3051,Detailed description for task number 3051,Medium,Done
3052,Task 3052,Detailed description for task number 3052,Critical,Open
3053,Task 3053,Detailed description for task number 3053,Low,Done
3054,Task 3054,Detailed description for task number 3054,Medium,In Progress
3055,Task 3055,Detailed description for task number 3055,High,Done
3056,Task 3056,Detailed description for task number 3056,High,Done
3057,Task 3057,Detailed description for task number 3057,Medium,Review
3058,Task 3058,Detailed description for task number 3058,Low,Review
3059,Task 3059,Detailed description for task number 3059,Medium,Open
3060,Task 3060,Detailed description for task number 3060,Medium,Done
3061,Task 3061,Detailed description for task number 3061,Critical,Open
3062,Task 3062,Detailed description for task number 3062,Low,Review
3063,Task 3063,Detailed description for task number 3063,Low,Open
3064,Task 3064,Detailed description for task number 3064,Critical,Review
3065,Task 3065,Detailed description for task number 3065,High,In Progress
3066,Task 3066,Detailed description for task number 3066,Low,Open
3067,,Missing title error,Unknown,Open
3068,Task 3068,Detailed description for task number 3068,Critical,Open
3069,Task 3069,Detailed description for task number 3069,Medium,Done
3070,Task 3070,Detailed description for task number 3070,Medium,Done
3071,Task 3071,Detailed description for task number 3071,High,Done
3072,Task 3072,Detailed description for task number 3072,High,Open
3073,Task 3073,Detailed description for task number 3073,High,Open
3074,Task 3074,Detailed description for task number 3074,Low,In Progress
3075,Task 3075,Detailed description for task number 3075,Medium,Review
3076,Task 3076,Detailed description for task number 3076,Low,Done
3077,Task 3077,Detailed description for task number 3077,Critical,In Progress
3078,Task 3078,Detailed description for task number 3078,Medium,In Progress
3079,Task 3079,Detailed description for task number 3079,Low,Done
3080,Task 3080,Detailed description for task number 3080,Low,In Progress
3081,Task 3081,Detailed description for task number 3081,Critical,Review
3082,Task 3082,Detailed description for task number 3082,Critical,Review
3083,Task 3083,Detailed description for task number 3083,High,In Progress
3084,Task 3084,Detailed description for task number 3084,Critical,Done
3085,Task 3085,Detailed description for task number 3085,Medium,Done
3086,Task 3086,Detailed description for task number 3086,Medium,Open
3087,Task 3087,Detailed description for task number 3087,Medium,Done
3088,Task 3088,Detailed description for task number 3088,Critical,In Progress
3089,Task 3089,Detailed description for task number 3089,Critical,Done
3090,Task 3090,Detailed description for task number 3090,High,Done
3091,Task 3091,Detailed description for task number 3091,Critical,Open
3092,Task 3092,Detailed description for task number 3092,Medium,Review
3093,Task 3093,Detailed description for task number 3093,Low,In Progress
3094,Task 3094,Detailed description for task number 3094,Low,Open
3095,Task 3095,Detailed description for task number 3095,Medium,Review
3096,Task 3096,Detailed description for task number 3096,Low,Done
3097,Task 3097,Detailed description for task number 3097,Critical,Open
3098,Task 3098,Detailed description for task number 3098,Medium,Done
3099,Task 3099,Detailed description for task number 3099,Medium,Done
3100,Task 3100,Detailed description for task number 3100,Critical,Open
3101,Task 3101,Detailed description for task number 3101,High,Done
3102,Task 3102,Detailed description for task number 3102,Medium,Done
3103,Task 3103,Detailed description for task number 3103,Low,Done
3104,Task 3104,Detailed description for task number 3104,Medium,Review
3105,Task 3105,Detailed description for task number 3105,Medium,Open
3106,Task 3106,Detailed description for task number 3106,Medium,In Progress
3107,Task 3107,Detailed description for task number 3107,Low,Review
3108,Task 3108,Detailed description for task number 3108,Medium,Open
3109,Task 3109,Detailed description for task number 3109,Critical,In Progress
3110,Task 3110,Detailed description for task number 3110,Medium,Review
3111,Task 3111,Detailed description for task number 3111,Medium,In Progress
3112,Task 3112,Detailed description for task number 3112,Critical,Done
3113,Task 3113,Detailed description for task number 3113,Medium,Done
3114,Task 3114,Detailed description for task number 3114,High,Review
3115,Task 3115,Detailed description for task number 3115,Low,Done
3116,Task 3116,Detailed description for task number 3116,Medium,Review
3117,Task 3117,Detailed description for task number 3117,High,In Progress
3118,Task 3118,Detailed description for task number 3118,Critical,In Progress
3119,Task 3119,Detailed description for task number 3119,Medium,Open
3120,Task 3120,Detailed description for task number 3120,Low,In Progress
3121,Task 3121,Detailed description for task number 3121,Medium,Review
3122,Task 3122,Detailed description for task number 3122,Medium,Open
3123,Task 3123,Detailed description for task number 3123,Low,Review
3124,Task 3124,Detailed description for task number 3124,Low,Done
3125,Task 3125,Detailed description for task number 3125,Low,In Progress
3126,Task 3126,Detailed description for task number 3126,High,In Progress
3127,Task 3127,Detailed description for task number 3127,Medium,Open
3128,Task 3128,Detailed description for task number 3128,Medium,In Progress
3129,Task 3129,Detailed description for task number 3129,Medium,Open
3130,Task 3130,Detailed description for task number 3130,Low,In Progress
3131,Task 3131,Detailed description for task number 3131,High,Open
3132,Task 3132,Detailed description for task number 3132,Medium,In Progress
3133,Task 3133,Detailed description for task number 3133,High,Review
3134,Task 3134,Detailed description for task number 3134,Medium,Done
3135,Task 3135,Detailed description for task number 3135,High,Done
3136,Task 3136,Detailed description for task number 3136,High,Review
3137,Task 3137,Detailed description for task number 3137,Low,Open
3138,Task 3138,Detailed description for task number 3138,Low,Done
3139,Task 3139,Detailed description for task number 3139,Low,Review
3140,Task 3140,Detailed description for task number 3140,Medium,Review
3141,Task 3141,Detailed description for task number 3141,High,Open
3142,Task 3142,Detailed description for task number 3142,Medium,Open
3143,Task 3143,Detailed description for task number 3143,High,Review
3144,Task 3144,Detailed description for task number 3144,Medium,Open
3145,Task 3145,Detailed description for task number 3145,High,Review
3146,Task 3146,Detailed description for task number 3146,Low,Review
3147,Task 3147,Detailed description for task number 3147,High,Open
3148,Task 3148,Detailed description for task number 3148,Medium,Done
3149,Task 3149,Detailed description for task number 3149,High,Open
3150,Task 3150,Detailed description for task number 3150,Low,In Progress
3151,Task 3151,Detailed description for task number 3151,Low,Open
3152,Task 3152,Detailed description for task number 3152,High,Open
3153,Task 3153,Detailed description for task number 3153,Low,Review
3154,Task 3154,Detailed description for task number 3154,Low,Open
3155,Task 3155,Detailed description for task number 3155,High,Review
3156,Task 3156,Detailed description for task number 3156,Low,In Progress
3157,Task 3157,Detailed description for task number 3157,Low,In Progress
3158,Task 3158,Detailed description for task number 3158,Medium,Open
3159,Task 3159,Detailed description for task number 3159,Low,In Progress
3160,Task 3160,Detailed description for task number 3160,High,Done
3161,Task 3161,Detailed description for task number 3161,Critical,Open
3162,Task 3162,Detailed description for task number 3162,Low,In Progress
3163,Task 3163,Detailed description for task number 3163,Low,Open
3164,Task 3164,Detailed description for task number 3164,Medium,In Progress
3165,Task 3165,Detailed description for task number 3165,Low,Open
3166,Task 3166,Detailed description for task number 3166,High,In Progress
3167,Task 3167,Detailed description for task number 3167,Low,In Progress
3168,Task 3168,Detailed description for task number 3168,Medium,Review
3169,Task 3169,Detailed description for task number 3169,High,Open
3170,Task 3170,Detailed description for task number 3170,Critical,Done
3171,,Missing title error,Unknown,Open
3172,Task 3172,Detailed description for task number 3172,Critical,Review
3173,Task 3173,Detailed description for task number 3173,Medium,Open
3174,Task 3174,Detailed description for task number 3174,High,Done
3175,Task 3175,Detailed description for task number 3175,High,Done
3176,Task 3176,Detailed description for task number 3176,Critical,In Progress
3177,Task 3177,Detailed description for task number 3177,High,Done
3178,Task 3178,Detailed description for task number 3178,Critical,Review
3179,Task 3179,Detailed description for task number 3179,High,Open
3180,Task 3180,Detailed description for task number 3180,Critical,Done
3181,Task 3181,Detailed description for task number 3181,Critical,Review
3182,Task 3182,Detailed description for task number 3182,High,Done
3183,Task 3183,Detailed description for task number 3183,Medium,In Progress
3184,Task 3184,Detailed description for task number 3184,Low,Done
3185,Task 3185,Detailed description for task number 3185,Critical,Review
3186,Task 3186,Detailed description for task number 3186,High,Open
3187,Task 3187,Detailed description for task number 3187,Critical,Open
3188,Task 3188,Detailed description for task number 3188,Medium,In Progress
3189,Task 3189,Detailed description for task number 3189,Critical,Done
3190,Task 3190,Detailed description for task number 3190,Low,Done
3191,Task 3191,Detailed description for task number 3191,Low,In Progress
3192,Task 3192,Detailed description for task number 3192,Medium,Review
3193,Task 3193,Detailed description for task number 3193,Critical,Open
3194,Task 3194,Detailed description for task number 3194,Critical,Done
3195,Task 3195,Detailed description for task number 3195,Medium,Review
3196,Task 3196,Detailed description for task number 3196,Low,In Progress
3197,Task 3197,Detailed description for task number 3197,Low,Done
3198,Task 3198,Detailed description for task number 3198,High,Review
3199,Task 3199,Detailed description for task number 3199,Critical,In Progress
3200,Task 3200,Detailed description for task number 3200,Medium,In Progress
3201,Task 3201,Detailed description for task number 3201,Low,Done
3202,Task 3202,Detailed description for task number 3202,Critical,Done
3203,Task 3203,Detailed description for task number 3203,Low,Review
3204,Task 3204,Detailed description for task number 3204,Low,Review
3205,Task 3205,Detailed description for task number 3205,Medium,In Progress
3206,Task 3206,Detailed description for task number 3206,High,Open
3207,Task 3207,Detailed description for task number 3207,Medium,Open
3208,Task 3208,Detailed description for task number 3208,Low,In Progress
3209,Task 3209,Detailed description for task number 3209,High,Done
3210,Task 3210,Detailed description for task number 3210,Low,Open
3211,Task 3211,Detailed description for task number 3211,High,Open
3212,Task 3212,Detailed description for task number 3212,Medium,Done
3213,Task 3213,Detailed description for task number 3213,Medium,Open
3214,Task 3214,Detailed description for task number 3214,Low,Done
3215,Task 3215,Detailed description for task number 3215,High,Open
3216,Task 3216,Detailed description for task number 3216,High,Open
3217,Task 3217,Detailed description for task number 3217,Medium,In Progress
3218,Task 3218,Detailed description for task number 3218,Low,Done
3219,Task 3219,Detailed description for task number 3219,High,Done
3220,Task 3220,Detailed description for task number 3220,High,Done
3221,Task 3221,Detailed description for task number 3221,Critical,Review
3222,Task 3222,Detailed description for task number 3222,High,Open
3223,Task 3223,Detailed description for task number 3223,High,In Progress
3224,Task 3224,Detailed description for task number 3224,Low,Done
3225,Task 3225,Detailed description for task number 3225,Medium,Review
3226,Task 3226,Detailed description for task number 3226,High,Review
3227,Task 3227,Detailed description for task number 3227,Medium,Review
3228,Task 3228,Detailed description for task number 3228,Critical,Review
3229,Task 3229,Detailed description for task number 3229,Critical,Open
3230,Task 3230,Detailed description for task number 3230,Medium,In Progress
3231,Task 3231,Detailed description for task number 3231,Low,In Progress
3232,Task 3232,Detailed description for task number 3232,Medium,Review
3233,Task 3233,Detailed description for task number 3233,Critical,Review
3234,Task 3234,Detailed description for task number 3234,Critical,In Progress
3235,Task 3235,Detailed description for task number 3235,Critical,Review
3236,Task 3236,Detailed description for task number 3236,Low,Done
3237,Task 3237,Detailed description for task number 3237,Critical,Open
3238,Task 3238,Detailed description for task number 3238,Low,In Progress
3239,Task 3239,Detailed description for task number 3239,Medium,Review
3240,Task 3240,Detailed description for task number 3240,High,Done
3241,Task 3241,Detailed description for task number 3241,Critical,In Progress
3242,Task 3242,Detailed description for task number 3242,Medium,In Progress
3243,Task 3243,Detailed description for task number 3243,Medium,Review
3244,Task 3244,Detailed description for task number 3244,Medium,In Progress
3245,Task 3245,Detailed description for task number 3245,Critical,In Progress
3246,Task 3246,Detailed description for task number 3246,Critical,Done
3247,Task 3247,Detailed description for task number 3247,Low,Review
3248,Task 3248,Detailed description for task number 3248,High,Open
3249,Task 3249,Detailed description for task number 3249,Low,Open
3250,Task 3250,Detailed description for task number 3250,Medium,Review
3251,Task 3251,Detailed description for task number 3251,Medium,Review
3252,Task 3252,Detailed description for task number 3252,Critical,Open
3253,Task 3253,Detailed description for task number 3253,Medium,Done
3254,Task 3254,Detailed description for task number 3254,Low,Done
3255,Task 3255,Detailed description for task number 3255,Critical,Open
3256,Task 3256,Detailed description for task number 3256,High,Done
3257,Task 3257,Detailed description for task number 3257,Low,Open
3258,Task 3258,Detailed description for task number 3258,High,Open
3259,Task 3259,Detailed description for task number 3259,Low,In Progress
3260,Task 3260,Detailed description for task number 3260,Medium,Review
3261,Task 3261,Detailed description for task number 3261,Critical,In Progress
3262,Task 3262,Detailed description for task number 3262,Critical,Review
3263,Task 3263,Detailed description for task number 3263,High,In Progress
3264,Task 3264,Detailed description for task number 3264,Medium,Done
3265,Task 3265,Detailed description for task number 3265,Medium,In Progress
3266,Task 3266,Detailed description for task number 3266,Medium,In Progress
3267,Task 3267,Detailed description for task number 3267,Medium,Open
3268,Task 3268,Detailed description for task number 3268,Critical,In Progress
3269,Task 3269,Detailed description for task number 3269,High,In Progress
3270,Task 3270,Detailed description for task number 3270,High,In Progress
3271,Task 3271,Detailed description for task number 3271,High,Done
3272,Task 3272,Detailed description for task number 3272,Low,Review
3273,Task 3273,Detailed description for task number 3273,Medium,Open
3274,Task 3274,Detailed description for task number 3274,Critical,Open
3275,Task 3275,Detailed description for task number 3275,Critical,Open
3276,Task 3276,Detailed description for task number 3276,Low,Review
3277,Task 3277,Detailed description for task number 3277,Medium,Review
3278,Task 3278,Detailed description for task number 3278,Critical,Done
3279,Task 3279,Detailed description for task number 3279,Critical,Open
3280,Task 3280,Detailed description for task number 3280,High,Open
3281,Task 3281,Detailed description for task number 3281,Medium,Done
3282,Task 3282,Detailed description for task number 3282,Critical,Review
3283,Task 3283,Detailed description for task number 3283,Critical,Open
3284,Task 3284,Detailed description for task number 3284,High,Open
3285,Task 3285,Detailed description for task number 3285,Medium,Review
3286,Task 3286,Detailed description for task number 3286,Medium,Done
3287,Task 3287,Detailed description for task number 3287,High,Open
3288,Task 3288,Detailed description for task number 3288,High,In Progress
3289,Task 3289,Detailed description for task number 3289,Critical,Open
3290,Task 3290,Detailed description for task number 3290,Low,Open
3291,Task 3291,Detailed description for task number 3291,High,Review
3292,Task 3292,Detailed description for task number 3292,High,Open
3293,Task 3293,Detailed description for task number 3293,Medium,Done
3294,Task 3294,Detailed description for task number 3294,High,Review
3295,Task 3295,Detailed description for task number 3295,Critical,In Progress
3296,Task 3296,Detailed description for task number 3296,Critical,Review
3297,Task 3297,Detailed description for task number 3297,Low,Review
3298,Task 3298,Detailed description for task number 3298,Low,Review
3299,Task 3299,Detailed description for task number 3299,High,Done
3300,Task 3300,Detailed description for task number 3300,Medium,In Progress
3301,Task 3301,Detailed description for task number 3301,Medium,Done
3302,Task 3302,Detailed description for task number 3302,High,Open
3303,Task 3303,Detailed description for task number 3303,Critical,Review
3304,Task 3304,Detailed description for task number 3304,Low,In Progress
3305,Task 3305,Detailed description for task number 3305,Medium,Done
3306,Task 3306,Detailed description for task number 3306,Low,Open
3307,Task 3307,Detailed description for task number 3307,High,Open
3308,Task 3308,Detailed description for task number 3308,Medium,Review
3309,Task 3309,Detailed description for task number 3309,Low,In Progress
3310,Task 3310,Detailed description for task number 3310,Low,Open
3311,Task 3311,Detailed description for task number 3311,High,Review
3312,Task 3312,Detailed description for task number 3312,Low,Review
3313,Task 3313,Detailed description for task number 3313,Medium,Done
3314,Task 3314,Detailed description for task number 3314,Low,Review
3315,Task 3315,Detailed description for task number 3315,Critical,Review
3316,Task 3316,Detailed description for task number 3316,Medium,Review
3317,Task 3317,Detailed description for task number 3317,High,Open
3318,Task 3318,Detailed description for task number 3318,Medium,In Progress
3319,Task 3319,Detailed description for task number 3319,Medium,Done
3320,Task 3320,Detailed description for task number 3320,High,Done
3321,Task 3321,Detailed description for task number 3321,Critical,Review
3322,Task 3322,Detailed description for task number 3322,Low,Open
3323,Task 3323,Detailed description for task number 3323,Critical,In Progress
3324,Task 3324,Detailed description for task number 3324,High,Open
3325,Task 3325,Detailed description for task number 3325,High,Done
3326,Task 3326,Detailed description for task number 3326,Low,Open
3327,Task 3327,Detailed description for task number 3327,Critical,Review
3328,Task 3328,Detailed description for task number 3328,Medium,Open
3329,Task 3329,Detailed description for task number 3329,High,In Progress
3330,Task 3330,Detailed description for task number 3330,High,Review
3331,Task 3331,Detailed description for task number 3331,Medium,Done
3332,Task 3332,Detailed description for task number 3332,Low,Open
3333,Task 3333,Detailed description for task number 3333,Critical,Review
3334,Task 3334,Detailed description for task number 3334,Critical,In Progress
3335,Task 3335,Detailed description for task number 3335,Low,In Progress
3336,Task 3336,Detailed description for task number 3336,Low,Review
3337,Task 3337,Detailed description for task number 3337,Low,Done
3338,Task 3338,Detailed description for task number 3338,Medium,Review
3339,Task 3339,Detailed description for task number 3339,Medium,In Progress
3340,Task 3340,Detailed description for task number 3340,Critical,Open
3341,Task 3341,Detailed description for task number 3341,Critical,Review
3342,Task 3342,Detailed description for task number 3342,Low,Done
3343,Task 3343,Detailed description for task number 3343,High,Done
3344,Task 3344,Detailed description for task number 3344,Medium,Review
3345,Task 3345,Detailed description for task number 3345,Critical,Done
3346,Task 3346,Detailed description for task number 3346,Low,Open
3347,Task 3347,Detailed description for task number 3347,Medium,In Progress
3348,Task 3348,Detailed description for task number 3348,Medium,Done
3349,Task 3349,Detailed description for task number 3349,Medium,In Progress
3350,Task 3350,Detailed description for task number 3350,Medium,In Progress
3351,Task 3351,Detailed description for task number 3351,High,Open
3352,Task 3352,Detailed description for task number 3352,High,In Progress
3353,Task 3353,Detailed description for task number 3353,Medium,Review
3354,Task 3354,Detailed description for task number 3354,High,Done
3355,Task 3355,Detailed description for task number 3355,Critical,Open
3356,,Missing title error,Unknown,Open
3357,Task 3357,Detailed description for task number 3357,Low,Review
3358,Task 3358,Detailed description for task number 3358,Medium,Open
3359,Task 3359,Detailed description for task number 3359,Critical,Review
3360,Task 3360,Detailed description for task number 3360,Critical,Review
3361,Task 3361,Detailed description for task number 3361,Critical,Done
3362,Task 3362,Detailed description for task number 3362,Low,Review
3363,Task 3363,Detailed description for task number 3363,Critical,In Progress
3364,Task 3364,Detailed description for task number 3364,Critical,Review
3365,Task 3365,Detailed description for task number 3365,Low,Review
3366,Task 3366,Detailed description for task number 3366,Low,Review
3367,Task 3367,Detailed description for task number 3367,High,In Progress
3368,Task 3368,Detailed description for task number 3368,Critical,Open
3369,Task 3369,Detailed description for task number 3369,Low,Done
3370,Task 3370,Detailed description for task number 3370,Low,Open
3371,Task 3371,Detailed description for task number 3371,Medium,In Progress
3372,Task 3372,Detailed description for task number 3372,Medium,In Progress
3373,Task 3373,Detailed description for task number 3373,Critical,Review
3374,Task 3374,Detailed description for task number 3374,High,Open
3375,Task 3375,Detailed description for task number 3375,High,Done
3376,Task 3376,Detailed description for task number 3376,Medium,Review
3377,Task 3377,Detailed description for task number 3377,Low,Done
3378,Task 3378,Detailed description for task number 3378,Critical,Open
3379,Task 3379,Detailed description for task number 3379,Low,In Progress
3380,Task 3380,Detailed description for task number 3380,Critical,Open
3381,Task 3381,Detailed description for task number 3381,Critical,In Progress
3382,Task 3382,Detailed description for task number 3382,Low,Done
3383,Task 3383,Detailed description for task number 3383,Medium,Review
3384,Task 3384,Detailed description for task number 3384,Medium,Open
3385,Task 3385,Detailed description for task number 3385,High,Open
3386,Task 3386,Detailed description for task number 3386,High,Done
3387,Task 3387,Detailed description for task number 3387,High,Done
3388,Task 3388,Detailed description for task number 3388,Critical,Done
3389,Task 3389,Detailed description for task number 3389,Critical,Done
3390,Task 3390,Detailed description for task number 3390,Critical,In Progress
3391,Task 3391,Detailed description for task number 3391,High,In Progress
3392,Task 3392,Detailed description for task number 3392,High,In Progress
3393,Task 3393,Detailed description for task number 3393,High,Review
3394,Task 3394,Detailed description for task number 3394,Medium,In Progress
3395,Task 3395,Detailed description for task number 3395,Medium,Review
3396,Task 3396,Detailed description for task number 3396,Low,Open
3397,Task 3397,Detailed description for task number 3397,Low,Open
3398,Task 3398,Detailed description for task number 3398,High,Done
3399,Task 3399,Detailed description for task number 3399,Critical,In Progress
3400,Task 3400,Detailed description for task number 3400,Low,Done
3401,Task 3401,Detailed description for task number 3401,Low,Review
3402,Task 3402,Detailed description for task number 3402,Medium,Open
3403,Task 3403,Detailed description for task number 3403,Medium,Review
3404,Task 3404,Detailed description for task number 3404,Low,Open
3405,Task 3405,Detailed description for task number 3405,Medium,Open
3406,Task 3406,Detailed description for task number 3406,Low,Open
3407,Task 3407,Detailed description for task number 3407,Critical,In Progress
3408,Task 3408,Detailed description for task number 3408,Medium,Done
3409,Task 3409,Detailed description for task number 3409,Medium,Review
3410,Task 3410,Detailed description for task number 3410,Medium,Review
3411,Task 3411,Detailed description for task number 3411,Medium,In Progress
3412,Task 3412,Detailed description for task number 3412,Critical,In Progress
3413,Task 3413,Detailed description for task number 3413,High,Review
3414,Task 3414,Detailed description for task number 3414,Critical,Open
3415,Task 3415,Detailed description for task number 3415,Low,In Progress
3416,Task 3416,Detailed description for task number 3416,Critical,Review
3417,Task 3417,Detailed description for task number 3417,Low,Done
3418,Task 3418,Detailed description for task number 3418,Low,In Progress
3419,Task 3419,Detailed description for task number 3419,Critical,Done
3420,Task 3420,Detailed description for task number 3420,Critical,Done
3421,Task 3421,Detailed description for task number 3421,Critical,In Progress
3422,Task 3422,Detailed description for task number 3422,Critical,In Progress
3423,Task 3423,Detailed description for task number 3423,Low,Done
3424,Task 3424,Detailed description for task number 3424,High,Review
3425,Task 3425,Detailed description for task number 3425,Low,Open
3426,Task 3426,Detailed description for task number 3426,Critical,Review
3427,Task 3427,Detailed description for task number 3427,Medium,Done
3428,Task 3428,Detailed description for task number 3428,Critical,Review
3429,Task 3429,Detailed description for task number 3429,Critical,Review
3430,Task 3430,Detailed description for task number 3430,Medium,Done
3431,Task 3431,Detailed description for task number 3431,Medium,Review
3432,,Missing title error,Unknown,Open
3433,Task 3433,Detailed description for task number 3433,Low,Review
3434,Task 3434,Detailed description for task number 3434,Low,Done
3435,Task 3435,Detailed description for task number 3435,Low,In Progress
3436,Task 3436,Detailed description for task number 3436,High,Review
3437,Task 3437,Detailed description for task number 3437,High,Open
3438,Task 3438,Detailed description for task number 3438,High,In Progress
3439,Task 3439,Detailed description for task number 3439,Low,Open
3440,Task 3440,Detailed description for task number 3440,Critical,Review
3441,Task 3441,Detailed description for task number 3441,Medium,Open
3442,Task 3442,Detailed description for task number 3442,Critical,In Progress
3443,Task 3443,Detailed description for task number 3443,Medium,Open
3444,Task 3444,Detailed description for task number 3444,Medium,Review
3445,Task 3445,Detailed description for task number 3445,Low,In Progress
3446,Task 3446,Detailed description for task number 3446,Low,Done
3447,Task 3447,Detailed description for task number 3447,High,Review
3448,Task 3448,Detailed description for task number 3448,High,Done
3449,Task 3449,Detailed description for task number 3449,Medium,Open
3450,Task 3450,Detailed description for task number 3450,High,Review
3451,Task 3451,Detailed description for task number 3451,High,In Progress
3452,Task 3452,Detailed description for task number 3452,Critical,Review
3453,Task 3453,Detailed description for task number 3453,Medium,In Progress
3454,Task 3454,Detailed description for task number 3454,Low,Done
3455,Task 3455,Detailed description for task number 3455,Medium,Done
3456,Task 3456,Detailed description for task number 3456,Medium,Done
3457,Task 3457,Detailed description for task number 3457,Critical,In Progress
3458,Task 3458,Detailed description for task number 3458,Critical,Open
3459,Task 3459,Detailed description for task number 3459,Medium,Done
3460,Task 3460,Detailed description for task number 3460,Low,Review
3461,Task 3461,Detailed description for task number 3461,High,Open
3462,Task 3462,Detailed description for task number 3462,Low,In Progress
3463,Task 3463,Detailed description for task number 3463,Low,Review
3464,Task 3464,Detailed description for task number 3464,Low,Done
3465,Task 3465,Detailed description for task number 3465,Critical,Done
3466,Task 3466,Detailed description for task number 3466,Low,Review
3467,Task 3467,Detailed description for task number 3467,High,Open
3468,Task 3468,Detailed description for task number 3468,Low,Review
3469,Task 3469,Detailed description for task number 3469,Medium,Done
3470,Task 3470,Detailed description for task number 3470,Medium,Review
3471,Task 3471,Detailed description for task number 3471,High,Open
3472,Task 3472,Detailed description for task number 3472,Low,Open
3473,Task 3473,Detailed description for task number 3473,Low,In Progress
3474,Task 3474,Detailed description for task number 3474,Low,Done
3475,Task 3475,Detailed description for task number 3475,Critical,Open
3476,Task 3476,Detailed description for task number 3476,Critical,In Progress
3477,Task 3477,Detailed description for task number 3477,High,In Progress
3478,Task 3478,Detailed description for task number 3478,Medium,Open
3479,Task 3479,Detailed description for task number 3479,Critical,Review
3480,Task 3480,Detailed description for task number 3480,High,Done
3481,Task 3481,Detailed description for task number 3481,Medium,Review
3482,Task 3482,Detailed description for task number 3482,High,In Progress
3483,Task 3483,Detailed description for task number 3483,Low,In Progress
3484,Task 3484,Detailed description for task number 3484,High,Review
3485,Task 3485,Detailed description for task number 3485,Low,Done
3486,Task 3486,Detailed description for task number 3486,High,Done
3487,Task 3487,Detailed description for task number 3487,Low,Done
3488,Task 3488,Detailed description for task number 3488,Medium,Done
3489,Task 3489,Detailed description for task number 3489,High,Done
3490,Task 3490,Detailed description for task number 3490,High,Open
3491,Task 3491,Detailed description for task number 3491,High,In Progress
3492,Task 3492,Detailed description for task number 3492,Low,Done
3493,Task 3493,Detailed description for task number 3493,High,Done
3494,,Missing title error,Unknown,Open
3495,Task 3495,Detailed description for task number 3495,Low,Done
3496,Task 3496,Detailed description for task number 3496,High,In Progress
3497,Task 3497,Detailed description for task number 3497,Low,Open
3498,Task 3498,Detailed description for task number 3498,Medium,Done
3499,Task 3499,Detailed description for task number 3499,Low,Done
3500,Task 3500,Detailed description for task number 3500,High,Review
3501,Task 3501,Detailed description for task number 3501,Medium,In Progress
3502,Task 3502,Detailed description for task number 3502,Medium,Done
3503,Task 3503,Detailed description for task number 3503,Medium,Done
3504,Task 3504,Detailed description for task number 3504,Critical,Review
3505,Task 3505,Detailed description for task number 3505,Critical,Open
3506,Task 3506,Detailed description for task number 3506,Low,Open
3507,Task 3507,Detailed description for task number 3507,Medium,In Progress
3508,Task 3508,Detailed description for task number 3508,Low,Open
3509,Task 3509,Detailed description for task number 3509,High,In Progress
3510,Task 3510,Detailed description for task number 3510,Critical,Done
3511,Task 3511,Detailed description for task number 3511,Critical,Done
3512,Task 3512,Detailed description for task number 3512,Low,Review
3513,Task 3513,Detailed description for task number 3513,High,Review
3514,Task 3514,Detailed description for task number 3514,Low,Review
3515,Task 3515,Detailed description for task number 3515,Low,Review
3516,Task 3516,Detailed description for task number 3516,Critical,Review
3517,Task 3517,Detailed description for task number 3517,Low,Open
3518,Task 3518,Detailed description for task number 3518,Low,Done
3519,Task 3519,Detailed description for task number 3519,Low,Open
3520,Task 3520,Detailed description for task number 3520,Critical,In Progress
3521,Task 3521,Detailed description for task number 3521,Low,Done
3522,Task 3522,Detailed description for task number 3522,Medium,Review
3523,Task 3523,Detailed description for task number 3523,High,Open
3524,Task 3524,Detailed description for task number 3524,High,Done
3525,Task 3525,Detailed description for task number 3525,High,Open
3526,Task 3526,Detailed description for task number 3526,Low,Open
3527,Task 3527,Detailed description for task number 3527,Medium,Review
3528,Task 3528,Detailed description for task number 3528,Low,Done
3529,Task 3529,Detailed description for task number 3529,Low,Done
3530,Task 3530,Detailed description for task number 3530,High,In Progress
3531,Task 3531,Detailed description for task number 3531,Critical,Open
3532,Task 3532,Detailed description for task number 3532,Medium,Done
3533,Task 3533,Detailed description for task number 3533,Critical,Review
3534,Task 3534,Detailed description for task number 3534,Medium,In Progress
3535,Task 3535,Detailed description for task number 3535,Medium,Done
3536,Task 3536,Detailed description for task number 3536,High,Done
3537,Task 3537,Detailed description for task number 3537,Low,In Progress
3538,Task 3538,Detailed description for task number 3538,Medium,Done
3539,Task 3539,Detailed description for task number 3539,Medium,Review
3540,Task 3540,Detailed description for task number 3540,High,Open
3541,Task 3541,Detailed description for task number 3541,Medium,Done
3542,Task 3542,Detailed description for task number 3542,Low,Done
3543,Task 3543,Detailed description for task number 3543,Low,Done
3544,Task 3544,Detailed description for task number 3544,High,In Progress
3545,Task 3545,Detailed description for task number 3545,High,Review
3546,Task 3546,Detailed description for task number 3546,Low,In Progress
3547,Task 3547,Detailed description for task number 3547,Critical,Review
3548,Task 3548,Detailed description for task number 3548,Medium,In Progress
3549,Task 3549,Detailed description for task number 3549,Medium,Review
3550,Task 3550,Detailed description for task number 3550,Critical,Open
3551,Task 3551,Detailed description for task number 3551,Low,Review
3552,Task 3552,Detailed description for task number 3552,Medium,Done
3553,Task 3553,Detailed description for task number 3553,Critical,In Progress
3554,Task 3554,Detailed description for task number 3554,High,Done
3555,Task 3555,Detailed description for task number 3555,Medium,Done
3556,Task 3556,Detailed description for task number 3556,High,Review
3557,Task 3557,Detailed description for task number 3557,Critical,In Progress
3558,Task 3558,Detailed description for task number 3558,Low,Done
3559,Task 3559,Detailed description for task number 3559,Critical,Done
3560,Task 3560,Detailed description for task number 3560,High,Open
3561,Task 3561,Detailed description for task number 3561,Critical,Done
3562,Task 3562,Detailed description for task number 3562,Medium,Done
3563,Task 3563,Detailed description for task number 3563,High,Done
3564,Task 3564,Detailed description for task number 3564,Low,Review
3565,Task 3565,Detailed description for task number 3565,Low,Done
3566,Task 3566,Detailed description for task number 3566,Critical,In Progress
3567,Task 3567,Detailed description for task number 3567,Critical,In Progress
3568,Task 3568,Detailed description for task number 3568,High,In Progress
3569,Task 3569,Detailed description for task number 3569,High,Done
3570,Task 3570,Detailed description for task number 3570,Critical,Done
3571,Task 3571,Detailed description for task number 3571,Low,Done
3572,Task 3572,Detailed description for task number 3572,High,Review
3573,Task 3573,Detailed description for task number 3573,Low,Review
3574,Task 3574,Detailed description for task number 3574,Critical,Open
3575,Task 3575,Detailed description for task number 3575,Low,Review
3576,Task 3576,Detailed description for task number 3576,Critical,Done
3577,Task 3577,Detailed description for task number 3577,Critical,Done
3578,Task 3578,Detailed description for task number 3578,Low,Open
3579,Task 3579,Detailed description for task number 3579,Critical,In Progress
3580,Task 3580,Detailed description for task number 3580,Critical,Done
3581,Task 3581,Detailed description for task number 3581,Low,In Progress
3582,Task 3582,Detailed description for task number 3582,Medium,Done
3583,Task 3583,Detailed description for task number 3583,High,Done
3584,Task 3584,Detailed description for task number 3584,Critical,Done
3585,Task 3585,Detailed description for task number 3585,Medium,In Progress
3586,Task 3586,Detailed description for task number 3586,High,Done
3587,Task 3587,Detailed description for task number 3587,Low,Open
3588,Task 3588,Detailed description for task number 3588,Low,Review
3589,Task 3589,Detailed description for task number 3589,High,Open
3590,Task 3590,Detailed description for task number 3590,Critical,Review
3591,Task 3591,Detailed description for task number 3591,Critical,Open
3592,Task 3592,Detailed description for task number 3592,Medium,Review
3593,Task 3593,Detailed description for task number 3593,Critical,Review
3594,Task 3594,Detailed description for task number 3594,Critical,In Progress
3595,Task 3595,Detailed description for task number 3595,High,Open
3596,Task 3596,Detailed description for task number 3596,Critical,Review
3597,Task 3597,Detailed description for task number 3597,Low,Open
3598,Task 3598,Detailed description for task number 3598,Medium,Done
3599,Task 3599,Detailed description for task number 3599,Medium,Open
3600,Task 3600,Detailed description for task number 3600,High,Done
3601,Task 3601,Detailed description for task number 3601,Critical,Review
3602,Task 3602,Detailed description for task number 3602,Low,Done
3603,Task 3603,Detailed description for task number 3603,Medium,Done
3604,Task 3604,Detailed description for task number 3604,High,In Progress
3605,Task 3605,Detailed description for task number 3605,Medium,Open
3606,Task 3606,Detailed description for task number 3606,Low,In Progress
3607,Task 3607,Detailed description for task number 3607,High,Review
3608,Task 3608,Detailed description for task number 3608,Low,Review
3609,Task 3609,Detailed description for task number 3609,Medium,Open
3610,Task 3610,Detailed description for task number 3610,Low,Open
3611,Task 3611,Detailed description for task number 3611,High,Open
3612,Task 3612,Detailed description for task number 3612,Critical,Done
3613,Task 3613,Detailed description for task number 3613,High,In Progress
3614,Task 3614,Detailed description for task number 3614,Low,In Progress
3615,Task 3615,Detailed description for task number 3615,Low,Open
3616,Task 3616,Detailed description for task number 3616,High,Done
3617,Task 3617,Detailed description for task number 3617,Critical,Review
3618,Task 3618,Detailed description for task number 3618,Low,Review
3619,Task 3619,Detailed description for task number 3619,Critical,Open
3620,Task 3620,Detailed description for task number 3620,Critical,Open
3621,Task 3621,Detailed description for task number 3621,Medium,Done
3622,Task 3622,Detailed description for task number 3622,High,Open
3623,Task 3623,Detailed description for task number 3623,Critical,Review
3624,Task 3624,Detailed description for task number 3624,High,Open
3625,Task 3625,Detailed description for task number 3625,Medium,Open
3626,Task 3626,Detailed description for task number 3626,Critical,Open
3627,Task 3627,Detailed description for task number 3627,High,Done
3628,Task 3628,Detailed description for task number 3628,Low,Review
3629,Task 3629,Detailed description for task number 3629,High,Review
3630,Task 3630,Detailed description for task number 3630,High,Done
3631,Task 3631,Detailed description for task number 3631,Critical,In Progress
3632,Task 3632,Detailed description for task number 3632,Low,Review
3633,Task 3633,Detailed description for task number 3633,High,In Progress
3634,Task 3634,Detailed description for task number 3634,Low,Open
3635,Task 3635,Detailed description for task number 3635,High,Open
3636,Task 3636,Detailed description for task number 3636,Medium,Done
3637,Task 3637,Detailed description for task number 3637,High,Open
3638,Task 3638,Detailed description for task number 3638,High,In Progress
3639,Task 3639,Detailed description for task number 3639,Low,In Progress
3640,Task 3640,Detailed description for task number 3640,Critical,In Progress
3641,Task 3641,Detailed description for task number 3641,Low,Review
3642,Task 3642,Detailed description for task number 3642,High,In Progress
3643,Task 3643,Detailed description for task number 3643,Critical,Done
3644,Task 3644,Detailed description for task number 3644,Critical,Done
3645,Task 3645,Detailed description for task number 3645,Critical,In Progress
3646,Task 3646,Detailed description for task number 3646,Low,In Progress
3647,Task 3647,Detailed description for task number 3647,Low,Done
3648,Task 3648,Detailed description for task number 3648,Medium,Review
3649,Task 3649,Detailed description for task number 3649,Low,Open
3650,Task 3650,Detailed description for task number 3650,Critical,In Progress
3651,Task 3651,Detailed description for task number 3651,Medium,Open
3652,Task 3652,Detailed description for task number 3652,Critical,Done
3653,Task 3653,Detailed description for task number 3653,Medium,In Progress
3654,Task 3654,Detailed description for task number 3654,Medium,Open
3655,Task 3655,Detailed description for task number 3655,Critical,Done
3656,Task 3656,Detailed description for task number 3656,High,Done
3657,Task 3657,Detailed description for task number 3657,Low,In Progress
3658,Task 3658,Detailed description for task number 3658,High,In Progress
3659,Task 3659,Detailed description for task number 3659,Low,Open
3660,Task 3660,Detailed description for task number 3660,Medium,Open
3661,Task 3661,Detailed description for task number 3661,High,In Progress
3662,Task 3662,Detailed description for task number 3662,Medium,In Progress
3663,Task 3663,Detailed description for task number 3663,Critical,Done
3664,Task 3664,Detailed description for task number 3664,Medium,Done
3665,Task 3665,Detailed description for task number 3665,Low,Done
3666,Task 3666,Detailed description for task number 3666,Critical,Done
3667,Task 3667,Detailed description for task number 3667,Critical,Done
3668,Task 3668,Detailed description for task number 3668,Medium,Review
3669,Task 3669,Detailed description for task number 3669,Low,In Progress
3670,Task 3670,Detailed description for task number 3670,Medium,Review
3671,Task 3671,Detailed description for task number 3671,Low,Review
3672,Task 3672,Detailed description for task number 3672,High,Review
3673,Task 3673,Detailed description for task number 3673,Medium,Open
3674,Task 3674,Detailed description for task number 3674,Critical,Done
3675,Task 3675,Detailed description for task number 3675,High,Open
3676,Task 3676,Detailed description for task number 3676,Low,Open
3677,,Missing title error,Unknown,Open
3678,Task 3678,Detailed description for task number 3678,Medium,Open
3679,Task 3679,Detailed description for task number 3679,Low,In Progress
3680,Task 3680,Detailed description for task number 3680,Medium,Open
3681,Task 3681,Detailed description for task number 3681,Medium,In Progress
3682,Task 3682,Detailed description for task number 3682,Low,Review
3683,Task 3683,Detailed description for task number 3683,Critical,Open
3684,Task 3684,Detailed description for task number 3684,Medium,Done
3685,Task 3685,Detailed description for task number 3685,High,In Progress
3686,Task 3686,Detailed description for task number 3686,Low,Done
3687,Task 3687,Detailed description for task number 3687,Critical,Review
3688,Task 3688,Detailed description for task number 3688,High,In Progress
3689,Task 3689,Detailed description for task number 3689,Low,In Progress
3690,Task 3690,Detailed description for task number 3690,Critical,Done
3691,Task 3691,Detailed description for task number 3691,Low,In Progress
3692,Task 3692,Detailed description for task number 3692,Critical,Done
3693,Task 3693,Detailed description for task number 3693,High,Open
3694,Task 3694,Detailed description for task number 3694,Critical,Review
3695,Task 3695,Detailed description for task number 3695,Medium,Open
3696,Task 3696,Detailed description for task number 3696,High,In Progress
3697,Task 3697,Detailed description for task number 3697,Medium,Open
3698,Task 3698,Detailed description for task number 3698,Medium,In Progress
3699,Task 3699,Detailed description for task number 3699,Critical,Open
3700,Task 3700,Detailed description for task number 3700,Critical,In Progress
3701,Task 3701,Detailed description for task number 3701,Low,In Progress
3702,Task 3702,Detailed description for task number 3702,High,In Progress
3703,Task 3703,Detailed description for task number 3703,Critical,Review
3704,Task 3704,Detailed description for task number 3704,High,Review
3705,Task 3705,Detailed description for task number 3705,Low,Done
3706,Task 3706,Detailed description for task number 3706,Low,In Progress
3707,Task 3707,Detailed description for task number 3707,High,In Progress
3708,Task 3708,Detailed description for task number 3708,Low,In Progress
3709,Task 3709,Detailed description for task number 3709,High,Review
3710,Task 3710,Detailed description for task number 3710,Medium,Open
3711,Task 3711,Detailed description for task number 3711,Low,Review
3712,Task 3712,Detailed description for task number 3712,Critical,Open
3713,Task 3713,Detailed description for task number 3713,Low,In Progress
3714,Task 3714,Detailed description for task number 3714,Medium,Review
3715,Task 3715,Detailed description for task number 3715,Medium,In Progress
3716,Task 3716,Detailed description for task number 3716,Low,Open
3717,Task 3717,Detailed description for task number 3717,Critical,Open
3718,Task 3718,Detailed description for task number 3718,High,Review
3719,Task 3719,Detailed description for task number 3719,High,Done
3720,Task 3720,Detailed description for task number 3720,Low,Review
3721,Task 3721,Detailed description for task number 3721,High,Review
3722,Task 3722,Detailed description for task number 3722,Critical,In Progress
3723,Task 3723,Detailed description for task number 3723,Low,Review
3724,Task 3724,Detailed description for task number 3724,High,Open
3725,Task 3725,Detailed description for task number 3725,Low,Done
3726,Task 3726,Detailed description for task number 3726,Critical,In Progress
3727,Task 3727,Detailed description for task number 3727,High,Open
3728,Task 3728,Detailed description for task number 3728,Medium,Done
3729,Task 3729,Detailed description for task number 3729,Medium,Open
3730,Task 3730,Detailed description for task number 3730,High,Open
3731,Task 3731,Detailed description for task number 3731,Medium,In Progress
3732,Task 3732,Detailed description for task number 3732,Low,Open
3733,Task 3733,Detailed description for task number 3733,High,Open
3734,Task 3734,Detailed description for task number 3734,Critical,In Progress
3735,Task 3735,Detailed description for task number 3735,High,Done
3736,Task 3736,Detailed description for task number 3736,Medium,Review
3737,Task 3737,Detailed description for task number 3737,Low,Open
3738,,Missing title error,Unknown,Open
3739,Task 3739,Detailed description for task number 3739,Low,Done
3740,Task 3740,Detailed description for task number 3740,Critical,In Progress
3741,Task 3741,Detailed description for task number 3741,Medium,Done
3742,Task 3742,Detailed description for task number 3742,Medium,Done
3743,Task 3743,Detailed description for task number 3743,High,Open
3744,Task 3744,Detailed description for task number 3744,Critical,Open
3745,Task 3745,Detailed description for task number 3745,Medium,Done
3746,Task 3746,Detailed description for task number 3746,Low,In Progress
3747,Task 3747,Detailed description for task number 3747,Low,Open
3748,Task 3748,Detailed description for task number 3748,High,Open
3749,Task 3749,Detailed description for task number 3749,Low,Open
3750,Task 3750,Detailed description for task number 3750,Medium,Review
3751,Task 3751,Detailed description for task number 3751,Medium,Review
3752,Task 3752,Detailed description for task number 3752,Critical,In Progress
3753,Task 3753,Detailed description for task number 3753,Low,Review
3754,Task 3754,Detailed description for task number 3754,Low,Done
3755,Task 3755,Detailed description for task number 3755,Medium,Review
3756,Task 3756,Detailed description for task number 3756,Low,Review
3757,Task 3757,Detailed description for task number 3757,Low,In Progress
3758,Task 3758,Detailed description for task number 3758,Low,Open
3759,Task 3759,Detailed description for task number 3759,Low,Done
3760,Task 3760,Detailed description for task number 3760,Medium,Open
3761,Task 3761,Detailed description for task number 3761,Low,Open
3762,Task 3762,Detailed description for task number 3762,Medium,Open
3763,Task 3763,Detailed description for task number 3763,Medium,Done
3764,Task 3764,Detailed description for task number 3764,Low,In Progress
3765,Task 3765,Detailed description for task number 3765,Medium,Done
3766,Task 3766,Detailed description for task number 3766,Critical,Open
3767,Task 3767,Detailed description for task number 3767,Low,Review
3768,Task 3768,Detailed description for task number 3768,Medium,Review
3769,Task 3769,Detailed description for task number 3769,Medium,Open
3770,Task 3770,Detailed description for task number 3770,High,In Progress
3771,Task 3771,Detailed description for task number 3771,Medium,In Progress
3772,Task 3772,Detailed description for task number 3772,Low,Open
3773,Task 3773,Detailed description for task number 3773,Critical,In Progress
3774,Task 3774,Detailed description for task number 3774,Low,Review
3775,Task 3775,Detailed description for task number 3775,Critical,Review
3776,Task 3776,Detailed description for task number 3776,High,Done
3777,Task 3777,Detailed description for task number 3777,Medium,Review
3778,Task 3778,Detailed description for task number 3778,Critical,Done
3779,Task 3779,Detailed description for task number 3779,Low,Review
3780,Task 3780,Detailed description for task number 3780,High,Review
3781,Task 3781,Detailed description for task number 3781,Medium,Open
3782,Task 3782,Detailed description for task number 3782,Low,In Progress
3783,Task 3783,Detailed description for task number 3783,Critical,Review
3784,Task 3784,Detailed description for task number 3784,Medium,Review
3785,Task 3785,Detailed description for task number 3785,Medium,Review
3786,Task 3786,Detailed description for task number 3786,Low,Open
3787,Task 3787,Detailed description for task number 3787,Medium,In Progress
3788,Task 3788,Detailed description for task number 3788,Low,Done
3789,Task 3789,Detailed description for task number 3789,High,Open
3790,Task 3790,Detailed description for task number 3790,High,In Progress
3791,Task 3791,Detailed description for task number 3791,Medium,In Progress
3792,Task 3792,Detailed description for task number 3792,Low,Open
3793,Task 3793,Detailed description for task number 3793,Low,In Progress
3794,Task 3794,Detailed description for task number 3794,Low,Review
3795,Task 3795,Detailed description for task number 3795,Low,Done
3796,Task 3796,Detailed description for task number 3796,Medium,Review
3797,Task 3797,Detailed description for task number 3797,Low,In Progress
3798,Task 3798,Detailed description for task number 3798,Medium,Done
3799,Task 3799,Detailed description for task number 3799,High,Open
3800,Task 3800,Detailed description for task number 3800,Medium,In Progress
3801,Task 3801,Detailed description for task number 3801,High,Open
3802,Task 3802,Detailed description for task number 3802,High,Done
3803,Task 3803,Detailed description for task number 3803,Low,Open
3804,Task 3804,Detailed description for task number 3804,Medium,Open
3805,Task 3805,Detailed description for task number 3805,High,Done
3806,Task 3806,Detailed description for task number 3806,Critical,Open
3807,Task 3807,Detailed description for task number 3807,Medium,In Progress
3808,Task 3808,Detailed description for task number 3808,Medium,Done
3809,Task 3809,Detailed description for task number 3809,Critical,Review
3810,Task 3810,Detailed description for task number 3810,Critical,Done
3811,Task 3811,Detailed description for task number 3811,Medium,Open
3812,Task 3812,Detailed description for task number 3812,High,In Progress
3813,Task 3813,Detailed description for task number 3813,High,Done
3814,Task 3814,Detailed description for task number 3814,Medium,Review
3815,Task 3815,Detailed description for task number 3815,Critical,In Progress
3816,Task 3816,Detailed description for task number 3816,Low,Done
3817,Task 3817,Detailed description for task number 3817,Medium,Review
3818,Task 3818,Detailed description for task number 3818,Low,Review
3819,Task 3819,Detailed description for task number 3819,Medium,Done
3820,Task 3820,Detailed description for task number 3820,Low,Open
3821,Task 3821,Detailed description for task number 3821,Critical,In Progress
3822,Task 3822,Detailed description for task number 3822,Medium,Open
3823,Task 3823,Detailed description for task number 3823,Medium,Review
3824,Task 3824,Detailed description for task number 3824,High,Open
3825,Task 3825,Detailed description for task number 3825,Low,Review
3826,Task 3826,Detailed description for task number 3826,Low,In Progress
3827,Task 3827,Detailed description for task number 3827,Critical,In Progress
3828,Task 3828,Detailed description for task number 3828,Critical,Review
3829,Task 3829,Detailed description for task number 3829,Low,Done
3830,Task 3830,Detailed description for task number 3830,Critical,Done
3831,Task 3831,Detailed description for task number 3831,Low,In Progress
3832,Task 3832,Detailed description for task number 3832,High,Done
3833,Task 3833,Detailed description for task number 3833,Low,In Progress
3834,Task 3834,Detailed description for task number 3834,High,Open
3835,Task 3835,Detailed description for task number 3835,High,Done
3836,Task 3836,Detailed description for task number 3836,Critical,Done
3837,Task 3837,Detailed description for task number 3837,Low,Review
3838,Task 3838,Detailed description for task number 3838,High,Review
3839,Task 3839,Detailed description for task number 3839,Critical,Review
3840,Task 3840,Detailed description for task number 3840,Medium,Done
3841,Task 3841,Detailed description for task number 3841,High,Review
3842,Task 3842,Detailed description for task number 3842,Critical,Open
3843,Task 3843,Detailed description for task number 3843,Critical,Done
3844,Task 3844,Detailed description for task number 3844,High,In Progress
3845,Task 3845,Detailed description for task number 3845,Medium,Open
3846,Task 3846,Detailed description for task number 3846,Critical,Review
3847,Task 3847,Detailed description for task number 3847,Medium,In Progress
3848,Task 3848,Detailed description for task number 3848,High,Review
3849,,Missing title error,Unknown,Open
3850,Task 3850,Detailed description for task number 3850,Critical,Review
3851,Task 3851,Detailed description for task number 3851,Low,In Progress
3852,Task 3852,Detailed description for task number 3852,Low,In Progress
3853,Task 3853,Detailed description for task number 3853,Medium,In Progress
3854,Task 3854,Detailed description for task number 3854,Low,Done
3855,Task 3855,Detailed description for task number 3855,High,Open
3856,Task 3856,Detailed description for task number 3856,High,In Progress
3857,Task 3857,Detailed description for task number 3857,Critical,Open
3858,Task 3858,Detailed description for task number 3858,Low,Done
3859,Task 3859,Detailed description for task number 3859,High,Open
3860,Task 3860,Detailed description for task number 3860,Low,Done
3861,Task 3861,Detailed description for task number 3861,Critical,Done
3862,Task 3862,Detailed description for task number 3862,Low,Done
3863,Task 3863,Detailed description for task number 3863,High,Done
3864,Task 3864,Detailed description for task number 3864,Medium,Done
3865,Task 3865,Detailed description for task number 3865,Critical,Review
3866,Task 3866,Detailed description for task number 3866,Low,Review
3867,Task 3867,Detailed description for task number 3867,High,Review
3868,Task 3868,Detailed description for task number 3868,Low,In Progress
3869,Task 3869,Detailed description for task number 3869,Low,Review
3870,Task 3870,Detailed description for task number 3870,Low,Open
3871,Task 3871,Detailed description for task number 3871,High,Done
3872,Task 3872,Detailed description for task number 3872,High,In Progress
3873,Task 3873,Detailed description for task number 3873,Low,Open
3874,Task 3874,Detailed description for task number 3874,Medium,Review
3875,Task 3875,Detailed description for task number 3875,High,In Progress
3876,Task 3876,Detailed description for task number 3876,Low,Open
3877,Task 3877,Detailed description for task number 3877,Critical,Done
3878,Task 3878,Detailed description for task number 3878,High,Done
3879,Task 3879,Detailed description for task number 3879,Low,Open
3880,Task 3880,Detailed description for task number 3880,Low,In Progress
3881,Task 3881,Detailed description for task number 3881,Medium,Review
3882,Task 3882,Detailed description for task number 3882,Medium,In Progress
3883,Task 3883,Detailed description for task number 3883,Low,Review
3884,Task 3884,Detailed description for task number 3884,High,Done
3885,Task 3885,Detailed description for task number 3885,High,Done
3886,Task 3886,Detailed description for task number 3886,Medium,In Progress
3887,Task 3887,Detailed description for task number 3887,Medium,Done
3888,Task 3888,Detailed description for task number 3888,High,Open
3889,Task 3889,Detailed description for task number 3889,Low,In Progress
3890,Task 3890,Detailed description for task number 3890,Critical,Open
3891,Task 3891,Detailed description for task number 3891,High,In Progress
3892,Task 3892,Detailed description for task number 3892,Medium,Open
3893,Task 3893,Detailed description for task number 3893,Medium,Done
3894,,Missing title error,Unknown,Open
3895,Task 3895,Detailed description for task number 3895,Critical,Done
3896,Task 3896,Detailed description for task number 3896,High,Review
3897,Task 3897,Detailed description for task number 3897,Medium,Done
3898,Task 3898,Detailed description for task number 3898,High,Open
3899,Task 3899,Detailed description for task number 3899,Low,Open
3900,Task 3900,Detailed description for task number 3900,Medium,In Progress
3901,Task 3901,Detailed description for task number 3901,Critical,Open
3902,Task 3902,Detailed description for task number 3902,Low,Review
3903,Task 3903,Detailed description for task number 3903,Low,In Progress
3904,Task 3904,Detailed description for task number 3904,Critical,Open
3905,Task 3905,Detailed description for task number 3905,Low,In Progress
3906,Task 3906,Detailed description for task number 3906,Critical,Open
3907,Task 3907,Detailed description for task number 3907,Low,Open
3908,Task 3908,Detailed description for task number 3908,Low,Open
3909,Task 3909,Detailed description for task number 3909,Critical,Review
3910,Task 3910,Detailed description for task number 3910,Critical,Done
3911,Task 3911,Detailed description for task number 3911,Low,In Progress
3912,Task 3912,Detailed description for task number 3912,Critical,Done
3913,Task 3913,Detailed description for task number 3913,Low,Open
3914,Task 3914,Detailed description for task number 3914,Low,Done
3915,Task 3915,Detailed description for task number 3915,High,Done
3916,Task 3916,Detailed description for task number 3916,Medium,Review
3917,Task 3917,Detailed description for task number 3917,High,Done
3918,Task 3918,Detailed description for task number 3918,Critical,In Progress
3919,Task 3919,Detailed description for task number 3919,High,Done
3920,Task 3920,Detailed description for task number 3920,High,Open
3921,Task 3921,Detailed description for task number 3921,Low,In Progress
3922,Task 3922,Detailed description for task number 3922,Medium,Done
3923,Task 3923,Detailed description for task number 3923,Low,Open
3924,Task 3924,Detailed description for task number 3924,Medium,Review
3925,Task 3925,Detailed description for task number 3925,Medium,Done
3926,Task 3926,Detailed description for task number 3926,Medium,Done
3927,Task 3927,Detailed description for task number 3927,Medium,Done
3928,Task 3928,Detailed description for task number 3928,High,Review
3929,Task 3929,Detailed description for task number 3929,High,Open
3930,Task 3930,Detailed description for task number 3930,Critical,Review
3931,Task 3931,Detailed description for task number 3931,Low,Open
3932,Task 3932,Detailed description for task number 3932,Critical,Review
3933,Task 3933,Detailed description for task number 3933,High,Review
3934,Task 3934,Detailed description for task number 3934,Critical,Done
3935,Task 3935,Detailed description for task number 3935,Critical,Open
3936,Task 3936,Detailed description for task number 3936,Low,In Progress
3937,Task 3937,Detailed description for task number 3937,Low,Done
3938,Task 3938,Detailed description for task number 3938,High,Open
3939,Task 3939,Detailed description for task number 3939,Critical,In Progress
3940,Task 3940,Detailed description for task number 3940,High,Review
3941,Task 3941,Detailed description for task number 3941,Medium,Done
3942,Task 3942,Detailed description for task number 3942,Medium,Review
3943,Task 3943,Detailed description for task number 3943,Medium,In Progress
3944,Task 3944,Detailed description for task number 3944,Critical,Done
3945,Task 3945,Detailed description for task number 3945,Critical,In Progress
3946,,Missing title error,Unknown,Open
3947,Task 3947,Detailed description for task number 3947,High,Done
3948,Task 3948,Detailed description for task number 3948,Low,Review
3949,Task 3949,Detailed description for task number 3949,Medium,Review
3950,Task 3950,Detailed description for task number 3950,High,Review
3951,Task 3951,Detailed description for task number 3951,Low,Open
3952,Task 3952,Detailed description for task number 3952,Medium,Done
3953,Task 3953,Detailed description for task number 3953,Low,In Progress
3954,Task 3954,Detailed description for task number 3954,Critical,Open
3955,Task 3955,Detailed description for task number 3955,Medium,Review
3956,Task 3956,Detailed description for task number 3956,High,Review
3957,Task 3957,Detailed description for task number 3957,Critical,Review
3958,Task 3958,Detailed description for task number 3958,High,Review
3959,Task 3959,Detailed description for task number 3959,Medium,Open
3960,Task 3960,Detailed description for task number 3960,High,Open
3961,Task 3961,Detailed description for task number 3961,High,Done
3962,Task 3962,Detailed description for task number 3962,Medium,Open
3963,Task 3963,Detailed description for task number 3963,Critical,In Progress
3964,Task 3964,Detailed description for task number 3964,Critical,Done
3965,Task 3965,Detailed description for task number 3965,Low,Open
3966,Task 3966,Detailed description for task number 3966,Medium,In Progress
3967,Task 3967,Detailed description for task number 3967,Low,Done
3968,Task 3968,Detailed description for task number 3968,Critical,In Progress
3969,Task 3969,Detailed description for task number 3969,High,Open
3970,Task 3970,Detailed description for task number 3970,Medium,Review
3971,Task 3971,Detailed description for task number 3971,Medium,Review
3972,Task 3972,Detailed description for task number 3972,Critical,Open
3973,Task 3973,Detailed description for task number 3973,Critical,Review
3974,Task 3974,Detailed description for task number 3974,Medium,Done
3975,Task 3975,Detailed description for task number 3975,Low,Open
3976,Task 3976,Detailed description for task number 3976,Medium,Review
3977,Task 3977,Detailed description for task number 3977,Medium,Done
3978,Task 3978,Detailed description for task number 3978,Medium,In Progress
3979,Task 3979,Detailed description for task number 3979,Medium,Open
3980,Task 3980,Detailed description for task number 3980,High,In Progress
3981,Task 3981,Detailed description for task number 3981,Medium,Review
3982,Task 3982,Detailed description for task number 3982,Medium,Review
3983,Task 3983,Detailed description for task number 3983,Critical,In Progress
3984,Task 3984,Detailed description for task number 3984,Low,Done
3985,Task 3985,Detailed description for task number 3985,High,Open
3986,Task 3986,Detailed description for task number 3986,Critical,Review
3987,Task 3987,Detailed description for task number 3987,Critical,In Progress
3988,Task 3988,Detailed description for task number 3988,Medium,Review
3989,Task 3989,Detailed description for task number 3989,Critical,Done
3990,Task 3990,Detailed description for task number 3990,High,Review
3991,Task 3991,Detailed description for task number 3991,Low,Review
3992,Task 3992,Detailed description for task number 3992,High,In Progress
3993,Task 3993,Detailed description for task number 3993,Medium,In Progress
3994,Task 3994,Detailed description for task number 3994,Low,Review
3995,Task 3995,Detailed description for task number 3995,Low,Review
3996,Task 3996,Detailed description for task number 3996,Low,Review
3997,Task 3997,Detailed description for task number 3997,High,In Progress
3998,Task 3998,Detailed description for task number 3998,Low,In Progress
3999,Task 3999,Detailed description for task number 3999,Medium,In Progress
4000,Task 4000,Detailed description for task number 4000,Medium,Review
4001,Task 4001,Detailed description for task number 4001,Medium,Done
4002,Task 4002,Detailed description for task number 4002,Low,Done
4003,Task 4003,Detailed description for task number 4003,Low,Review
4004,Task 4004,Detailed description for task number 4004,Medium,Done
4005,Task 4005,Detailed description for task number 4005,Low,Open
4006,Task 4006,Detailed description for task number 4006,Critical,In Progress
4007,Task 4007,Detailed description for task number 4007,High,Open
4008,Task 4008,Detailed description for task number 4008,Low,Review
4009,Task 4009,Detailed description for task number 4009,High,In Progress
4010,Task 4010,Detailed description for task number 4010,High,In Progress
4011,Task 4011,Detailed description for task number 4011,Low,Review
4012,Task 4012,Detailed description for task number 4012,Critical,Done
4013,Task 4013,Detailed description for task number 4013,Medium,In Progress
4014,Task 4014,Detailed description for task number 4014,Medium,Open
4015,Task 4015,Detailed description for task number 4015,Medium,Done
4016,Task 4016,Detailed description for task number 4016,High,Open
4017,Task 4017,Detailed description for task number 4017,Critical,Open
4018,Task 4018,Detailed description for task number 4018,Low,Review
4019,Task 4019,Detailed description for task number 4019,Low,Done
4020,Task 4020,Detailed description for task number 4020,Critical,Open
4021,Task 4021,Detailed description for task number 4021,High,In Progress
4022,Task 4022,Detailed description for task number 4022,Critical,Open
4023,Task 4023,Detailed description for task number 4023,Medium,Done
4024,Task 4024,Detailed description for task number 4024,Low,Done
4025,Task 4025,Detailed description for task number 4025,Low,Open
4026,Task 4026,Detailed description for task number 4026,Critical,Open
4027,Task 4027,Detailed description for task number 4027,Critical,Review
4028,Task 4028,Detailed description for task number 4028,Low,Open
4029,Task 4029,Detailed description for task number 4029,Medium,Review
4030,Task 4030,Detailed description for task number 4030,Low,Done
4031,Task 4031,Detailed description for task number 4031,High,In Progress
4032,Task 4032,Detailed description for task number 4032,Critical,In Progress
4033,Task 4033,Detailed description for task number 4033,Critical,In Progress
4034,Task 4034,Detailed description for task number 4034,Low,Review
4035,Task 4035,Detailed description for task number 4035,Critical,Done
4036,Task 4036,Detailed description for task number 4036,Low,In Progress
4037,Task 4037,Detailed description for task number 4037,High,Review
4038,Task 4038,Detailed description for task number 4038,Critical,In Progress
4039,Task 4039,Detailed description for task number 4039,Medium,Done
4040,Task 4040,Detailed description for task number 4040,High,Open
4041,Task 4041,Detailed description for task number 4041,Low,Done
4042,Task 4042,Detailed description for task number 4042,Low,Review
4043,Task 4043,Detailed description for task number 4043,Low,Open
4044,Task 4044,Detailed description for task number 4044,High,Done
4045,Task 4045,Detailed description for task number 4045,Critical,In Progress
4046,Task 4046,Detailed description for task number 4046,High,Review
4047,Task 4047,Detailed description for task number 4047,Critical,Open
4048,Task 4048,Detailed description for task number 4048,Critical,Done
4049,Task 4049,Detailed description for task number 4049,High,Open
4050,Task 4050,Detailed description for task number 4050,Low,Review
4051,Task 4051,Detailed description for task number 4051,Critical,Review
4052,Task 4052,Detailed description for task number 4052,Medium,Done
4053,Task 4053,Detailed description for task number 4053,Medium,Open
4054,Task 4054,Detailed description for task number 4054,Critical,Open
4055,Task 4055,Detailed description for task number 4055,Medium,Done
4056,Task 4056,Detailed description for task number 4056,Medium,Done
4057,Task 4057,Detailed description for task number 4057,Medium,In Progress
4058,Task 4058,Detailed description for task number 4058,Critical,Done
4059,Task 4059,Detailed description for task number 4059,Medium,Review
4060,Task 4060,Detailed description for task number 4060,Critical,Review
4061,Task 4061,Detailed description for task number 4061,Medium,Done
4062,Task 4062,Detailed description for task number 4062,Critical,In Progress
4063,Task 4063,Detailed description for task number 4063,Medium,Review
4064,Task 4064,Detailed description for task number 4064,Low,Review
4065,Task 4065,Detailed description for task number 4065,High,Review
4066,Task 4066,Detailed description for task number 4066,Medium,Review
4067,Task 4067,Detailed description for task number 4067,Low,In Progress
4068,Task 4068,Detailed description for task number 4068,Medium,Open
4069,Task 4069,Detailed description for task number 4069,Medium,Open
4070,Task 4070,Detailed description for task number 4070,High,Review
4071,Task 4071,Detailed description for task number 4071,Critical,In Progress
4072,Task 4072,Detailed description for task number 4072,Medium,In Progress
4073,Task 4073,Detailed description for task number 4073,Critical,Open
4074,Task 4074,Detailed description for task number 4074,Medium,Done
4075,Task 4075,Detailed description for task number 4075,Critical,Done
4076,,Missing title error,Unknown,Open
4077,Task 4077,Detailed description for task number 4077,Critical,Review
4078,Task 4078,Detailed description for task number 4078,Low,Review
4079,Task 4079,Detailed description for task number 4079,Low,Review
4080,Task 4080,Detailed description for task number 4080,Medium,Open
4081,Task 4081,Detailed description for task number 4081,Critical,Open
4082,Task 4082,Detailed description for task number 4082,High,In Progress
4083,Task 4083,Detailed description for task number 4083,High,In Progress
4084,Task 4084,Detailed description for task number 4084,Medium,Open
4085,Task 4085,Detailed description for task number 4085,High,In Progress
4086,Task 4086,Detailed description for task number 4086,High,Done
4087,Task 4087,Detailed description for task number 4087,High,Review
4088,Task 4088,Detailed description for task number 4088,Medium,In Progress
4089,Task 4089,Detailed description for task number 4089,High,Review
4090,Task 4090,Detailed description for task number 4090,Low,In Progress
4091,Task 4091,Detailed description for task number 4091,Low,Done
4092,Task 4092,Detailed description for task number 4092,High,In Progress
4093,Task 4093,Detailed description for task number 4093,Medium,Review
4094,Task 4094,Detailed description for task number 4094,Low,In Progress
4095,Task 4095,Detailed description for task number 4095,Low,Review
4096,Task 4096,Detailed description for task number 4096,High,Open
4097,Task 4097,Detailed description for task number 4097,Medium,Open
4098,Task 4098,Detailed description for task number 4098,Medium,Done
4099,Task 4099,Detailed description for task number 4099,Medium,Done
4100,Task 4100,Detailed description for task number 4100,High,In Progress
4101,,Missing title error,Unknown,Open
4102,Task 4102,Detailed description for task number 4102,High,In Progress
4103,Task 4103,Detailed description for task number 4103,Low,Done
4104,Task 4104,Detailed description for task number 4104,Medium,Open
4105,Task 4105,Detailed description for task number 4105,Critical,Review
4106,,Missing title error,Unknown,Open
4107,Task 4107,Detailed description for task number 4107,Critical,Open
4108,Task 4108,Detailed description for task number 4108,High,In Progress
4109,Task 4109,Detailed description for task number 4109,Critical,Open
4110,Task 4110,Detailed description for task number 4110,Medium,Done
4111,Task 4111,Detailed description for task number 4111,Medium,In Progress
4112,Task 4112,Detailed description for task number 4112,Low,Open
4113,Task 4113,Detailed description for task number 4113,Low,Open
4114,Task 4114,Detailed description for task number 4114,Low,In Progress
4115,Task 4115,Detailed description for task number 4115,Medium,Done
4116,Task 4116,Detailed description for task number 4116,Low,Open
4117,Task 4117,Detailed description for task number 4117,Low,Review
4118,Task 4118,Detailed description for task number 4118,High,In Progress
4119,Task 4119,Detailed description for task number 4119,Critical,Done
4120,Task 4120,Detailed description for task number 4120,Low,Review
4121,Task 4121,Detailed description for task number 4121,Critical,Done
4122,Task 4122,Detailed description for task number 4122,Medium,Open
4123,Task 4123,Detailed description for task number 4123,Low,Open
4124,Task 4124,Detailed description for task number 4124,High,Done
4125,Task 4125,Detailed description for task number 4125,Medium,Done
4126,Task 4126,Detailed description for task number 4126,Low,Open
4127,Task 4127,Detailed description for task number 4127,High,Done
4128,Task 4128,Detailed description for task number 4128,Critical,Open
4129,Task 4129,Detailed description for task number 4129,Medium,Review
4130,Task 4130,Detailed description for task number 4130,Medium,Done
4131,Task 4131,Detailed description for task number 4131,Medium,In Progress
4132,Task 4132,Detailed description for task number 4132,Medium,Open
4133,Task 4133,Detailed description for task number 4133,Medium,Review
4134,Task 4134,Detailed description for task number 4134,Medium,Review
4135,Task 4135,Detailed description for task number 4135,Critical,In Progress
4136,Task 4136,Detailed description for task number 4136,Critical,Review
4137,Task 4137,Detailed description for task number 4137,Medium,Open
4138,Task 4138,Detailed description for task number 4138,Critical,Done
4139,Task 4139,Detailed description for task number 4139,High,In Progress
4140,Task 4140,Detailed description for task number 4140,High,Open
4141,Task 4141,Detailed description for task number 4141,High,Review
4142,Task 4142,Detailed description for task number 4142,High,Done
4143,Task 4143,Detailed description for task number 4143,Low,Review
4144,Task 4144,Detailed description for task number 4144,Medium,Done
4145,Task 4145,Detailed description for task number 4145,Low,Done
4146,Task 4146,Detailed description for task number 4146,Critical,Done
4147,Task 4147,Detailed description for task number 4147,Low,Open
4148,Task 4148,Detailed description for task number 4148,High,In Progress
4149,Task 4149,Detailed description for task number 4149,Low,Open
4150,Task 4150,Detailed description for task number 4150,Medium,Open
4151,Task 4151,Detailed description for task number 4151,Medium,In Progress
4152,Task 4152,Detailed description for task number 4152,Critical,Open
4153,Task 4153,Detailed description for task number 4153,High,Open
4154,Task 4154,Detailed description for task number 4154,Medium,Done
4155,Task 4155,Detailed description for task number 4155,Critical,Done
4156,Task 4156,Detailed description for task number 4156,High,Done
4157,Task 4157,Detailed description for task number 4157,Low,Open
4158,,Missing title error,Unknown,Open
4159,Task 4159,Detailed description for task number 4159,Critical,In Progress
4160,Task 4160,Detailed description for task number 4160,High,In Progress
4161,Task 4161,Detailed description for task number 4161,Low,Review
4162,Task 4162,Detailed description for task number 4162,Medium,In Progress
4163,Task 4163,Detailed description for task number 4163,Low,In Progress
4164,Task 4164,Detailed description for task number 4164,Critical,Review
4165,Task 4165,Detailed description for task number 4165,Medium,Done
4166,Task 4166,Detailed description for task number 4166,High,In Progress
4167,,Missing title error,Unknown,Open
4168,Task 4168,Detailed description for task number 4168,Low,Review
4169,Task 4169,Detailed description for task number 4169,High,Review
4170,Task 4170,Detailed description for task number 4170,Medium,Review
4171,Task 4171,Detailed description for task number 4171,Critical,Done
4172,Task 4172,Detailed description for task number 4172,Critical,In Progress
4173,Task 4173,Detailed description for task number 4173,High,Open
4174,Task 4174,Detailed description for task number 4174,Critical,Done
4175,Task 4175,Detailed description for task number 4175,Medium,Done
4176,Task 4176,Detailed description for task number 4176,Critical,Open
4177,Task 4177,Detailed description for task number 4177,High,In Progress
4178,Task 4178,Detailed description for task number 4178,Critical,Review
4179,Task 4179,Detailed description for task number 4179,Critical,Done
4180,Task 4180,Detailed description for task number 4180,Critical,Open
4181,Task 4181,Detailed description for task number 4181,Low,Open
4182,Task 4182,Detailed description for task number 4182,Medium,Done
4183,Task 4183,Detailed description for task number 4183,Medium,In Progress
4184,Task 4184,Detailed description for task number 4184,High,In Progress
4185,Task 4185,Detailed description for task number 4185,Low,Done
4186,Task 4186,Detailed description for task number 4186,Medium,Open
4187,Task 4187,Detailed description for task number 4187,High,Done
4188,Task 4188,Detailed description for task number 4188,Low,Done
4189,Task 4189,Detailed description for task number 4189,Medium,In Progress
4190,Task 4190,Detailed description for task number 4190,High,In Progress
4191,Task 4191,Detailed description for task number 4191,Medium,Done
4192,Task 4192,Detailed description for task number 4192,High,In Progress
4193,Task 4193,Detailed description for task number 4193,Low,Review
4194,Task 4194,Detailed description for task number 4194,Low,Open
4195,Task 4195,Detailed description for task number 4195,High,Review
4196,Task 4196,Detailed description for task number 4196,Low,Done
4197,Task 4197,Detailed description for task number 4197,Medium,Done
4198,Task 4198,Detailed description for task number 4198,Low,Review
4199,Task 4199,Detailed description for task number 4199,Medium,In Progress
4200,Task 4200,Detailed description for task number 4200,High,Review
4201,Task 4201,Detailed description for task number 4201,Medium,Review
4202,Task 4202,Detailed description for task number 4202,High,Review
4203,Task 4203,Detailed description for task number 4203,High,Open
4204,Task 4204,Detailed description for task number 4204,Medium,In Progress
4205,Task 4205,Detailed description for task number 4205,High,Done
4206,,Missing title error,Unknown,Open
4207,Task 4207,Detailed description for task number 4207,Low,Done
4208,Task 4208,Detailed description for task number 4208,Medium,Open
4209,,Missing title error,Unknown,Open
4210,Task 4210,Detailed description for task number 4210,Critical,Open
4211,Task 4211,Detailed description for task number 4211,Low,Review
4212,Task 4212,Detailed description for task number 4212,Medium,Open
4213,Task 4213,Detailed description for task number 4213,High,In Progress
4214,Task 4214,Detailed description for task number 4214,Low,Review
4215,Task 4215,Detailed description for task number 4215,Medium,In Progress
4216,Task 4216,Detailed description for task number 4216,High,Open
4217,Task 4217,Detailed description for task number 4217,Critical,Done
4218,Task 4218,Detailed description for task number 4218,Low,In Progress
4219,Task 4219,Detailed description for task number 4219,Critical,Done
4220,Task 4220,Detailed description for task number 4220,High,Review
4221,Task 4221,Detailed description for task number 4221,Low,Review
4222,Task 4222,Detailed description for task number 4222,Critical,Done
4223,Task 4223,Detailed description for task number 4223,Low,In Progress
4224,Task 4224,Detailed description for task number 4224,Low,Open
4225,Task 4225,Detailed description for task number 4225,Critical,Open
4226,Task 4226,Detailed description for task number 4226,High,Review
4227,Task 4227,Detailed description for task number 4227,Low,In Progress
4228,Task 4228,Detailed description for task number 4228,Low,Review
4229,Task 4229,Detailed description for task number 4229,Medium,In Progress
4230,Task 4230,Detailed description for task number 4230,High,Review
4231,Task 4231,Detailed description for task number 4231,Critical,In Progress
4232,Task 4232,Detailed description for task number 4232,Medium,Review
4233,,Missing title error,Unknown,Open
4234,Task 4234,Detailed description for task number 4234,Low,Open
4235,Task 4235,Detailed description for task number 4235,High,Done
4236,Task 4236,Detailed description for task number 4236,Low,Open
4237,Task 4237,Detailed description for task number 4237,Medium,Review
4238,Task 4238,Detailed description for task number 4238,Medium,Open
4239,Task 4239,Detailed description for task number 4239,High,In Progress
4240,Task 4240,Detailed description for task number 4240,Medium,Review
4241,Task 4241,Detailed description for task number 4241,Critical,Done
4242,Task 4242,Detailed description for task number 4242,Critical,Done
4243,Task 4243,Detailed description for task number 4243,Low,Open
4244,Task 4244,Detailed description for task number 4244,Low,Review
4245,Task 4245,Detailed description for task number 4245,Medium,Done
4246,Task 4246,Detailed description for task number 4246,Critical,Review
4247,Task 4247,Detailed description for task number 4247,Critical,Review
4248,Task 4248,Detailed description for task number 4248,High,Open
4249,Task 4249,Detailed description for task number 4249,Medium,Review
4250,Task 4250,Detailed description for task number 4250,High,Done
4251,Task 4251,Detailed description for task number 4251,Critical,Review
4252,Task 4252,Detailed description for task number 4252,Low,Open
4253,Task 4253,Detailed description for task number 4253,High,In Progress
4254,Task 4254,Detailed description for task number 4254,Critical,Done
4255,Task 4255,Detailed description for task number 4255,Low,Review
4256,Task 4256,Detailed description for task number 4256,Low,Review
4257,Task 4257,Detailed description for task number 4257,Low,In Progress
4258,Task 4258,Detailed description for task number 4258,Low,Done
4259,Task 4259,Detailed description for task number 4259,Low,Open
4260,Task 4260,Detailed description for task number 4260,Low,Done
4261,Task 4261,Detailed description for task number 4261,Low,Open
4262,Task 4262,Detailed description for task number 4262,Critical,Done
4263,Task 4263,Detailed description for task number 4263,Critical,In Progress
4264,Task 4264,Detailed description for task number 4264,Critical,Done
4265,Task 4265,Detailed description for task number 4265,High,In Progress
4266,Task 4266,Detailed description for task number 4266,High,Done
4267,Task 4267,Detailed description for task number 4267,Critical,In Progress
4268,Task 4268,Detailed description for task number 4268,Low,In Progress
4269,Task 4269,Detailed description for task number 4269,Medium,Done
4270,Task 4270,Detailed description for task number 4270,Medium,Open
4271,Task 4271,Detailed description for task number 4271,High,In Progress
4272,Task 4272,Detailed description for task number 4272,Low,Open
4273,Task 4273,Detailed description for task number 4273,High,Open
4274,Task 4274,Detailed description for task number 4274,Low,In Progress
4275,Task 4275,Detailed description for task number 4275,Medium,Review
4276,Task 4276,Detailed description for task number 4276,Critical,Review
4277,Task 4277,Detailed description for task number 4277,Medium,Review
4278,Task 4278,Detailed description for task number 4278,Low,Open
4279,Task 4279,Detailed description for task number 4279,Low,Open
4280,Task 4280,Detailed description for task number 4280,Medium,Done
4281,Task 4281,Detailed description for task number 4281,Low,Review
4282,Task 4282,Detailed description for task number 4282,Critical,Done
4283,Task 4283,Detailed description for task number 4283,High,In Progress
4284,Task 4284,Detailed description for task number 4284,Critical,Done
4285,Task 4285,Detailed description for task number 4285,High,Open
4286,Task 4286,Detailed description for task number 4286,Medium,Done
4287,Task 4287,Detailed description for task number 4287,Medium,Review
4288,Task 4288,Detailed description for task number 4288,Critical,Review
4289,Task 4289,Detailed description for task number 4289,Medium,In Progress
4290,Task 4290,Detailed description for task number 4290,Low,Open
4291,Task 4291,Detailed description for task number 4291,Medium,Review
4292,Task 4292,Detailed description for task number 4292,Medium,Open
4293,,Missing title error,Unknown,Open
4294,Task 4294,Detailed description for task number 4294,Low,Done
4295,Task 4295,Detailed description for task number 4295,Medium,Done
4296,Task 4296,Detailed description for task number 4296,High,Review
4297,Task 4297,Detailed description for task number 4297,Medium,Done
4298,Task 4298,Detailed description for task number 4298,Critical,Done
4299,Task 4299,Detailed description for task number 4299,Low,Open
4300,Task 4300,Detailed description for task number 4300,High,Done
4301,Task 4301,Detailed description for task number 4301,High,In Progress
4302,Task 4302,Detailed description for task number 4302,High,Done
4303,Task 4303,Detailed description for task number 4303,Critical,Review
4304,Task 4304,Detailed description for task number 4304,Low,In Progress
4305,Task 4305,Detailed description for task number 4305,Medium,Done
4306,Task 4306,Detailed description for task number 4306,Medium,Review
4307,Task 4307,Detailed description for task number 4307,Critical,Open
4308,Task 4308,Detailed description for task number 4308,Medium,Done
4309,Task 4309,Detailed description for task number 4309,High,Open
4310,Task 4310,Detailed description for task number 4310,High,Review
4311,Task 4311,Detailed description for task number 4311,High,In Progress
4312,Task 4312,Detailed description for task number 4312,Medium,Done
4313,Task 4313,Detailed description for task number 4313,Critical,Done
4314,Task 4314,Detailed description for task number 4314,High,Open
4315,Task 4315,Detailed description for task number 4315,High,In Progress
4316,Task 4316,Detailed description for task number 4316,Critical,Open
4317,Task 4317,Detailed description for task number 4317,Medium,Done
4318,Task 4318,Detailed description for task number 4318,Medium,Review
4319,Task 4319,Detailed description for task number 4319,Medium,Open
4320,Task 4320,Detailed description for task number 4320,Medium,In Progress
4321,Task 4321,Detailed description for task number 4321,Low,Review
4322,Task 4322,Detailed description for task number 4322,Medium,Open
4323,Task 4323,Detailed description for task number 4323,Critical,In Progress
4324,Task 4324,Detailed description for task number 4324,Low,Done
4325,Task 4325,Detailed description for task number 4325,Critical,Review
4326,Task 4326,Detailed description for task number 4326,High,In Progress
4327,Task 4327,Detailed description for task number 4327,High,Done
4328,Task 4328,Detailed description for task number 4328,Low,Done
4329,Task 4329,Detailed description for task number 4329,Critical,Done
4330,Task 4330,Detailed description for task number 4330,Medium,Done
4331,Task 4331,Detailed description for task number 4331,Critical,In Progress
4332,Task 4332,Detailed description for task number 4332,Low,Review
4333,Task 4333,Detailed description for task number 4333,Medium,In Progress
4334,Task 4334,Detailed description for task number 4334,Low,Review
4335,Task 4335,Detailed description for task number 4335,Critical,Done
4336,Task 4336,Detailed description for task number 4336,Low,In Progress
4337,Task 4337,Detailed description for task number 4337,Low,Open
4338,Task 4338,Detailed description for task number 4338,Critical,Review
4339,Task 4339,Detailed description for task number 4339,Low,Review
4340,Task 4340,Detailed description for task number 4340,Critical,Review
4341,Task 4341,Detailed description for task number 4341,Low,Done
4342,Task 4342,Detailed description for task number 4342,Critical,Done
4343,Task 4343,Detailed description for task number 4343,High,Done
4344,Task 4344,Detailed description for task number 4344,High,In Progress
4345,Task 4345,Detailed description for task number 4345,High,Done
4346,Task 4346,Detailed description for task number 4346,Medium,Review
4347,Task 4347,Detailed description for task number 4347,High,Review
4348,Task 4348,Detailed description for task number 4348,Critical,Done
4349,Task 4349,Detailed description for task number 4349,High,Done
4350,Task 4350,Detailed description for task number 4350,Medium,Open
4351,Task 4351,Detailed description for task number 4351,Critical,Done
4352,Task 4352,Detailed description for task number 4352,Medium,Done
4353,Task 4353,Detailed description for task number 4353,Medium,Done
4354,Task 4354,Detailed description for task number 4354,Medium,In Progress
4355,Task 4355,Detailed description for task number 4355,Low,Done
4356,Task 4356,Detailed description for task number 4356,Critical,Review
4357,Task 4357,Detailed description for task number 4357,Low,In Progress
4358,Task 4358,Detailed description for task number 4358,Medium,Review
4359,Task 4359,Detailed description for task number 4359,High,In Progress
4360,Task 4360,Detailed description for task number 4360,Critical,Review
4361,Task 4361,Detailed description for task number 4361,Critical,In Progress
4362,Task 4362,Detailed description for task number 4362,Medium,Open
4363,Task 4363,Detailed description for task number 4363,Medium,Review
4364,Task 4364,Detailed description for task number 4364,Medium,Done
4365,Task 4365,Detailed description for task number 4365,Medium,Review
4366,Task 4366,Detailed description for task number 4366,Critical,Done
4367,Task 4367,Detailed description for task number 4367,Low,Done
4368,Task 4368,Detailed description for task number 4368,High,Open
4369,Task 4369,Detailed description for task number 4369,High,In Progress
4370,Task 4370,Detailed description for task number 4370,Medium,In Progress
4371,Task 4371,Detailed description for task number 4371,Low,Open
4372,Task 4372,Detailed description for task number 4372,Medium,Done
4373,Task 4373,Detailed description for task number 4373,Low,Done
4374,Task 4374,Detailed description for task number 4374,Critical,Review
4375,Task 4375,Detailed description for task number 4375,High,Open
4376,Task 4376,Detailed description for task number 4376,Medium,Open
4377,Task 4377,Detailed description for task number 4377,Medium,In Progress
4378,Task 4378,Detailed description for task number 4378,Low,Open
4379,Task 4379,Detailed description for task number 4379,Critical,Done
4380,Task 4380,Detailed description for task number 4380,High,In Progress
4381,Task 4381,Detailed description for task number 4381,Critical,In Progress
4382,Task 4382,Detailed description for task number 4382,Low,Review
4383,Task 4383,Detailed description for task number 4383,Critical,Review
4384,Task 4384,Detailed description for task number 4384,Critical,Done
4385,Task 4385,Detailed description for task number 4385,Critical,Done
4386,Task 4386,Detailed description for task number 4386,High,Done
4387,Task 4387,Detailed description for task number 4387,Low,In Progress
4388,Task 4388,Detailed description for task number 4388,Medium,Review
4389,Task 4389,Detailed description for task number 4389,High,In Progress
4390,Task 4390,Detailed description for task number 4390,Medium,Done
4391,Task 4391,Detailed description for task number 4391,Medium,In Progress
4392,Task 4392,Detailed description for task number 4392,Low,Review
4393,Task 4393,Detailed description for task number 4393,High,In Progress
4394,Task 4394,Detailed description for task number 4394,Low,Open
4395,Task 4395,Detailed description for task number 4395,Low,In Progress
4396,Task 4396,Detailed description for task number 4396,Critical,Open
4397,Task 4397,Detailed description for task number 4397,Critical,Done
4398,Task 4398,Detailed description for task number 4398,Medium,In Progress
4399,Task 4399,Detailed description for task number 4399,Medium,Open
4400,Task 4400,Detailed description for task number 4400,Critical,In Progress
4401,Task 4401,Detailed description for task number 4401,High,Open
4402,Task 4402,Detailed description for task number 4402,Medium,Review
4403,Task 4403,Detailed description for task number 4403,Medium,Review
4404,Task 4404,Detailed description for task number 4404,Critical,Done
4405,Task 4405,Detailed description for task number 4405,Medium,Review
4406,Task 4406,Detailed description for task number 4406,High,Done
4407,Task 4407,Detailed description for task number 4407,Critical,Review
4408,Task 4408,Detailed description for task number 4408,High,In Progress
4409,Task 4409,Detailed description for task number 4409,Medium,Done
4410,Task 4410,Detailed description for task number 4410,High,Review
4411,Task 4411,Detailed description for task number 4411,High,In Progress
4412,Task 4412,Detailed description for task number 4412,High,Done
4413,Task 4413,Detailed description for task number 4413,High,Review
4414,Task 4414,Detailed description for task number 4414,Low,In Progress
4415,Task 4415,Detailed description for task number 4415,Critical,Review
4416,Task 4416,Detailed description for task number 4416,Medium,Done
4417,Task 4417,Detailed description for task number 4417,Critical,Review
4418,Task 4418,Detailed description for task number 4418,High,Done
4419,Task 4419,Detailed description for task number 4419,Low,In Progress
4420,Task 4420,Detailed description for task number 4420,Low,Done
4421,Task 4421,Detailed description for task number 4421,Low,In Progress
4422,Task 4422,Detailed description for task number 4422,Critical,In Progress
4423,Task 4423,Detailed description for task number 4423,Low,Review
4424,Task 4424,Detailed description for task number 4424,Low,Open
4425,Task 4425,Detailed description for task number 4425,Low,Done
4426,Task 4426,Detailed description for task number 4426,High,Done
4427,Task 4427,Detailed description for task number 4427,Critical,Open
4428,Task 4428,Detailed description for task number 4428,High,Done
4429,Task 4429,Detailed description for task number 4429,Medium,Done
4430,Task 4430,Detailed description for task number 4430,Medium,Review
4431,Task 4431,Detailed description for task number 4431,High,Open
4432,Task 4432,Detailed description for task number 4432,Critical,Review
4433,Task 4433,Detailed description for task number 4433,Critical,Done
4434,Task 4434,Detailed description for task number 4434,Medium,Done
4435,Task 4435,Detailed description for task number 4435,Low,Done
4436,Task 4436,Detailed description for task number 4436,Critical,Open
4437,Task 4437,Detailed description for task number 4437,Low,In Progress
4438,Task 4438,Detailed description for task number 4438,Critical,In Progress
4439,Task 4439,Detailed description for task number 4439,Critical,Review
4440,Task 4440,Detailed description for task number 4440,Critical,Review
4441,Task 4441,Detailed description for task number 4441,High,Open
4442,Task 4442,Detailed description for task number 4442,Low,Open
4443,Task 4443,Detailed description for task number 4443,High,In Progress
4444,Task 4444,Detailed description for task number 4444,Medium,In Progress
4445,Task 4445,Detailed description for task number 4445,Medium,In Progress
4446,Task 4446,Detailed description for task number 4446,Low,Open
4447,Task 4447,Detailed description for task number 4447,Medium,Open
4448,Task 4448,Detailed description for task number 4448,Medium,Review
4449,Task 4449,Detailed description for task number 4449,Critical,Open
4450,Task 4450,Detailed description for task number 4450,Critical,In Progress
4451,Task 4451,Detailed description for task number 4451,High,In Progress
4452,Task 4452,Detailed description for task number 4452,Critical,Done
4453,Task 4453,Detailed description for task number 4453,Medium,Review
4454,Task 4454,Detailed description for task number 4454,Critical,Open
4455,Task 4455,Detailed description for task number 4455,Critical,Review
4456,Task 4456,Detailed description for task number 4456,Low,In Progress
4457,Task 4457,Detailed description for task number 4457,High,Done
4458,Task 4458,Detailed description for task number 4458,Critical,Done
4459,Task 4459,Detailed description for task number 4459,Medium,Done
4460,Task 4460,Detailed description for task number 4460,High,Open
4461,Task 4461,Detailed description for task number 4461,High,Done
4462,Task 4462,Detailed description for task number 4462,Low,Done
4463,Task 4463,Detailed description for task number 4463,High,Review
4464,Task 4464,Detailed description for task number 4464,Low,In Progress
4465,Task 4465,Detailed description for task number 4465,Low,In Progress
4466,,Missing title error,Unknown,Open
4467,Task 4467,Detailed description for task number 4467,Low,Done
4468,Task 4468,Detailed description for task number 4468,Medium,Open
4469,Task 4469,Detailed description for task number 4469,Low,Open
4470,Task 4470,Detailed description for task number 4470,Low,Open
4471,Task 4471,Detailed description for task number 4471,Low,In Progress
4472,Task 4472,Detailed description for task number 4472,Low,Done
4473,Task 4473,Detailed description for task number 4473,Critical,In Progress
4474,Task 4474,Detailed description for task number 4474,Critical,Review
4475,Task 4475,Detailed description for task number 4475,Critical,Review
4476,Task 4476,Detailed description for task number 4476,Low,In Progress
4477,Task 4477,Detailed description for task number 4477,Critical,Review
4478,Task 4478,Detailed description for task number 4478,Low,Done
4479,Task 4479,Detailed description for task number 4479,High,In Progress
4480,Task 4480,Detailed description for task number 4480,Critical,Open
4481,Task 4481,Detailed description for task number 4481,Medium,In Progress
4482,Task 4482,Detailed description for task number 4482,Low,Open
4483,Task 4483,Detailed description for task number 4483,Low,Open
4484,Task 4484,Detailed description for task number 4484,Medium,Open
4485,Task 4485,Detailed description for task number 4485,Critical,Review
4486,Task 4486,Detailed description for task number 4486,Critical,Open
4487,Task 4487,Detailed description for task number 4487,High,In Progress
4488,Task 4488,Detailed description for task number 4488,High,Open
4489,Task 4489,Detailed description for task number 4489,Critical,Open
4490,Task 4490,Detailed description for task number 4490,Critical,Open
4491,Task 4491,Detailed description for task number 4491,High,Review
4492,Task 4492,Detailed description for task number 4492,High,Review
4493,Task 4493,Detailed description for task number 4493,Low,In Progress
4494,Task 4494,Detailed description for task number 4494,Medium,In Progress
4495,Task 4495,Detailed description for task number 4495,High,Review
4496,Task 4496,Detailed description for task number 4496,Medium,Open
4497,Task 4497,Detailed description for task number 4497,Low,In Progress
4498,Task 4498,Detailed description for task number 4498,Low,In Progress
4499,Task 4499,Detailed description for task number 4499,Critical,In Progress
4500,Task 4500,Detailed description for task number 4500,Critical,Review
4501,Task 4501,Detailed description for task number 4501,High,Open
4502,Task 4502,Detailed description for task number 4502,Low,Review
4503,Task 4503,Detailed description for task number 4503,Low,Done
4504,Task 4504,Detailed description for task number 4504,Critical,Open
4505,Task 4505,Detailed description for task number 4505,Low,In Progress
4506,Task 4506,Detailed description for task number 4506,Critical,Done
4507,Task 4507,Detailed description for task number 4507,Medium,Open
4508,Task 4508,Detailed description for task number 4508,Low,Open
4509,Task 4509,Detailed description for task number 4509,Low,In Progress
4510,Task 4510,Detailed description for task number 4510,Medium,Done
4511,Task 4511,Detailed description for task number 4511,High,Done
4512,Task 4512,Detailed description for task number 4512,Critical,Open
4513,Task 4513,Detailed description for task number 4513,Medium,Done
4514,Task 4514,Detailed description for task number 4514,High,Open
4515,Task 4515,Detailed description for task number 4515,High,Open
4516,Task 4516,Detailed description for task number 4516,Low,In Progress
4517,Task 4517,Detailed description for task number 4517,Medium,In Progress
4518,Task 4518,Detailed description for task number 4518,High,In Progress
4519,Task 4519,Detailed description for task number 4519,Critical,Open
4520,Task 4520,Detailed description for task number 4520,Critical,Open
4521,Task 4521,Detailed description for task number 4521,Critical,Review
4522,Task 4522,Detailed description for task number 4522,Low,Review
4523,Task 4523,Detailed description for task number 4523,Low,Open
4524,Task 4524,Detailed description for task number 4524,Medium,Review
4525,Task 4525,Detailed description for task number 4525,High,Open
4526,Task 4526,Detailed description for task number 4526,Medium,Review
4527,Task 4527,Detailed description for task number 4527,High,Open
4528,Task 4528,Detailed description for task number 4528,High,In Progress
4529,Task 4529,Detailed description for task number 4529,Critical,Review
4530,Task 4530,Detailed description for task number 4530,Low,Done
4531,Task 4531,Detailed description for task number 4531,Critical,Open
4532,Task 4532,Detailed description for task number 4532,Critical,In Progress
4533,Task 4533,Detailed description for task number 4533,Low,Review
4534,Task 4534,Detailed description for task number 4534,Medium,In Progress
4535,Task 4535,Detailed description for task number 4535,Medium,Done
4536,Task 4536,Detailed description for task number 4536,Critical,Open
4537,Task 4537,Detailed description for task number 4537,High,Done
4538,Task 4538,Detailed description for task number 4538,Low,In Progress
4539,Task 4539,Detailed description for task number 4539,Critical,Review
4540,Task 4540,Detailed description for task number 4540,Low,Open
4541,Task 4541,Detailed description for task number 4541,Low,Open
4542,Task 4542,Detailed description for task number 4542,Medium,In Progress
4543,Task 4543,Detailed description for task number 4543,Medium,In Progress
4544,Task 4544,Detailed description for task number 4544,Low,In Progress
4545,Task 4545,Detailed description for task number 4545,Low,In Progress
4546,Task 4546,Detailed description for task number 4546,Medium,Open
4547,Task 4547,Detailed description for task number 4547,Critical,Open
4548,Task 4548,Detailed description for task number 4548,Low,Open
4549,Task 4549,Detailed description for task number 4549,Medium,Open
4550,Task 4550,Detailed description for task number 4550,Critical,Done
4551,Task 4551,Detailed description for task number 4551,High,In Progress
4552,Task 4552,Detailed description for task number 4552,Critical,Done
4553,,Missing title error,Unknown,Open
4554,Task 4554,Detailed description for task number 4554,High,Done
4555,Task 4555,Detailed description for task number 4555,Critical,Open
4556,Task 4556,Detailed description for task number 4556,Critical,In Progress
4557,Task 4557,Detailed description for task number 4557,Low,In Progress
4558,Task 4558,Detailed description for task number 4558,High,In Progress
4559,Task 4559,Detailed description for task number 4559,Low,Open
4560,Task 4560,Detailed description for task number 4560,Low,Done
4561,Task 4561,Detailed description for task number 4561,Low,In Progress
4562,Task 4562,Detailed description for task number 4562,Low,Open
4563,Task 4563,Detailed description for task number 4563,High,Open
4564,Task 4564,Detailed description for task number 4564,High,Done
4565,Task 4565,Detailed description for task number 4565,High,Done
4566,Task 4566,Detailed description for task number 4566,High,Open
4567,Task 4567,Detailed description for task number 4567,Low,Review
4568,Task 4568,Detailed description for task number 4568,Critical,In Progress
4569,Task 4569,Detailed description for task number 4569,Critical,In Progress
4570,Task 4570,Detailed description for task number 4570,Medium,Review
4571,Task 4571,Detailed description for task number 4571,Critical,In Progress
4572,Task 4572,Detailed description for task number 4572,Critical,Done
4573,Task 4573,Detailed description for task number 4573,Medium,Done
4574,Task 4574,Detailed description for task number 4574,Low,Open
4575,Task 4575,Detailed description for task number 4575,Critical,Open
4576,Task 4576,Detailed description for task number 4576,Critical,Review
4577,Task 4577,Detailed description for task number 4577,Medium,Review
4578,Task 4578,Detailed description for task number 4578,High,Open
4579,Task 4579,Detailed description for task number 4579,Medium,In Progress
4580,Task 4580,Detailed description for task number 4580,Critical,In Progress
4581,Task 4581,Detailed description for task number 4581,High,In Progress
4582,Task 4582,Detailed description for task number 4582,Medium,In Progress
4583,Task 4583,Detailed description for task number 4583,Medium,Review
4584,Task 4584,Detailed description for task number 4584,Low,Open
4585,Task 4585,Detailed description for task number 4585,High,In Progress
4586,Task 4586,Detailed description for task number 4586,Low,Review
4587,Task 4587,Detailed description for task number 4587,Critical,Open
4588,Task 4588,Detailed description for task number 4588,Medium,Open
4589,Task 4589,Detailed description for task number 4589,Medium,In Progress
4590,Task 4590,Detailed description for task number 4590,Critical,In Progress
4591,Task 4591,Detailed description for task number 4591,Low,In Progress
4592,Task 4592,Detailed description for task number 4592,Low,Done
4593,Task 4593,Detailed description for task number 4593,Medium,In Progress
4594,Task 4594,Detailed description for task number 4594,Critical,In Progress
4595,Task 4595,Detailed description for task number 4595,High,In Progress
4596,Task 4596,Detailed description for task number 4596,Low,Review
4597,Task 4597,Detailed description for task number 4597,Medium,In Progress
4598,Task 4598,Detailed description for task number 4598,Critical,Open
4599,Task 4599,Detailed description for task number 4599,Low,Review
4600,Task 4600,Detailed description for task number 4600,Low,Review
4601,Task 4601,Detailed description for task number 4601,Critical,Done
4602,Task 4602,Detailed description for task number 4602,Medium,In Progress
4603,Task 4603,Detailed description for task number 4603,Low,Open
4604,Task 4604,Detailed description for task number 4604,Low,Review
4605,Task 4605,Detailed description for task number 4605,Critical,Review
4606,Task 4606,Detailed description for task number 4606,High,Review
4607,Task 4607,Detailed description for task number 4607,High,In Progress
4608,Task 4608,Detailed description for task number 4608,High,Done
4609,Task 4609,Detailed description for task number 4609,High,Review
4610,Task 4610,Detailed description for task number 4610,High,In Progress
4611,Task 4611,Detailed description for task number 4611,High,Review
4612,Task 4612,Detailed description for task number 4612,Medium,Open
4613,Task 4613,Detailed description for task number 4613,Medium,Open
4614,Task 4614,Detailed description for task number 4614,Low,Done
4615,Task 4615,Detailed description for task number 4615,Critical,Done
4616,Task 4616,Detailed description for task number 4616,Critical,Review
4617,Task 4617,Detailed description for task number 4617,Medium,Open
4618,Task 4618,Detailed description for task number 4618,High,Done
4619,Task 4619,Detailed description for task number 4619,High,Review
4620,Task 4620,Detailed description for task number 4620,High,In Progress
4621,Task 4621,Detailed description for task number 4621,Critical,Done
4622,Task 4622,Detailed description for task number 4622,High,Done
4623,Task 4623,Detailed description for task number 4623,Critical,In Progress
4624,Task 4624,Detailed description for task number 4624,Critical,Open
4625,Task 4625,Detailed description for task number 4625,Critical,Open
4626,Task 4626,Detailed description for task number 4626,Medium,Review
4627,Task 4627,Detailed description for task number 4627,High,Open
4628,Task 4628,Detailed description for task number 4628,Critical,Open
4629,Task 4629,Detailed description for task number 4629,Critical,Done
4630,Task 4630,Detailed description for task number 4630,Critical,In Progress
4631,Task 4631,Detailed description for task number 4631,Low,Open
4632,Task 4632,Detailed description for task number 4632,Medium,Open
4633,Task 4633,Detailed description for task number 4633,Low,Done
4634,Task 4634,Detailed description for task number 4634,Low,In Progress
4635,Task 4635,Detailed description for task number 4635,Critical,Review
4636,Task 4636,Detailed description for task number 4636,Medium,Review
4637,Task 4637,Detailed description for task number 4637,High,Done
4638,Task 4638,Detailed description for task number 4638,Critical,Done
4639,Task 4639,Detailed description for task number 4639,High,Done
4640,Task 4640,Detailed description for task number 4640,Critical,Open
4641,Task 4641,Detailed description for task number 4641,High,Review
4642,Task 4642,Detailed description for task number 4642,High,Open
4643,Task 4643,Detailed description for task number 4643,Critical,Review
4644,Task 4644,Detailed description for task number 4644,High,Open
4645,Task 4645,Detailed description for task number 4645,High,In Progress
4646,Task 4646,Detailed description for task number 4646,Medium,In Progress
4647,Task 4647,Detailed description for task number 4647,Medium,Open
4648,Task 4648,Detailed description for task number 4648,High,In Progress
4649,Task 4649,Detailed description for task number 4649,Low,In Progress
4650,Task 4650,Detailed description for task number 4650,Medium,Open
4651,Task 4651,Detailed description for task number 4651,High,Open
4652,Task 4652,Detailed description for task number 4652,Critical,Open
4653,Task 4653,Detailed description for task number 4653,Medium,Done
4654,Task 4654,Detailed description for task number 4654,Low,Done
4655,Task 4655,Detailed description for task number 4655,High,In Progress
4656,Task 4656,Detailed description for task number 4656,Critical,In Progress
4657,Task 4657,Detailed description for task number 4657,Critical,In Progress
4658,Task 4658,Detailed description for task number 4658,High,Done
4659,Task 4659,Detailed description for task number 4659,High,In Progress
4660,Task 4660,Detailed description for task number 4660,Critical,Review
4661,Task 4661,Detailed description for task number 4661,Critical,Review
4662,Task 4662,Detailed description for task number 4662,Medium,In Progress
4663,Task 4663,Detailed description for task number 4663,Low,In Progress
4664,Task 4664,Detailed description for task number 4664,High,In Progress
4665,Task 4665,Detailed description for task number 4665,High,In Progress
4666,Task 4666,Detailed description for task number 4666,High,Review
4667,Task 4667,Detailed description for task number 4667,Medium,Review
4668,Task 4668,Detailed description for task number 4668,Critical,Review
4669,Task 4669,Detailed description for task number 4669,High,In Progress
4670,Task 4670,Detailed description for task number 4670,Critical,Open
4671,Task 4671,Detailed description for task number 4671,Low,Review
4672,Task 4672,Detailed description for task number 4672,Low,Review
4673,Task 4673,Detailed description for task number 4673,Medium,Review
4674,Task 4674,Detailed description for task number 4674,Critical,In Progress
4675,Task 4675,Detailed description for task number 4675,Medium,Open
4676,Task 4676,Detailed description for task number 4676,Critical,Review
4677,Task 4677,Detailed description for task number 4677,High,Open
4678,Task 4678,Detailed description for task number 4678,High,Open
4679,Task 4679,Detailed description for task number 4679,Medium,In Progress
4680,Task 4680,Detailed description for task number 4680,Medium,Open
4681,Task 4681,Detailed description for task number 4681,Medium,Review
4682,Task 4682,Detailed description for task number 4682,Medium,Done
4683,Task 4683,Detailed description for task number 4683,Medium,Open
4684,Task 4684,Detailed description for task number 4684,Low,In Progress
4685,Task 4685,Detailed description for task number 4685,Critical,Review
4686,,Missing title error,Unknown,Open
4687,Task 4687,Detailed description for task number 4687,High,Open
4688,Task 4688,Detailed description for task number 4688,Critical,In Progress
4689,Task 4689,Detailed description for task number 4689,Critical,Done
4690,Task 4690,Detailed description for task number 4690,Medium,Review
4691,Task 4691,Detailed description for task number 4691,High,In Progress
4692,Task 4692,Detailed description for task number 4692,Medium,Open
4693,Task 4693,Detailed description for task number 4693,Low,Done
4694,Task 4694,Detailed description for task number 4694,Medium,Done
4695,Task 4695,Detailed description for task number 4695,Critical,Done
4696,Task 4696,Detailed description for task number 4696,Medium,Review
4697,Task 4697,Detailed description for task number 4697,Medium,Open
4698,Task 4698,Detailed description for task number 4698,Low,In Progress
4699,Task 4699,Detailed description for task number 4699,Low,Open
4700,Task 4700,Detailed description for task number 4700,Critical,Open
4701,Task 4701,Detailed description for task number 4701,Low,Review
4702,Task 4702,Detailed description for task number 4702,Low,Review
4703,Task 4703,Detailed description for task number 4703,High,Review
4704,Task 4704,Detailed description for task number 4704,Medium,In Progress
4705,Task 4705,Detailed description for task number 4705,Critical,Review
4706,Task 4706,Detailed description for task number 4706,High,Open
4707,Task 4707,Detailed description for task number 4707,High,In Progress
4708,Task 4708,Detailed description for task number 4708,Medium,Done
4709,Task 4709,Detailed description for task number 4709,Medium,Review
4710,Task 4710,Detailed description for task number 4710,Low,Done
4711,Task 4711,Detailed description for task number 4711,Low,Done
4712,Task 4712,Detailed description for task number 4712,Critical,In Progress
4713,Task 4713,Detailed description for task number 4713,Critical,Done
4714,Task 4714,Detailed description for task number 4714,High,Open
4715,Task 4715,Detailed description for task number 4715,High,Open
4716,Task 4716,Detailed description for task number 4716,Medium,Review
4717,Task 4717,Detailed description for task number 4717,Critical,In Progress
4718,Task 4718,Detailed description for task number 4718,Low,Open
4719,Task 4719,Detailed description for task number 4719,High,In Progress
4720,Task 4720,Detailed description for task number 4720,Low,Review
4721,Task 4721,Detailed description for task number 4721,High,Review
4722,Task 4722,Detailed description for task number 4722,Medium,Review
4723,Task 4723,Detailed description for task number 4723,Low,In Progress
4724,Task 4724,Detailed description for task number 4724,High,In Progress
4725,Task 4725,Detailed description for task number 4725,Low,In Progress
4726,Task 4726,Detailed description for task number 4726,Medium,Open
4727,Task 4727,Detailed description for task number 4727,Low,Done
4728,Task 4728,Detailed description for task number 4728,Low,Done
4729,Task 4729,Detailed description for task number 4729,Medium,In Progress
4730,Task 4730,Detailed description for task number 4730,Low,Done
4731,Task 4731,Detailed description for task number 4731,Low,Done
4732,Task 4732,Detailed description for task number 4732,Low,Done
4733,Task 4733,Detailed description for task number 4733,Medium,In Progress
4734,Task 4734,Detailed description for task number 4734,High,In Progress
4735,Task 4735,Detailed description for task number 4735,Low,Done
4736,Task 4736,Detailed description for task number 4736,Low,Open
4737,Task 4737,Detailed description for task number 4737,Low,Review
4738,Task 4738,Detailed description for task number 4738,Medium,Review
4739,Task 4739,Detailed description for task number 4739,Critical,Done
4740,Task 4740,Detailed description for task number 4740,Medium,In Progress
4741,Task 4741,Detailed description for task number 4741,High,Open
4742,Task 4742,Detailed description for task number 4742,High,Open
4743,Task 4743,Detailed description for task number 4743,Critical,In Progress
4744,Task 4744,Detailed description for task number 4744,High,In Progress
4745,Task 4745,Detailed description for task number 4745,Critical,Open
4746,Task 4746,Detailed description for task number 4746,Critical,In Progress
4747,Task 4747,Detailed description for task number 4747,Medium,In Progress
4748,Task 4748,Detailed description for task number 4748,Low,Open
4749,Task 4749,Detailed description for task number 4749,Critical,Review
4750,Task 4750,Detailed description for task number 4750,Critical,Done
4751,Task 4751,Detailed description for task number 4751,Critical,Review
4752,Task 4752,Detailed description for task number 4752,High,Open
4753,Task 4753,Detailed description for task number 4753,Low,In Progress
4754,Task 4754,Detailed description for task number 4754,Critical,Done
4755,Task 4755,Detailed description for task number 4755,High,Done
4756,Task 4756,Detailed description for task number 4756,High,Review
4757,Task 4757,Detailed description for task number 4757,Medium,Done
4758,Task 4758,Detailed description for task number 4758,High,In Progress
4759,Task 4759,Detailed description for task number 4759,Medium,Done
4760,Task 4760,Detailed description for task number 4760,Medium,In Progress
4761,Task 4761,Detailed description for task number 4761,Medium,Review
4762,Task 4762,Detailed description for task number 4762,Medium,Done
4763,Task 4763,Detailed description for task number 4763,Medium,Review
4764,Task 4764,Detailed description for task number 4764,Critical,Done
4765,Task 4765,Detailed description for task number 4765,Critical,Review
4766,Task 4766,Detailed description for task number 4766,Critical,Review
4767,Task 4767,Detailed description for task number 4767,Critical,In Progress
4768,Task 4768,Detailed description for task number 4768,Critical,In Progress
4769,Task 4769,Detailed description for task number 4769,Low,Review
4770,Task 4770,Detailed description for task number 4770,Critical,In Progress
4771,Task 4771,Detailed description for task number 4771,Critical,Review
4772,Task 4772,Detailed description for task number 4772,Low,Open
4773,Task 4773,Detailed description for task number 4773,Critical,Done
4774,Task 4774,Detailed description for task number 4774,High,In Progress
4775,Task 4775,Detailed description for task number 4775,Medium,Open
4776,Task 4776,Detailed description for task number 4776,High,Open
4777,Task 4777,Detailed description for task number 4777,Medium,In Progress
4778,Task 4778,Detailed description for task number 4778,Low,In Progress
4779,Task 4779,Detailed description for task number 4779,Critical,Review
4780,Task 4780,Detailed description for task number 4780,High,Review
4781,Task 4781,Detailed description for task number 4781,High,Done
4782,Task 4782,Detailed description for task number 4782,Low,Open
4783,Task 4783,Detailed description for task number 4783,Low,Done
4784,Task 4784,Detailed description for task number 4784,Low,Open
4785,Task 4785,Detailed description for task number 4785,Low,Open
4786,Task 4786,Detailed description for task number 4786,Low,Done
4787,Task 4787,Detailed description for task number 4787,Critical,In Progress
4788,Task 4788,Detailed description for task number 4788,Medium,Done
4789,Task 4789,Detailed description for task number 4789,Medium,Open
4790,Task 4790,Detailed description for task number 4790,Low,Done
4791,Task 4791,Detailed description for task number 4791,Low,In Progress
4792,Task 4792,Detailed description for task number 4792,Medium,Review
4793,Task 4793,Detailed description for task number 4793,Critical,Open
4794,Task 4794,Detailed description for task number 4794,Medium,In Progress
4795,Task 4795,Detailed description for task number 4795,Critical,Done
4796,Task 4796,Detailed description for task number 4796,Low,Review
4797,Task 4797,Detailed description for task number 4797,Low,Open
4798,Task 4798,Detailed description for task number 4798,Critical,Done
4799,Task 4799,Detailed description for task number 4799,High,Review
4800,Task 4800,Detailed description for task number 4800,Medium,In Progress
4801,Task 4801,Detailed description for task number 4801,Critical,Open
4802,Task 4802,Detailed description for task number 4802,High,In Progress
4803,Task 4803,Detailed description for task number 4803,Low,In Progress
4804,Task 4804,Detailed description for task number 4804,Critical,Review
4805,Task 4805,Detailed description for task number 4805,Critical,Open
4806,Task 4806,Detailed description for task number 4806,Medium,In Progress
4807,Task 4807,Detailed description for task number 4807,Low,Done
4808,Task 4808,Detailed description for task number 4808,Medium,Review
4809,Task 4809,Detailed description for task number 4809,Critical,Open
4810,Task 4810,Detailed description for task number 4810,Medium,Review
4811,Task 4811,Detailed description for task number 4811,Low,In Progress
4812,Task 4812,Detailed description for task number 4812,Low,Done
4813,Task 4813,Detailed description for task number 4813,High,Review
4814,Task 4814,Detailed description for task number 4814,Low,Review
4815,Task 4815,Detailed description for task number 4815,Critical,Open
4816,Task 4816,Detailed description for task number 4816,High,Done
4817,Task 4817,Detailed description for task number 4817,Critical,Review
4818,Task 4818,Detailed description for task number 4818,Medium,Review
4819,Task 4819,Detailed description for task number 4819,Low,Done
4820,Task 4820,Detailed description for task number 4820,Low,Review
4821,Task 4821,Detailed description for task number 4821,High,In Progress
4822,Task 4822,Detailed description for task number 4822,Critical,Done
4823,Task 4823,Detailed description for task number 4823,High,Open
4824,Task 4824,Detailed description for task number 4824,Medium,Open
4825,Task 4825,Detailed description for task number 4825,Critical,Review
4826,Task 4826,Detailed description for task number 4826,High,Open
4827,Task 4827,Detailed description for task number 4827,Critical,Open
4828,Task 4828,Detailed description for task number 4828,Low,Review
4829,Task 4829,Detailed description for task number 4829,Critical,Open
4830,Task 4830,Detailed description for task number 4830,Medium,In Progress
4831,Task 4831,Detailed description for task number 4831,High,Done
4832,Task 4832,Detailed description for task number 4832,Critical,In Progress
4833,Task 4833,Detailed description for task number 4833,Critical,Open
4834,Task 4834,Detailed description for task number 4834,High,Open
4835,Task 4835,Detailed description for task number 4835,Medium,Review
4836,Task 4836,Detailed description for task number 4836,Low,Review
4837,Task 4837,Detailed description for task number 4837,Critical,In Progress
4838,Task 4838,Detailed description for task number 4838,High,Done
4839,Task 4839,Detailed description for task number 4839,Low,Open
4840,Task 4840,Detailed description for task number 4840,High,Review
4841,Task 4841,Detailed description for task number 4841,Medium,Open
4842,Task 4842,Detailed description for task number 4842,High,In Progress
4843,Task 4843,Detailed description for task number 4843,Critical,Open
4844,Task 4844,Detailed description for task number 4844,Critical,In Progress
4845,Task 4845,Detailed description for task number 4845,Critical,In Progress
4846,Task 4846,Detailed description for task number 4846,High,Done
4847,Task 4847,Detailed description for task number 4847,Low,Open
4848,Task 4848,Detailed description for task number 4848,Medium,Open
4849,Task 4849,Detailed description for task number 4849,Low,Review
4850,Task 4850,Detailed description for task number 4850,High,In Progress
4851,Task 4851,Detailed description for task number 4851,High,In Progress
4852,Task 4852,Detailed description for task number 4852,Critical,Open
4853,Task 4853,Detailed description for task number 4853,Medium,In Progress
4854,Task 4854,Detailed description for task number 4854,High,In Progress
4855,Task 4855,Detailed description for task number 4855,Critical,In Progress
4856,Task 4856,Detailed description for task number 4856,Medium,In Progress
4857,Task 4857,Detailed description for task number 4857,Medium,Review
4858,Task 4858,Detailed description for task number 4858,Medium,Done
4859,Task 4859,Detailed description for task number 4859,Medium,Review
4860,Task 4860,Detailed description for task number 4860,High,Review
4861,Task 4861,Detailed description for task number 4861,Medium,In Progress
4862,Task 4862,Detailed description for task number 4862,Critical,Open
4863,Task 4863,Detailed description for task number 4863,Critical,In Progress
4864,Task 4864,Detailed description for task number 4864,Critical,Open
4865,Task 4865,Detailed description for task number 4865,Critical,In Progress
4866,Task 4866,Detailed description for task number 4866,High,In Progress
4867,Task 4867,Detailed description for task number 4867,Low,Done
4868,Task 4868,Detailed description for task number 4868,Low,Review
4869,Task 4869,Detailed description for task number 4869,Low,Review
4870,Task 4870,Detailed description for task number 4870,High,Open
4871,Task 4871,Detailed description for task number 4871,Critical,Review
4872,Task 4872,Detailed description for task number 4872,Critical,In Progress
4873,Task 4873,Detailed description for task number 4873,Low,In Progress
4874,Task 4874,Detailed description for task number 4874,Medium,Open
4875,Task 4875,Detailed description for task number 4875,Medium,Review
4876,Task 4876,Detailed description for task number 4876,Critical,Done
4877,Task 4877,Detailed description for task number 4877,High,Open
4878,Task 4878,Detailed description for task number 4878,Critical,Open
4879,Task 4879,Detailed description for task number 4879,Critical,Done
4880,Task 4880,Detailed description for task number 4880,Medium,Done
4881,Task 4881,Detailed description for task number 4881,Low,Done
4882,Task 4882,Detailed description for task number 4882,Low,Review
4883,Task 4883,Detailed description for task number 4883,Low,Open
4884,Task 4884,Detailed description for task number 4884,Medium,In Progress
4885,Task 4885,Detailed description for task number 4885,Critical,Review
4886,Task 4886,Detailed description for task number 4886,High,In Progress
4887,Task 4887,Detailed description for task number 4887,High,Done
4888,Task 4888,Detailed description for task number 4888,Medium,In Progress
4889,Task 4889,Detailed description for task number 4889,Critical,Open
4890,Task 4890,Detailed description for task number 4890,Medium,Review
4891,Task 4891,Detailed description for task number 4891,Low,Open
4892,Task 4892,Detailed description for task number 4892,Low,Review
4893,Task 4893,Detailed description for task number 4893,Medium,In Progress
4894,Task 4894,Detailed description for task number 4894,High,Review
4895,Task 4895,Detailed description for task number 4895,Low,Review
4896,Task 4896,Detailed description for task number 4896,High,Review
4897,Task 4897,Detailed description for task number 4897,Critical,Review
4898,Task 4898,Detailed description for task number 4898,Critical,Done
4899,Task 4899,Detailed description for task number 4899,Medium,Review
4900,Task 4900,Detailed description for task number 4900,Critical,Open
4901,Task 4901,Detailed description for task number 4901,Medium,Review
4902,Task 4902,Detailed description for task number 4902,Low,Done
4903,Task 4903,Detailed description for task number 4903,Low,Review
4904,Task 4904,Detailed description for task number 4904,Low,In Progress
4905,Task 4905,Detailed description for task number 4905,High,Done
4906,Task 4906,Detailed description for task number 4906,Medium,Open
4907,Task 4907,Detailed description for task number 4907,High,In Progress
4908,Task 4908,Detailed description for task number 4908,Critical,Open
4909,Task 4909,Detailed description for task number 4909,Critical,In Progress
4910,Task 4910,Detailed description for task number 4910,Medium,In Progress
4911,Task 4911,Detailed description for task number 4911,High,Done
4912,Task 4912,Detailed description for task number 4912,Medium,In Progress
4913,Task 4913,Detailed description for task number 4913,Low,Open
4914,Task 4914,Detailed description for task number 4914,Low,Open
4915,Task 4915,Detailed description for task number 4915,High,Done
4916,Task 4916,Detailed description for task number 4916,Medium,Open
4917,Task 4917,Detailed description for task number 4917,Low,Done
4918,Task 4918,Detailed description for task number 4918,Low,Open
4919,Task 4919,Detailed description for task number 4919,Critical,Open
4920,Task 4920,Detailed description for task number 4920,Medium,Review
4921,Task 4921,Detailed description for task number 4921,Low,Review
4922,Task 4922,Detailed description for task number 4922,Critical,Review
4923,Task 4923,Detailed description for task number 4923,Critical,Open
4924,Task 4924,Detailed description for task number 4924,High,Review
4925,Task 4925,Detailed description for task number 4925,High,Open
4926,Task 4926,Detailed description for task number 4926,Low,In Progress
4927,Task 4927,Detailed description for task number 4927,Low,Done
4928,Task 4928,Detailed description for task number 4928,High,Done
4929,Task 4929,Detailed description for task number 4929,Low,Review
4930,Task 4930,Detailed description for task number 4930,High,Open
4931,Task 4931,Detailed description for task number 4931,Low,Done
4932,Task 4932,Detailed description for task number 4932,Medium,In Progress
4933,Task 4933,Detailed description for task number 4933,Critical,Done
4934,Task 4934,Detailed description for task number 4934,Medium,Open
4935,Task 4935,Detailed description for task number 4935,Low,Open
4936,Task 4936,Detailed description for task number 4936,Critical,Review
4937,Task 4937,Detailed description for task number 4937,Medium,Done
4938,Task 4938,Detailed description for task number 4938,Low,Review
4939,Task 4939,Detailed description for task number 4939,High,Review
4940,Task 4940,Detailed description for task number 4940,Medium,Open
4941,Task 4941,Detailed description for task number 4941,Medium,Done
4942,Task 4942,Detailed description for task number 4942,Low,Done
4943,Task 4943,Detailed description for task number 4943,High,In Progress
4944,Task 4944,Detailed description for task number 4944,Medium,In Progress
4945,Task 4945,Detailed description for task number 4945,Low,Open
4946,Task 4946,Detailed description for task number 4946,Low,In Progress
4947,Task 4947,Detailed description for task number 4947,Low,Review
4948,Task 4948,Detailed description for task number 4948,Medium,Open
4949,Task 4949,Detailed description for task number 4949,Medium,Done
4950,Task 4950,Detailed description for task number 4950,Low,Review
4951,Task 4951,Detailed description for task number 4951,High,In Progress
4952,,Missing title error,Unknown,Open
4953,,Missing title error,Unknown,Open
4954,Task 4954,Detailed description for task number 4954,High,Done
4955,Task 4955,Detailed description for task number 4955,Medium,Done
4956,Task 4956,Detailed description for task number 4956,Medium,Review
4957,Task 4957,Detailed description for task number 4957,Critical,In Progress
4958,Task 4958,Detailed description for task number 4958,Medium,Done
4959,Task 4959,Detailed description for task number 4959,High,Done
4960,Task 4960,Detailed description for task number 4960,High,Open
4961,Task 4961,Detailed description for task number 4961,Critical,Done
4962,Task 4962,Detailed description for task number 4962,Low,In Progress
4963,Task 4963,Detailed description for task number 4963,Critical,In Progress
4964,Task 4964,Detailed description for task number 4964,Low,Open
4965,Task 4965,Detailed description for task number 4965,Medium,In Progress
4966,Task 4966,Detailed description for task number 4966,High,Review
4967,Task 4967,Detailed description for task number 4967,Low,In Progress
4968,Task 4968,Detailed description for task number 4968,Critical,Open
4969,Task 4969,Detailed description for task number 4969,High,In Progress
4970,Task 4970,Detailed description for task number 4970,Critical,Open
4971,Task 4971,Detailed description for task number 4971,Low,Done
4972,Task 4972,Detailed description for task number 4972,High,Review
4973,Task 4973,Detailed description for task number 4973,Critical,Done
4974,Task 4974,Detailed description for task number 4974,Critical,Open
4975,Task 4975,Detailed description for task number 4975,Critical,In Progress
4976,Task 4976,Detailed description for task number 4976,Medium,Open
4977,Task 4977,Detailed description for task number 4977,Critical,In Progress
4978,Task 4978,Detailed description for task number 4978,Low,Review
4979,Task 4979,Detailed description for task number 4979,Medium,In Progress
4980,Task 4980,Detailed description for task number 4980,Critical,In Progress
4981,Task 4981,Detailed description for task number 4981,High,Open
4982,Task 4982,Detailed description for task number 4982,Critical,In Progress
4983,Task 4983,Detailed description for task number 4983,Critical,Open
4984,Task 4984,Detailed description for task number 4984,Low,Review
4985,Task 4985,Detailed description for task number 4985,Critical,Done
4986,Task 4986,Detailed description for task number 4986,High,Done
4987,Task 4987,Detailed description for task number 4987,Medium,Open
4988,Task 4988,Detailed description for task number 4988,High,Done
4989,Task 4989,Detailed description for task number 4989,Critical,Open
4990,Task 4990,Detailed description for task number 4990,Low,In Progress
4991,Task 4991,Detailed description for task number 4991,High,Open
4992,Task 4992,Detailed description for task number 4992,Low,Open
4993,Task 4993,Detailed description for task number 4993,High,Open
4994,Task 4994,Detailed description for task number 4994,High,Done
4995,Task 4995,Detailed description for task number 4995,Low,Open
4996,,Missing title error,Unknown,Open
4997,Task 4997,Detailed description for task number 4997,High,Review
4998,Task 4998,Detailed description for task number 4998,High,Done
4999,Task 4999,Detailed description for task number 4999,Medium,Review
5000,Task 5000,Detailed description for task number 5000,Medium,In Progress
5001,Task 5001,Detailed description for task number 5001,Medium,In Progress
5002,Task 5002,Detailed description for task number 5002,Low,Open
5003,Task 5003,Detailed description for task number 5003,Critical,In Progress
5004,Task 5004,Detailed description for task number 5004,High,Done
5005,Task 5005,Detailed description for task number 5005,Critical,In Progress
5006,Task 5006,Detailed description for task number 5006,Critical,In Progress
5007,Task 5007,Detailed description for task number 5007,Low,In Progress
5008,Task 5008,Detailed description for task number 5008,Low,In Progress
5009,Task 5009,Detailed description for task number 5009,High,Open
5010,Task 5010,Detailed description for task number 5010,Critical,In Progress
5011,Task 5011,Detailed description for task number 5011,Medium,Done
5012,Task 5012,Detailed description for task number 5012,Medium,Review
5013,Task 5013,Detailed description for task number 5013,High,Done
5014,Task 5014,Detailed description for task number 5014,High,In Progress
5015,Task 5015,Detailed description for task number 5015,Critical,Open
5016,Task 5016,Detailed description for task number 5016,Medium,In Progress
5017,Task 5017,Detailed description for task number 5017,High,Done
5018,Task 5018,Detailed description for task number 5018,High,In Progress
5019,Task 5019,Detailed description for task number 5019,Low,In Progress
5020,Task 5020,Detailed description for task number 5020,Medium,In Progress
5021,Task 5021,Detailed description for task number 5021,Medium,In Progress
5022,Task 5022,Detailed description for task number 5022,High,Done
5023,Task 5023,Detailed description for task number 5023,Critical,Open
5024,Task 5024,Detailed description for task number 5024,Medium,Open
5025,Task 5025,Detailed description for task number 5025,High,Done
5026,Task 5026,Detailed description for task number 5026,Critical,In Progress
5027,Task 5027,Detailed description for task number 5027,Low,In Progress
5028,Task 5028,Detailed description for task number 5028,Low,Done
5029,Task 5029,Detailed description for task number 5029,High,Done
5030,Task 5030,Detailed description for task number 5030,Low,In Progress
5031,Task 5031,Detailed description for task number 5031,Medium,Done
5032,Task 5032,Detailed description for task number 5032,Low,In Progress
5033,Task 5033,Detailed description for task number 5033,High,Review
5034,Task 5034,Detailed description for task number 5034,Medium,Done
5035,Task 5035,Detailed description for task number 5035,Low,Open
5036,Task 5036,Detailed description for task number 5036,High,In Progress
5037,Task 5037,Detailed description for task number 5037,Critical,In Progress
5038,Task 5038,Detailed description for task number 5038,Critical,Open
5039,Task 5039,Detailed description for task number 5039,Critical,Review
5040,Task 5040,Detailed description for task number 5040,High,In Progress
5041,Task 5041,Detailed description for task number 5041,Medium,Done
5042,Task 5042,Detailed description for task number 5042,Critical,Review
5043,Task 5043,Detailed description for task number 5043,Medium,In Progress
5044,Task 5044,Detailed description for task number 5044,Low,In Progress
5045,Task 5045,Detailed description for task number 5045,Medium,In Progress
5046,Task 5046,Detailed description for task number 5046,Medium,Review
5047,Task 5047,Detailed description for task number 5047,Low,Open
5048,Task 5048,Detailed description for task number 5048,Critical,In Progress
5049,Task 5049,Detailed description for task number 5049,Critical,Done
5050,Task 5050,Detailed description for task number 5050,Low,Done
5051,Task 5051,Detailed description for task number 5051,Critical,Review
5052,Task 5052,Detailed description for task number 5052,Medium,Review
5053,Task 5053,Detailed description for task number 5053,Critical,In Progress
5054,Task 5054,Detailed description for task number 5054,Low,Review
5055,Task 5055,Detailed description for task number 5055,Medium,Review
5056,Task 5056,Detailed description for task number 5056,Medium,Review
5057,Task 5057,Detailed description for task number 5057,Low,Review
5058,Task 5058,Detailed description for task number 5058,Critical,In Progress
5059,Task 5059,Detailed description for task number 5059,Critical,In Progress
5060,Task 5060,Detailed description for task number 5060,High,In Progress
5061,Task 5061,Detailed description for task number 5061,Medium,Open
5062,Task 5062,Detailed description for task number 5062,Low,Open
5063,Task 5063,Detailed description for task number 5063,High,Done
5064,Task 5064,Detailed description for task number 5064,High,Open
5065,Task 5065,Detailed description for task number 5065,Medium,In Progress
5066,Task 5066,Detailed description for task number 5066,Critical,Done
5067,Task 5067,Detailed description for task number 5067,Low,In Progress
5068,Task 5068,Detailed description for task number 5068,Critical,In Progress
5069,Task 5069,Detailed description for task number 5069,Medium,Review
5070,Task 5070,Detailed description for task number 5070,Critical,Review
5071,Task 5071,Detailed description for task number 5071,High,In Progress
5072,Task 5072,Detailed description for task number 5072,Low,In Progress
5073,Task 5073,Detailed description for task number 5073,High,Open
5074,Task 5074,Detailed description for task number 5074,Medium,In Progress
5075,Task 5075,Detailed description for task number 5075,Medium,Open
5076,Task 5076,Detailed description for task number 5076,Medium,Done
5077,Task 5077,Detailed description for task number 5077,Low,In Progress
5078,Task 5078,Detailed description for task number 5078,Medium,Open
5079,Task 5079,Detailed description for task number 5079,Medium,Open
5080,Task 5080,Detailed description for task number 5080,Low,In Progress
5081,Task 5081,Detailed description for task number 5081,Medium,Open
5082,Task 5082,Detailed description for task number 5082,High,Done
5083,Task 5083,Detailed description for task number 5083,Medium,Open
5084,Task 5084,Detailed description for task number 5084,Medium,In Progress
5085,Task 5085,Detailed description for task number 5085,Low,Review
5086,Task 5086,Detailed description for task number 5086,Low,Open
5087,Task 5087,Detailed description for task number 5087,Medium,Open
5088,Task 5088,Detailed description for task number 5088,High,Open
5089,Task 5089,Detailed description for task number 5089,Critical,Done
5090,Task 5090,Detailed description for task number 5090,Medium,Done
5091,Task 5091,Detailed description for task number 5091,Low,Open
5092,Task 5092,Detailed description for task number 5092,Low,Open
5093,Task 5093,Detailed description for task number 5093,Critical,Review
5094,Task 5094,Detailed description for task number 5094,Critical,Review
5095,Task 5095,Detailed description for task number 5095,Low,Done
5096,Task 5096,Detailed description for task number 5096,Low,Open
5097,Task 5097,Detailed description for task number 5097,Medium,Done
5098,Task 5098,Detailed description for task number 5098,High,Done
5099,Task 5099,Detailed description for task number 5099,High,In Progress
5100,Task 5100,Detailed description for task number 5100,High,Open
5101,Task 5101,Detailed description for task number 5101,Critical,Review
5102,Task 5102,Detailed description for task number 5102,High,Done
5103,Task 5103,Detailed description for task number 5103,Low,Open
5104,Task 5104,Detailed description for task number 5104,Critical,Open
5105,Task 5105,Detailed description for task number 5105,High,Review
5106,Task 5106,Detailed description for task number 5106,Low,Open
5107,Task 5107,Detailed description for task number 5107,Low,Open
5108,Task 5108,Detailed description for task number 5108,Medium,Open
5109,Task 5109,Detailed description for task number 5109,High,Done
5110,Task 5110,Detailed description for task number 5110,High,Review
5111,Task 5111,Detailed description for task number 5111,Critical,Review
5112,Task 5112,Detailed description for task number 5112,Critical,Open
5113,Task 5113,Detailed description for task number 5113,Medium,Open
5114,Task 5114,Detailed description for task number 5114,High,Done
5115,Task 5115,Detailed description for task number 5115,Critical,Open
5116,Task 5116,Detailed description for task number 5116,High,In Progress
5117,Task 5117,Detailed description for task number 5117,Low,In Progress
5118,Task 5118,Detailed description for task number 5118,Medium,In Progress
5119,Task 5119,Detailed description for task number 5119,High,In Progress
5120,Task 5120,Detailed description for task number 5120,High,In Progress
5121,Task 5121,Detailed description for task number 5121,High,Review
5122,Task 5122,Detailed description for task number 5122,Low,Done
5123,Task 5123,Detailed description for task number 5123,High,Open
5124,Task 5124,Detailed description for task number 5124,High,Open
5125,Task 5125,Detailed description for task number 5125,Critical,Review
5126,Task 5126,Detailed description for task number 5126,Medium,Review
5127,Task 5127,Detailed description for task number 5127,High,Done
5128,Task 5128,Detailed description for task number 5128,Medium,Open
5129,Task 5129,Detailed description for task number 5129,High,Open
5130,Task 5130,Detailed description for task number 5130,Medium,In Progress
5131,Task 5131,Detailed description for task number 5131,High,Review
5132,Task 5132,Detailed description for task number 5132,Low,Open
5133,Task 5133,Detailed description for task number 5133,Critical,In Progress
5134,Task 5134,Detailed description for task number 5134,Low,Done
5135,Task 5135,Detailed description for task number 5135,Critical,Review
5136,Task 5136,Detailed description for task number 5136,Critical,In Progress
5137,Task 5137,Detailed description for task number 5137,Low,In Progress
5138,Task 5138,Detailed description for task number 5138,Critical,Review
5139,Task 5139,Detailed description for task number 5139,Low,Open
5140,Task 5140,Detailed description for task number 5140,Low,Review
5141,Task 5141,Detailed description for task number 5141,Low,Open
5142,Task 5142,Detailed description for task number 5142,Medium,Review
5143,Task 5143,Detailed description for task number 5143,Critical,Open
5144,Task 5144,Detailed description for task number 5144,High,Done
5145,Task 5145,Detailed description for task number 5145,High,Review
5146,Task 5146,Detailed description for task number 5146,Medium,Done
5147,Task 5147,Detailed description for task number 5147,Critical,Review
5148,Task 5148,Detailed description for task number 5148,Critical,Review
5149,Task 5149,Detailed description for task number 5149,High,In Progress
5150,Task 5150,Detailed description for task number 5150,High,In Progress
5151,Task 5151,Detailed description for task number 5151,Critical,In Progress
5152,Task 5152,Detailed description for task number 5152,Critical,Open
5153,Task 5153,Detailed description for task number 5153,Critical,Open
5154,Task 5154,Detailed description for task number 5154,High,Review
5155,Task 5155,Detailed description for task number 5155,Medium,Open
5156,,Missing title error,Unknown,Open
5157,Task 5157,Detailed description for task number 5157,High,Done
5158,Task 5158,Detailed description for task number 5158,Critical,Open
5159,Task 5159,Detailed description for task number 5159,High,In Progress
5160,Task 5160,Detailed description for task number 5160,High,In Progress
5161,Task 5161,Detailed description for task number 5161,Medium,In Progress
5162,Task 5162,Detailed description for task number 5162,Low,Review
5163,Task 5163,Detailed description for task number 5163,Critical,In Progress
5164,Task 5164,Detailed description for task number 5164,High,Review
5165,Task 5165,Detailed description for task number 5165,High,Done
5166,Task 5166,Detailed description for task number 5166,Medium,Review
5167,Task 5167,Detailed description for task number 5167,Low,Done
5168,Task 5168,Detailed description for task number 5168,High,Done
5169,Task 5169,Detailed description for task number 5169,Critical,Done
5170,Task 5170,Detailed description for task number 5170,High,In Progress
5171,Task 5171,Detailed description for task number 5171,Medium,In Progress
5172,Task 5172,Detailed description for task number 5172,Medium,Review
5173,Task 5173,Detailed description for task number 5173,Critical,Review
5174,Task 5174,Detailed description for task number 5174,Low,Done
5175,Task 5175,Detailed description for task number 5175,Critical,Done
5176,Task 5176,Detailed description for task number 5176,Medium,Open
5177,Task 5177,Detailed description for task number 5177,Low,In Progress
5178,Task 5178,Detailed description for task number 5178,High,In Progress
5179,Task 5179,Detailed description for task number 5179,High,Open
5180,Task 5180,Detailed description for task number 5180,High,Review
5181,Task 5181,Detailed description for task number 5181,High,In Progress
5182,Task 5182,Detailed description for task number 5182,Medium,In Progress
5183,Task 5183,Detailed description for task number 5183,Low,Open
5184,Task 5184,Detailed description for task number 5184,Low,In Progress
5185,Task 5185,Detailed description for task number 5185,Critical,In Progress
5186,Task 5186,Detailed description for task number 5186,Medium,Review
5187,Task 5187,Detailed description for task number 5187,Critical,Open
5188,Task 5188,Detailed description for task number 5188,Critical,Review
5189,Task 5189,Detailed description for task number 5189,Low,Open
5190,Task 5190,Detailed description for task number 5190,Medium,Open
5191,Task 5191,Detailed description for task number 5191,Medium,Done
5192,Task 5192,Detailed description for task number 5192,Low,Review
5193,Task 5193,Detailed description for task number 5193,Medium,Done
5194,Task 5194,Detailed description for task number 5194,Low,Done
5195,Task 5195,Detailed description for task number 5195,High,Review
5196,Task 5196,Detailed description for task number 5196,Medium,Review
5197,,Missing title error,Unknown,Open
5198,Task 5198,Detailed description for task number 5198,Critical,Open
5199,Task 5199,Detailed description for task number 5199,Critical,Review
5200,Task 5200,Detailed description for task number 5200,Medium,Open
5201,Task 5201,Detailed description for task number 5201,Low,Done
5202,Task 5202,Detailed description for task number 5202,Medium,Done
5203,Task 5203,Detailed description for task number 5203,Medium,In Progress
5204,Task 5204,Detailed description for task number 5204,Medium,Open
5205,Task 5205,Detailed description for task number 5205,Critical,Done
5206,Task 5206,Detailed description for task number 5206,High,Review
5207,Task 5207,Detailed description for task number 5207,Low,In Progress
5208,Task 5208,Detailed description for task number 5208,Low,Done
5209,Task 5209,Detailed description for task number 5209,Critical,Done
5210,Task 5210,Detailed description for task number 5210,Critical,Done
5211,Task 5211,Detailed description for task number 5211,High,In Progress
5212,Task 5212,Detailed description for task number 5212,Low,Done
5213,Task 5213,Detailed description for task number 5213,Low,Done
5214,Task 5214,Detailed description for task number 5214,Medium,Review
5215,Task 5215,Detailed description for task number 5215,Critical,In Progress
5216,Task 5216,Detailed description for task number 5216,Critical,Open
5217,Task 5217,Detailed description for task number 5217,Low,Review
5218,Task 5218,Detailed description for task number 5218,High,Open
5219,Task 5219,Detailed description for task number 5219,High,In Progress
5220,Task 5220,Detailed description for task number 5220,Low,Open
5221,Task 5221,Detailed description for task number 5221,Low,Done
5222,Task 5222,Detailed description for task number 5222,Critical,In Progress
5223,,Missing title error,Unknown,Open
5224,Task 5224,Detailed description for task number 5224,High,In Progress
5225,Task 5225,Detailed description for task number 5225,Critical,Done
5226,Task 5226,Detailed description for task number 5226,High,Open
5227,Task 5227,Detailed description for task number 5227,High,Review
5228,Task 5228,Detailed description for task number 5228,Critical,Review
5229,Task 5229,Detailed description for task number 5229,Medium,Open
5230,Task 5230,Detailed description for task number 5230,Medium,Done
5231,Task 5231,Detailed description for task number 5231,High,Done
5232,Task 5232,Detailed description for task number 5232,Critical,Done
5233,Task 5233,Detailed description for task number 5233,High,Done
5234,Task 5234,Detailed description for task number 5234,Low,Open
5235,Task 5235,Detailed description for task number 5235,Low,Done
5236,Task 5236,Detailed description for task number 5236,Critical,Open
5237,Task 5237,Detailed description for task number 5237,Medium,Review
5238,Task 5238,Detailed description for task number 5238,High,In Progress
5239,Task 5239,Detailed description for task number 5239,High,Open
5240,Task 5240,Detailed description for task number 5240,High,In Progress
5241,Task 5241,Detailed description for task number 5241,Medium,Done
5242,Task 5242,Detailed description for task number 5242,High,Done
5243,Task 5243,Detailed description for task number 5243,High,Done
5244,Task 5244,Detailed description for task number 5244,Low,In Progress
5245,Task 5245,Detailed description for task number 5245,High,Open
5246,Task 5246,Detailed description for task number 5246,Critical,Open
5247,Task 5247,Detailed description for task number 5247,Critical,In Progress
5248,Task 5248,Detailed description for task number 5248,Critical,Review
5249,Task 5249,Detailed description for task number 5249,Medium,Review
5250,Task 5250,Detailed description for task number 5250,Medium,In Progress
5251,Task 5251,Detailed description for task number 5251,Critical,Done
5252,Task 5252,Detailed description for task number 5252,High,Review
5253,Task 5253,Detailed description for task number 5253,High,Done
5254,Task 5254,Detailed description for task number 5254,High,Open
5255,Task 5255,Detailed description for task number 5255,Critical,Done
5256,Task 5256,Detailed description for task number 5256,High,Open
5257,Task 5257,Detailed description for task number 5257,Critical,Open
5258,Task 5258,Detailed description for task number 5258,High,Open
5259,Task 5259,Detailed description for task number 5259,High,Open
5260,Task 5260,Detailed description for task number 5260,Critical,Open
5261,Task 5261,Detailed description for task number 5261,High,In Progress
5262,Task 5262,Detailed description for task number 5262,Critical,Done
5263,Task 5263,Detailed description for task number 5263,Critical,Review
5264,Task 5264,Detailed description for task number 5264,Medium,Open
5265,Task 5265,Detailed description for task number 5265,Critical,Review
5266,Task 5266,Detailed description for task number 5266,High,Open
5267,Task 5267,Detailed description for task number 5267,Low,Done
5268,Task 5268,Detailed description for task number 5268,Critical,In Progress
5269,Task 5269,Detailed description for task number 5269,High,Done
5270,Task 5270,Detailed description for task number 5270,Low,In Progress
5271,Task 5271,Detailed description for task number 5271,Low,Open
5272,Task 5272,Detailed description for task number 5272,Critical,Done
5273,Task 5273,Detailed description for task number 5273,Critical,Open
5274,Task 5274,Detailed description for task number 5274,High,Review
5275,Task 5275,Detailed description for task number 5275,Low,Done
5276,Task 5276,Detailed description for task number 5276,High,Done
5277,Task 5277,Detailed description for task number 5277,High,Done
5278,Task 5278,Detailed description for task number 5278,Medium,Review
5279,Task 5279,Detailed description for task number 5279,Medium,Done
5280,Task 5280,Detailed description for task number 5280,High,Review
5281,Task 5281,Detailed description for task number 5281,High,In Progress
5282,Task 5282,Detailed description for task number 5282,Critical,In Progress
5283,Task 5283,Detailed description for task number 5283,High,Done
5284,Task 5284,Detailed description for task number 5284,Medium,Done
5285,Task 5285,Detailed description for task number 5285,Low,Open
5286,Task 5286,Detailed description for task number 5286,High,Done
5287,Task 5287,Detailed description for task number 5287,Medium,Open
5288,Task 5288,Detailed description for task number 5288,High,Open
5289,Task 5289,Detailed description for task number 5289,Medium,Review
5290,Task 5290,Detailed description for task number 5290,Low,In Progress
5291,Task 5291,Detailed description for task number 5291,High,Review
5292,Task 5292,Detailed description for task number 5292,Critical,Review
5293,Task 5293,Detailed description for task number 5293,High,In Progress
5294,Task 5294,Detailed description for task number 5294,Critical,In Progress
5295,Task 5295,Detailed description for task number 5295,Medium,In Progress
5296,Task 5296,Detailed description for task number 5296,Medium,Done
5297,Task 5297,Detailed description for task number 5297,Critical,In Progress
5298,Task 5298,Detailed description for task number 5298,Critical,Open
5299,Task 5299,Detailed description for task number 5299,Low,Review
5300,Task 5300,Detailed description for task number 5300,Low,Review
5301,Task 5301,Detailed description for task number 5301,Low,Done
5302,Task 5302,Detailed description for task number 5302,Medium,Open
5303,Task 5303,Detailed description for task number 5303,High,In Progress
5304,Task 5304,Detailed description for task number 5304,Medium,Review
5305,Task 5305,Detailed description for task number 5305,Low,In Progress
5306,Task 5306,Detailed description for task number 5306,Critical,Open
5307,Task 5307,Detailed description for task number 5307,Medium,Review
5308,Task 5308,Detailed description for task number 5308,Low,In Progress
5309,Task 5309,Detailed description for task number 5309,High,Done
5310,Task 5310,Detailed description for task number 5310,Medium,Done
5311,Task 5311,Detailed description for task number 5311,Critical,Done
5312,Task 5312,Detailed description for task number 5312,High,In Progress
5313,Task 5313,Detailed description for task number 5313,High,Open
5314,Task 5314,Detailed description for task number 5314,Low,Done
5315,Task 5315,Detailed description for task number 5315,Low,Done
5316,Task 5316,Detailed description for task number 5316,Critical,In Progress
5317,Task 5317,Detailed description for task number 5317,Medium,Review
5318,Task 5318,Detailed description for task number 5318,Low,Done
5319,Task 5319,Detailed description for task number 5319,Medium,In Progress
5320,Task 5320,Detailed description for task number 5320,High,In Progress
5321,Task 5321,Detailed description for task number 5321,Low,In Progress
5322,Task 5322,Detailed description for task number 5322,Medium,Done
5323,Task 5323,Detailed description for task number 5323,High,Review
5324,Task 5324,Detailed description for task number 5324,High,Open
5325,Task 5325,Detailed description for task number 5325,High,Open
5326,Task 5326,Detailed description for task number 5326,Low,Review
5327,Task 5327,Detailed description for task number 5327,Low,In Progress
5328,Task 5328,Detailed description for task number 5328,Low,Review
5329,Task 5329,Detailed description for task number 5329,High,In Progress
5330,Task 5330,Detailed description for task number 5330,Critical,Done
5331,Task 5331,Detailed description for task number 5331,Low,Review
5332,Task 5332,Detailed description for task number 5332,High,In Progress
5333,Task 5333,Detailed description for task number 5333,Low,In Progress
5334,Task 5334,Detailed description for task number 5334,Critical,In Progress
5335,Task 5335,Detailed description for task number 5335,Low,In Progress
5336,Task 5336,Detailed description for task number 5336,Critical,Review
5337,Task 5337,Detailed description for task number 5337,Medium,In Progress
5338,Task 5338,Detailed description for task number 5338,Medium,Review
5339,Task 5339,Detailed description for task number 5339,Medium,Done
5340,Task 5340,Detailed description for task number 5340,Medium,Open
5341,Task 5341,Detailed description for task number 5341,Critical,In Progress
5342,Task 5342,Detailed description for task number 5342,Medium,Done
5343,Task 5343,Detailed description for task number 5343,High,Done
5344,Task 5344,Detailed description for task number 5344,Critical,Done
5345,Task 5345,Detailed description for task number 5345,High,In Progress
5346,Task 5346,Detailed description for task number 5346,Critical,Open
5347,Task 5347,Detailed description for task number 5347,High,In Progress
5348,Task 5348,Detailed description for task number 5348,Critical,Review
5349,Task 5349,Detailed description for task number 5349,Low,Open
5350,Task 5350,Detailed description for task number 5350,Low,Done
5351,Task 5351,Detailed description for task number 5351,Low,In Progress
5352,Task 5352,Detailed description for task number 5352,Medium,In Progress
5353,Task 5353,Detailed description for task number 5353,Critical,Review
5354,Task 5354,Detailed description for task number 5354,High,Review
5355,Task 5355,Detailed description for task number 5355,Critical,Done
5356,Task 5356,Detailed description for task number 5356,Critical,Done
5357,Task 5357,Detailed description for task number 5357,Medium,Open
5358,Task 5358,Detailed description for task number 5358,High,Done
5359,Task 5359,Detailed description for task number 5359,Low,Review
5360,Task 5360,Detailed description for task number 5360,High,Done
5361,Task 5361,Detailed description for task number 5361,Medium,Review
5362,Task 5362,Detailed description for task number 5362,High,In Progress
5363,Task 5363,Detailed description for task number 5363,High,Review
5364,Task 5364,Detailed description for task number 5364,Medium,Done
5365,Task 5365,Detailed description for task number 5365,Low,Open
5366,Task 5366,Detailed description for task number 5366,Low,Open
5367,Task 5367,Detailed description for task number 5367,High,Open
5368,Task 5368,Detailed description for task number 5368,High,Done
5369,Task 5369,Detailed description for task number 5369,High,In Progress
5370,Task 5370,Detailed description for task number 5370,Critical,Review
5371,Task 5371,Detailed description for task number 5371,Low,Open
5372,Task 5372,Detailed description for task number 5372,High,Done
5373,Task 5373,Detailed description for task number 5373,Medium,Review
5374,Task 5374,Detailed description for task number 5374,High,Review
5375,Task 5375,Detailed description for task number 5375,Low,Review
5376,Task 5376,Detailed description for task number 5376,Medium,Open
5377,Task 5377,Detailed description for task number 5377,Medium,In Progress
5378,Task 5378,Detailed description for task number 5378,Medium,Review
5379,Task 5379,Detailed description for task number 5379,Low,Review
5380,Task 5380,Detailed description for task number 5380,High,Open
5381,Task 5381,Detailed description for task number 5381,Medium,In Progress
5382,Task 5382,Detailed description for task number 5382,Low,Open
5383,Task 5383,Detailed description for task number 5383,Medium,Review
5384,Task 5384,Detailed description for task number 5384,Low,Done
5385,Task 5385,Detailed description for task number 5385,High,Review
5386,Task 5386,Detailed description for task number 5386,Medium,Open
5387,Task 5387,Detailed description for task number 5387,Low,Done
5388,Task 5388,Detailed description for task number 5388,Medium,In Progress
5389,Task 5389,Detailed description for task number 5389,Medium,Review
5390,Task 5390,Detailed description for task number 5390,High,Open
5391,Task 5391,Detailed description for task number 5391,Low,Done
5392,Task 5392,Detailed description for task number 5392,Critical,In Progress
5393,Task 5393,Detailed description for task number 5393,Low,In Progress
5394,Task 5394,Detailed description for task number 5394,High,Review
5395,Task 5395,Detailed description for task number 5395,Critical,In Progress
5396,Task 5396,Detailed description for task number 5396,High,In Progress
5397,Task 5397,Detailed description for task number 5397,Critical,In Progress
5398,Task 5398,Detailed description for task number 5398,High,Open
5399,Task 5399,Detailed description for task number 5399,High,Done
5400,Task 5400,Detailed description for task number 5400,Low,Open
5401,Task 5401,Detailed description for task number 5401,High,Done
5402,Task 5402,Detailed description for task number 5402,Medium,Open
5403,Task 5403,Detailed description for task number 5403,Low,In Progress
5404,Task 5404,Detailed description for task number 5404,Critical,Review
5405,Task 5405,Detailed description for task number 5405,Low,Review
5406,Task 5406,Detailed description for task number 5406,Critical,Review
5407,Task 5407,Detailed description for task number 5407,Low,Review
5408,Task 5408,Detailed description for task number 5408,Medium,Review
5409,Task 5409,Detailed description for task number 5409,Critical,Done
5410,Task 5410,Detailed description for task number 5410,High,In Progress
5411,Task 5411,Detailed description for task number 5411,Low,Open
5412,Task 5412,Detailed description for task number 5412,Critical,Done
5413,Task 5413,Detailed description for task number 5413,Low,Done
5414,Task 5414,Detailed description for task number 5414,High,Review
5415,Task 5415,Detailed description for task number 5415,High,Open
5416,Task 5416,Detailed description for task number 5416,Critical,In Progress
5417,Task 5417,Detailed description for task number 5417,High,In Progress
5418,Task 5418,Detailed description for task number 5418,High,Open
5419,Task 5419,Detailed description for task number 5419,High,Review
5420,Task 5420,Detailed description for task number 5420,Low,In Progress
5421,Task 5421,Detailed description for task number 5421,Medium,Review
5422,,Missing title error,Unknown,Open
5423,Task 5423,Detailed description for task number 5423,Medium,Open
5424,Task 5424,Detailed description for task number 5424,High,Review
5425,Task 5425,Detailed description for task number 5425,High,Open
5426,Task 5426,Detailed description for task number 5426,Critical,Review
5427,Task 5427,Detailed description for task number 5427,Medium,In Progress
5428,Task 5428,Detailed description for task number 5428,Critical,Open
5429,Task 5429,Detailed description for task number 5429,High,In Progress
5430,Task 5430,Detailed description for task number 5430,Medium,Open
5431,Task 5431,Detailed description for task number 5431,Medium,Done
5432,Task 5432,Detailed description for task number 5432,Low,Open
5433,Task 5433,Detailed description for task number 5433,Medium,Review
5434,Task 5434,Detailed description for task number 5434,Medium,In Progress
5435,Task 5435,Detailed description for task number 5435,Low,Open
5436,Task 5436,Detailed description for task number 5436,Medium,In Progress
5437,Task 5437,Detailed description for task number 5437,Low,Open
5438,Task 5438,Detailed description for task number 5438,Critical,Open
5439,Task 5439,Detailed description for task number 5439,Medium,Review
5440,Task 5440,Detailed description for task number 5440,Medium,Review
5441,Task 5441,Detailed description for task number 5441,Low,Review
5442,Task 5442,Detailed description for task number 5442,Critical,Done
5443,Task 5443,Detailed description for task number 5443,High,Review
5444,Task 5444,Detailed description for task number 5444,High,Open
5445,Task 5445,Detailed description for task number 5445,Medium,In Progress
5446,Task 5446,Detailed description for task number 5446,Medium,In Progress
5447,Task 5447,Detailed description for task number 5447,Medium,In Progress
5448,Task 5448,Detailed description for task number 5448,Critical,Done
5449,Task 5449,Detailed description for task number 5449,Medium,In Progress
5450,Task 5450,Detailed description for task number 5450,Low,In Progress
5451,Task 5451,Detailed description for task number 5451,Medium,Review
5452,Task 5452,Detailed description for task number 5452,Low,Review
5453,Task 5453,Detailed description for task number 5453,Critical,Done
5454,Task 5454,Detailed description for task number 5454,Critical,Open
5455,Task 5455,Detailed description for task number 5455,Critical,Open
5456,Task 5456,Detailed description for task number 5456,High,In Progress
5457,Task 5457,Detailed description for task number 5457,High,Review
5458,Task 5458,Detailed description for task number 5458,Critical,In Progress
5459,Task 5459,Detailed description for task number 5459,Medium,Done
5460,Task 5460,Detailed description for task number 5460,Medium,Open
5461,Task 5461,Detailed description for task number 5461,Low,Done
5462,Task 5462,Detailed description for task number 5462,Critical,Done
5463,Task 5463,Detailed description for task number 5463,Low,Done
5464,Task 5464,Detailed description for task number 5464,Low,Open
5465,Task 5465,Detailed description for task number 5465,High,Done
5466,Task 5466,Detailed description for task number 5466,Critical,Review
5467,Task 5467,Detailed description for task number 5467,Medium,Review
5468,Task 5468,Detailed description for task number 5468,Low,Open
5469,Task 5469,Detailed description for task number 5469,Medium,Done
5470,Task 5470,Detailed description for task number 5470,Low,In Progress
5471,Task 5471,Detailed description for task number 5471,Low,Done
5472,Task 5472,Detailed description for task number 5472,High,Review
5473,Task 5473,Detailed description for task number 5473,Critical,Done
5474,Task 5474,Detailed description for task number 5474,Low,Done
5475,Task 5475,Detailed description for task number 5475,Low,Open
5476,Task 5476,Detailed description for task number 5476,Medium,In Progress
5477,Task 5477,Detailed description for task number 5477,Critical,Done
5478,Task 5478,Detailed description for task number 5478,Critical,In Progress
5479,Task 5479,Detailed description for task number 5479,Critical,Done
5480,Task 5480,Detailed description for task number 5480,Critical,Review
5481,Task 5481,Detailed description for task number 5481,High,Done
5482,Task 5482,Detailed description for task number 5482,High,Done
5483,Task 5483,Detailed description for task number 5483,Medium,Review
5484,Task 5484,Detailed description for task number 5484,Critical,Review
5485,Task 5485,Detailed description for task number 5485,Critical,Review
5486,Task 5486,Detailed description for task number 5486,Medium,Open
5487,Task 5487,Detailed description for task number 5487,Critical,In Progress
5488,Task 5488,Detailed description for task number 5488,High,In Progress
5489,Task 5489,Detailed description for task number 5489,High,Open
5490,Task 5490,Detailed description for task number 5490,Low,In Progress
5491,Task 5491,Detailed description for task number 5491,Low,Review
5492,Task 5492,Detailed description for task number 5492,High,In Progress
5493,Task 5493,Detailed description for task number 5493,High,Open
5494,Task 5494,Detailed description for task number 5494,Critical,In Progress
5495,Task 5495,Detailed description for task number 5495,Low,In Progress
5496,Task 5496,Detailed description for task number 5496,Critical,Open
5497,Task 5497,Detailed description for task number 5497,Critical,In Progress
5498,Task 5498,Detailed description for task number 5498,Critical,Open
5499,Task 5499,Detailed description for task number 5499,Critical,Review
5500,Task 5500,Detailed description for task number 5500,High,Review
5501,Task 5501,Detailed description for task number 5501,Medium,Done
5502,Task 5502,Detailed description for task number 5502,Low,Done
5503,Task 5503,Detailed description for task number 5503,Medium,Review
5504,Task 5504,Detailed description for task number 5504,Medium,Done
5505,Task 5505,Detailed description for task number 5505,Low,In Progress
5506,Task 5506,Detailed description for task number 5506,Critical,Review
5507,Task 5507,Detailed description for task number 5507,High,Review
5508,Task 5508,Detailed description for task number 5508,Medium,In Progress
5509,Task 5509,Detailed description for task number 5509,Low,Open
5510,Task 5510,Detailed description for task number 5510,Critical,In Progress
5511,Task 5511,Detailed description for task number 5511,Critical,Open
5512,Task 5512,Detailed description for task number 5512,Low,In Progress
5513,Task 5513,Detailed description for task number 5513,High,Open
5514,Task 5514,Detailed description for task number 5514,Critical,Review
5515,Task 5515,Detailed description for task number 5515,Critical,Open
5516,Task 5516,Detailed description for task number 5516,High,Open
5517,,Missing title error,Unknown,Open
5518,Task 5518,Detailed description for task number 5518,Medium,Review
5519,Task 5519,Detailed description for task number 5519,Critical,In Progress
5520,Task 5520,Detailed description for task number 5520,Medium,Open
5521,Task 5521,Detailed description for task number 5521,Medium,Open
5522,Task 5522,Detailed description for task number 5522,Medium,In Progress
5523,Task 5523,Detailed description for task number 5523,High,Done
5524,Task 5524,Detailed description for task number 5524,Critical,Open
5525,Task 5525,Detailed description for task number 5525,Critical,In Progress
5526,Task 5526,Detailed description for task number 5526,Medium,In Progress
5527,Task 5527,Detailed description for task number 5527,Medium,Review
5528,Task 5528,Detailed description for task number 5528,Critical,Done
5529,Task 5529,Detailed description for task number 5529,Critical,Open
5530,Task 5530,Detailed description for task number 5530,Low,In Progress
5531,Task 5531,Detailed description for task number 5531,Low,In Progress
5532,Task 5532,Detailed description for task number 5532,Medium,Done
5533,Task 5533,Detailed description for task number 5533,Low,Open
5534,Task 5534,Detailed description for task number 5534,Medium,In Progress
5535,Task 5535,Detailed description for task number 5535,Medium,In Progress
5536,Task 5536,Detailed description for task number 5536,Critical,Done
5537,Task 5537,Detailed description for task number 5537,High,Review
5538,,Missing title error,Unknown,Open
5539,Task 5539,Detailed description for task number 5539,Low,Review
5540,Task 5540,Detailed description for task number 5540,High,In Progress
5541,Task 5541,Detailed description for task number 5541,High,Open
5542,Task 5542,Detailed description for task number 5542,Critical,In Progress
5543,Task 5543,Detailed description for task number 5543,Critical,Review
5544,Task 5544,Detailed description for task number 5544,High,Open
5545,Task 5545,Detailed description for task number 5545,Low,Review
5546,Task 5546,Detailed description for task number 5546,Medium,Open
5547,Task 5547,Detailed description for task number 5547,Low,Done
5548,Task 5548,Detailed description for task number 5548,High,In Progress
5549,Task 5549,Detailed description for task number 5549,Critical,Done
5550,Task 5550,Detailed description for task number 5550,Low,Review
5551,Task 5551,Detailed description for task number 5551,Low,Review
5552,Task 5552,Detailed description for task number 5552,High,In Progress
5553,Task 5553,Detailed description for task number 5553,High,In Progress
5554,Task 5554,Detailed description for task number 5554,Medium,Open
5555,Task 5555,Detailed description for task number 5555,Low,Review
5556,Task 5556,Detailed description for task number 5556,Critical,Done
5557,Task 5557,Detailed description for task number 5557,High,In Progress
5558,Task 5558,Detailed description for task number 5558,High,Review
5559,Task 5559,Detailed description for task number 5559,High,In Progress
5560,Task 5560,Detailed description for task number 5560,Low,Open
5561,Task 5561,Detailed description for task number 5561,Medium,In Progress
5562,Task 5562,Detailed description for task number 5562,Medium,Done
5563,Task 5563,Detailed description for task number 5563,High,Open
5564,Task 5564,Detailed description for task number 5564,Critical,Done
5565,Task 5565,Detailed description for task number 5565,Critical,Done
5566,Task 5566,Detailed description for task number 5566,Medium,Review
5567,Task 5567,Detailed description for task number 5567,High,Review
5568,Task 5568,Detailed description for task number 5568,Medium,In Progress
5569,Task 5569,Detailed description for task number 5569,Low,Open
5570,Task 5570,Detailed description for task number 5570,Critical,Done
5571,Task 5571,Detailed description for task number 5571,Medium,Review
5572,Task 5572,Detailed description for task number 5572,Low,In Progress
5573,Task 5573,Detailed description for task number 5573,Critical,Done
5574,Task 5574,Detailed description for task number 5574,Critical,Open
5575,Task 5575,Detailed description for task number 5575,Low,Done
5576,Task 5576,Detailed description for task number 5576,High,Done
5577,Task 5577,Detailed description for task number 5577,Low,Done
5578,Task 5578,Detailed description for task number 5578,Medium,Open
5579,Task 5579,Detailed description for task number 5579,Low,Done
5580,Task 5580,Detailed description for task number 5580,Low,Review
5581,Task 5581,Detailed description for task number 5581,High,Review
5582,Task 5582,Detailed description for task number 5582,Critical,Review
5583,Task 5583,Detailed description for task number 5583,Critical,Open
5584,Task 5584,Detailed description for task number 5584,Medium,Open
5585,Task 5585,Detailed description for task number 5585,Medium,Done
5586,Task 5586,Detailed description for task number 5586,Low,Review
5587,Task 5587,Detailed description for task number 5587,Critical,Done
5588,Task 5588,Detailed description for task number 5588,Low,Review
5589,Task 5589,Detailed description for task number 5589,Critical,Review
5590,Task 5590,Detailed description for task number 5590,Medium,Done
5591,Task 5591,Detailed description for task number 5591,Low,Done
5592,Task 5592,Detailed description for task number 5592,High,Review
5593,Task 5593,Detailed description for task number 5593,Critical,Done
5594,Task 5594,Detailed description for task number 5594,High,In Progress
5595,Task 5595,Detailed description for task number 5595,High,In Progress
5596,Task 5596,Detailed description for task number 5596,Critical,In Progress
5597,Task 5597,Detailed description for task number 5597,Medium,Open
5598,Task 5598,Detailed description for task number 5598,Medium,Open
5599,Task 5599,Detailed description for task number 5599,Critical,Review
5600,Task 5600,Detailed description for task number 5600,Low,Review
5601,Task 5601,Detailed description for task number 5601,Medium,In Progress
5602,Task 5602,Detailed description for task number 5602,Critical,In Progress
5603,Task 5603,Detailed description for task number 5603,High,In Progress
5604,,Missing title error,Unknown,Open
5605,Task 5605,Detailed description for task number 5605,Critical,In Progress
5606,Task 5606,Detailed description for task number 5606,Low,In Progress
5607,,Missing title error,Unknown,Open
5608,Task 5608,Detailed description for task number 5608,Medium,Review
5609,Task 5609,Detailed description for task number 5609,Medium,In Progress
5610,Task 5610,Detailed description for task number 5610,Medium,Open
5611,Task 5611,Detailed description for task number 5611,Low,Open
5612,Task 5612,Detailed description for task number 5612,Low,In Progress
5613,Task 5613,Detailed description for task number 5613,High,In Progress
5614,Task 5614,Detailed description for task number 5614,Critical,Review
5615,Task 5615,Detailed description for task number 5615,Critical,In Progress
5616,Task 5616,Detailed description for task number 5616,Medium,Open
5617,Task 5617,Detailed description for task number 5617,Critical,Open
5618,Task 5618,Detailed description for task number 5618,Critical,In Progress
5619,Task 5619,Detailed description for task number 5619,Low,Open
5620,Task 5620,Detailed description for task number 5620,Critical,Review
5621,Task 5621,Detailed description for task number 5621,High,Review
5622,Task 5622,Detailed description for task number 5622,Critical,Review
5623,Task 5623,Detailed description for task number 5623,Low,Done
5624,Task 5624,Detailed description for task number 5624,Medium,Review
5625,Task 5625,Detailed description for task number 5625,Medium,Open
5626,Task 5626,Detailed description for task number 5626,Medium,Done
5627,Task 5627,Detailed description for task number 5627,Low,Open
5628,Task 5628,Detailed description for task number 5628,Low,Review
5629,Task 5629,Detailed description for task number 5629,Medium,Review
5630,Task 5630,Detailed description for task number 5630,Critical,Open
5631,Task 5631,Detailed description for task number 5631,Low,Review
5632,Task 5632,Detailed description for task number 5632,Low,Review
5633,Task 5633,Detailed description for task number 5633,Medium,Done
5634,Task 5634,Detailed description for task number 5634,Medium,In Progress
5635,Task 5635,Detailed description for task number 5635,High,Open
5636,Task 5636,Detailed description for task number 5636,Medium,Done
5637,Task 5637,Detailed description for task number 5637,High,Done
5638,Task 5638,Detailed description for task number 5638,Critical,Done
5639,Task 5639,Detailed description for task number 5639,High,Open
5640,Task 5640,Detailed description for task number 5640,High,In Progress
5641,Task 5641,Detailed description for task number 5641,Medium,Done
5642,Task 5642,Detailed description for task number 5642,Critical,Review
5643,Task 5643,Detailed description for task number 5643,High,Review
5644,Task 5644,Detailed description for task number 5644,Low,Done
5645,Task 5645,Detailed description for task number 5645,High,In Progress
5646,Task 5646,Detailed description for task number 5646,Critical,Review
5647,Task 5647,Detailed description for task number 5647,Medium,Done
5648,Task 5648,Detailed description for task number 5648,Medium,Open
5649,Task 5649,Detailed description for task number 5649,Critical,In Progress
5650,Task 5650,Detailed description for task number 5650,Medium,In Progress
5651,,Missing title error,Unknown,Open
5652,Task 5652,Detailed description for task number 5652,High,In Progress
5653,Task 5653,Detailed description for task number 5653,Medium,In Progress
5654,Task 5654,Detailed description for task number 5654,High,Done
5655,Task 5655,Detailed description for task number 5655,Medium,Open
5656,Task 5656,Detailed description for task number 5656,High,Done
5657,Task 5657,Detailed description for task number 5657,Critical,Open
5658,Task 5658,Detailed description for task number 5658,High,Done
5659,Task 5659,Detailed description for task number 5659,Medium,In Progress
5660,Task 5660,Detailed description for task number 5660,Critical,Done
5661,Task 5661,Detailed description for task number 5661,Low,Done
5662,Task 5662,Detailed description for task number 5662,Low,In Progress
5663,Task 5663,Detailed description for task number 5663,Critical,Done
5664,Task 5664,Detailed description for task number 5664,High,In Progress
5665,Task 5665,Detailed description for task number 5665,Medium,In Progress
5666,Task 5666,Detailed description for task number 5666,Medium,Open
5667,Task 5667,Detailed description for task number 5667,Critical,Done
5668,Task 5668,Detailed description for task number 5668,Low,In Progress
5669,Task 5669,Detailed description for task number 5669,Low,Review
5670,Task 5670,Detailed description for task number 5670,Medium,In Progress
5671,Task 5671,Detailed description for task number 5671,Medium,Review
5672,Task 5672,Detailed description for task number 5672,Critical,In Progress
5673,Task 5673,Detailed description for task number 5673,Critical,Open
5674,Task 5674,Detailed description for task number 5674,Medium,Done
5675,Task 5675,Detailed description for task number 5675,Low,In Progress
5676,Task 5676,Detailed description for task number 5676,Medium,Open
5677,Task 5677,Detailed description for task number 5677,Low,In Progress
5678,Task 5678,Detailed description for task number 5678,Critical,Open
5679,Task 5679,Detailed description for task number 5679,Low,Review
5680,Task 5680,Detailed description for task number 5680,High,Review
5681,Task 5681,Detailed description for task number 5681,Medium,In Progress
5682,Task 5682,Detailed description for task number 5682,Medium,In Progress
5683,Task 5683,Detailed description for task number 5683,Critical,Done
5684,Task 5684,Detailed description for task number 5684,Critical,Review
5685,Task 5685,Detailed description for task number 5685,Critical,Open
5686,Task 5686,Detailed description for task number 5686,High,Done
5687,Task 5687,Detailed description for task number 5687,High,Review
5688,Task 5688,Detailed description for task number 5688,Low,In Progress
5689,Task 5689,Detailed description for task number 5689,High,In Progress
5690,Task 5690,Detailed description for task number 5690,Medium,Done
5691,Task 5691,Detailed description for task number 5691,Low,Done
5692,Task 5692,Detailed description for task number 5692,Medium,Review
5693,Task 5693,Detailed description for task number 5693,Low,Review
5694,Task 5694,Detailed description for task number 5694,Medium,Review
5695,Task 5695,Detailed description for task number 5695,Critical,Done
5696,Task 5696,Detailed description for task number 5696,Critical,In Progress
5697,Task 5697,Detailed description for task number 5697,Low,Done
5698,Task 5698,Detailed description for task number 5698,Medium,Open
5699,Task 5699,Detailed description for task number 5699,Critical,Done
5700,Task 5700,Detailed description for task number 5700,Medium,Open
5701,Task 5701,Detailed description for task number 5701,Critical,In Progress
5702,Task 5702,Detailed description for task number 5702,Medium,Done
5703,Task 5703,Detailed description for task number 5703,Medium,Review
5704,Task 5704,Detailed description for task number 5704,Low,Review
5705,Task 5705,Detailed description for task number 5705,Critical,In Progress
5706,Task 5706,Detailed description for task number 5706,Medium,Done
5707,Task 5707,Detailed description for task number 5707,Critical,Done
5708,Task 5708,Detailed description for task number 5708,Medium,Review
5709,Task 5709,Detailed description for task number 5709,Low,Done
5710,Task 5710,Detailed description for task number 5710,Low,Open
5711,Task 5711,Detailed description for task number 5711,High,Open
5712,Task 5712,Detailed description for task number 5712,Low,Done
5713,Task 5713,Detailed description for task number 5713,Medium,In Progress
5714,Task 5714,Detailed description for task number 5714,Critical,Done
5715,Task 5715,Detailed description for task number 5715,Low,Done
5716,Task 5716,Detailed description for task number 5716,Medium,Open
5717,Task 5717,Detailed description for task number 5717,Low,In Progress
5718,Task 5718,Detailed description for task number 5718,Medium,Review
5719,Task 5719,Detailed description for task number 5719,Medium,Open
5720,,Missing title error,Unknown,Open
5721,Task 5721,Detailed description for task number 5721,Medium,In Progress
5722,Task 5722,Detailed description for task number 5722,Critical,Open
5723,Task 5723,Detailed description for task number 5723,Medium,Open
5724,Task 5724,Detailed description for task number 5724,Critical,Review
5725,Task 5725,Detailed description for task number 5725,High,Open
5726,,Missing title error,Unknown,Open
5727,Task 5727,Detailed description for task number 5727,Critical,Review
5728,Task 5728,Detailed description for task number 5728,Low,In Progress
5729,Task 5729,Detailed description for task number 5729,High,In Progress
5730,Task 5730,Detailed description for task number 5730,High,Review
5731,Task 5731,Detailed description for task number 5731,High,Review
5732,Task 5732,Detailed description for task number 5732,Critical,Review
5733,Task 5733,Detailed description for task number 5733,High,Open
5734,Task 5734,Detailed description for task number 5734,Critical,Open
5735,Task 5735,Detailed description for task number 5735,High,Done
5736,Task 5736,Detailed description for task number 5736,Critical,Done
5737,Task 5737,Detailed description for task number 5737,Low,In Progress
5738,,Missing title error,Unknown,Open
5739,Task 5739,Detailed description for task number 5739,High,Open
5740,Task 5740,Detailed description for task number 5740,Low,Review
5741,Task 5741,Detailed description for task number 5741,Low,Review
5742,Task 5742,Detailed description for task number 5742,High,Done
5743,Task 5743,Detailed description for task number 5743,Low,Open
5744,Task 5744,Detailed description for task number 5744,Medium,Done
5745,Task 5745,Detailed description for task number 5745,Medium,In Progress
5746,Task 5746,Detailed description for task number 5746,High,Done
5747,Task 5747,Detailed description for task number 5747,Medium,Review
5748,Task 5748,Detailed description for task number 5748,Critical,Review
5749,Task 5749,Detailed description for task number 5749,Critical,Done
5750,Task 5750,Detailed description for task number 5750,Low,Open
5751,Task 5751,Detailed description for task number 5751,Critical,Done
5752,Task 5752,Detailed description for task number 5752,Medium,Review
5753,Task 5753,Detailed description for task number 5753,Medium,In Progress
5754,Task 5754,Detailed description for task number 5754,Medium,Review
5755,Task 5755,Detailed description for task number 5755,High,In Progress
5756,Task 5756,Detailed description for task number 5756,Medium,In Progress
5757,Task 5757,Detailed description for task number 5757,High,Done
5758,Task 5758,Detailed description for task number 5758,Critical,Review
5759,Task 5759,Detailed description for task number 5759,Critical,Done
5760,Task 5760,Detailed description for task number 5760,Low,Review
5761,Task 5761,Detailed description for task number 5761,Medium,Review
5762,Task 5762,Detailed description for task number 5762,Low,Done
5763,Task 5763,Detailed description for task number 5763,High,Review
5764,Task 5764,Detailed description for task number 5764,Critical,Done
5765,Task 5765,Detailed description for task number 5765,Critical,In Progress
5766,Task 5766,Detailed description for task number 5766,Low,Done
5767,Task 5767,Detailed description for task number 5767,Medium,In Progress
5768,Task 5768,Detailed description for task number 5768,Medium,In Progress
5769,Task 5769,Detailed description for task number 5769,Medium,Review
5770,Task 5770,Detailed description for task number 5770,Low,In Progress
5771,Task 5771,Detailed description for task number 5771,Critical,Review
5772,Task 5772,Detailed description for task number 5772,Medium,Open
5773,Task 5773,Detailed description for task number 5773,Low,Review
5774,Task 5774,Detailed description for task number 5774,Critical,In Progress
5775,Task 5775,Detailed description for task number 5775,Low,Done
5776,Task 5776,Detailed description for task number 5776,Medium,Review
5777,Task 5777,Detailed description for task number 5777,Critical,Done
5778,Task 5778,Detailed description for task number 5778,Critical,Review
5779,Task 5779,Detailed description for task number 5779,Critical,Done
5780,Task 5780,Detailed description for task number 5780,Low,In Progress
5781,Task 5781,Detailed description for task number 5781,High,Review
5782,Task 5782,Detailed description for task number 5782,Medium,Done
5783,Task 5783,Detailed description for task number 5783,High,Review
5784,Task 5784,Detailed description for task number 5784,High,Open
5785,Task 5785,Detailed description for task number 5785,Medium,Open
5786,Task 5786,Detailed description for task number 5786,Low,Done
5787,Task 5787,Detailed description for task number 5787,Low,Review
5788,Task 5788,Detailed description for task number 5788,Critical,Done
5789,Task 5789,Detailed description for task number 5789,Low,Review
5790,Task 5790,Detailed description for task number 5790,High,Open
5791,Task 5791,Detailed description for task number 5791,Medium,Done
5792,Task 5792,Detailed description for task number 5792,High,In Progress
5793,Task 5793,Detailed description for task number 5793,Low,Review
5794,Task 5794,Detailed description for task number 5794,High,Done
5795,Task 5795,Detailed description for task number 5795,Critical,Review
5796,Task 5796,Detailed description for task number 5796,Low,Done
5797,Task 5797,Detailed description for task number 5797,High,Done
5798,Task 5798,Detailed description for task number 5798,High,In Progress
5799,Task 5799,Detailed description for task number 5799,Low,In Progress
5800,Task 5800,Detailed description for task number 5800,High,Review
5801,Task 5801,Detailed description for task number 5801,Critical,Done
5802,Task 5802,Detailed description for task number 5802,Low,In Progress
5803,Task 5803,Detailed description for task number 5803,Critical,Done
5804,Task 5804,Detailed description for task number 5804,Medium,Done
5805,Task 5805,Detailed description for task number 5805,Low,In Progress
5806,Task 5806,Detailed description for task number 5806,High,Open
5807,Task 5807,Detailed description for task number 5807,Medium,Done
5808,Task 5808,Detailed description for task number 5808,High,Done
5809,Task 5809,Detailed description for task number 5809,High,Review
5810,Task 5810,Detailed description for task number 5810,Low,Review
5811,Task 5811,Detailed description for task number 5811,High,In Progress
5812,Task 5812,Detailed description for task number 5812,Medium,Done
5813,Task 5813,Detailed description for task number 5813,Low,In Progress
5814,Task 5814,Detailed description for task number 5814,Medium,Review
5815,Task 5815,Detailed description for task number 5815,Medium,Done
5816,Task 5816,Detailed description for task number 5816,High,Open
5817,Task 5817,Detailed description for task number 5817,High,Review
5818,Task 5818,Detailed description for task number 5818,Low,Review
5819,Task 5819,Detailed description for task number 5819,Critical,Open
5820,Task 5820,Detailed description for task number 5820,Low,In Progress
5821,Task 5821,Detailed description for task number 5821,Medium,Review
5822,Task 5822,Detailed description for task number 5822,Medium,Open
5823,Task 5823,Detailed description for task number 5823,High,Review
5824,Task 5824,Detailed description for task number 5824,Medium,In Progress
5825,Task 5825,Detailed description for task number 5825,Critical,Done
5826,Task 5826,Detailed description for task number 5826,Critical,Review
5827,Task 5827,Detailed description for task number 5827,High,Done
5828,Task 5828,Detailed description for task number 5828,Medium,In Progress
5829,Task 5829,Detailed description for task number 5829,Low,Open
5830,Task 5830,Detailed description for task number 5830,Medium,In Progress
5831,Task 5831,Detailed description for task number 5831,Critical,In Progress
5832,Task 5832,Detailed description for task number 5832,Medium,Open
5833,Task 5833,Detailed description for task number 5833,High,Done
5834,Task 5834,Detailed description for task number 5834,High,Open
5835,Task 5835,Detailed description for task number 5835,Critical,In Progress
5836,Task 5836,Detailed description for task number 5836,Medium,Review
5837,Task 5837,Detailed description for task number 5837,Critical,In Progress
5838,Task 5838,Detailed description for task number 5838,Critical,Done
5839,Task 5839,Detailed description for task number 5839,Critical,In Progress
5840,Task 5840,Detailed description for task number 5840,High,In Progress
5841,Task 5841,Detailed description for task number 5841,High,Review
5842,Task 5842,Detailed description for task number 5842,Low,Open
5843,Task 5843,Detailed description for task number 5843,Medium,Review
5844,Task 5844,Detailed description for task number 5844,High,Review
5845,Task 5845,Detailed description for task number 5845,Critical,In Progress
5846,Task 5846,Detailed description for task number 5846,Medium,Done
5847,Task 5847,Detailed description for task number 5847,Critical,Open
5848,Task 5848,Detailed description for task number 5848,Critical,Review
5849,Task 5849,Detailed description for task number 5849,Low,Open
5850,Task 5850,Detailed description for task number 5850,Low,Review
5851,Task 5851,Detailed description for task number 5851,Critical,In Progress
5852,Task 5852,Detailed description for task number 5852,Medium,Done
5853,Task 5853,Detailed description for task number 5853,Low,Done
5854,Task 5854,Detailed description for task number 5854,Critical,Done
5855,Task 5855,Detailed description for task number 5855,High,Review
5856,Task 5856,Detailed description for task number 5856,Critical,In Progress
5857,Task 5857,Detailed description for task number 5857,Low,Open
5858,Task 5858,Detailed description for task number 5858,Medium,Done
5859,Task 5859,Detailed description for task number 5859,Medium,Review
5860,Task 5860,Detailed description for task number 5860,Critical,In Progress
5861,Task 5861,Detailed description for task number 5861,Low,In Progress
5862,Task 5862,Detailed description for task number 5862,High,Review
5863,Task 5863,Detailed description for task number 5863,Medium,Review
5864,Task 5864,Detailed description for task number 5864,Critical,Done
5865,Task 5865,Detailed description for task number 5865,Low,Review
5866,Task 5866,Detailed description for task number 5866,Low,Open
5867,Task 5867,Detailed description for task number 5867,Low,In Progress
5868,Task 5868,Detailed description for task number 5868,Low,Done
5869,Task 5869,Detailed description for task number 5869,Low,In Progress
5870,Task 5870,Detailed description for task number 5870,Critical,Done
5871,Task 5871,Detailed description for task number 5871,Low,Open
5872,Task 5872,Detailed description for task number 5872,Medium,Open
5873,Task 5873,Detailed description for task number 5873,Medium,Review
5874,Task 5874,Detailed description for task number 5874,Medium,Review
5875,Task 5875,Detailed description for task number 5875,High,In Progress
5876,Task 5876,Detailed description for task number 5876,High,In Progress
5877,Task 5877,Detailed description for task number 5877,High,Review
5878,Task 5878,Detailed description for task number 5878,Medium,In Progress
5879,Task 5879,Detailed description for task number 5879,Low,Done
5880,Task 5880,Detailed description for task number 5880,Low,Open
5881,Task 5881,Detailed description for task number 5881,Low,In Progress
5882,Task 5882,Detailed description for task number 5882,High,Done
5883,Task 5883,Detailed description for task number 5883,Critical,Review
5884,Task 5884,Detailed description for task number 5884,Low,Review
5885,Task 5885,Detailed description for task number 5885,High,Review
5886,Task 5886,Detailed description for task number 5886,Critical,Review
5887,Task 5887,Detailed description for task number 5887,Critical,In Progress
5888,Task 5888,Detailed description for task number 5888,High,Review
5889,Task 5889,Detailed description for task number 5889,Medium,Done
5890,Task 5890,Detailed description for task number 5890,Low,In Progress
5891,Task 5891,Detailed description for task number 5891,Low,In Progress
5892,Task 5892,Detailed description for task number 5892,Critical,Review
5893,Task 5893,Detailed description for task number 5893,Medium,Open
5894,Task 5894,Detailed description for task number 5894,Critical,Review
5895,Task 5895,Detailed description for task number 5895,Low,In Progress
5896,Task 5896,Detailed description for task number 5896,High,Open
5897,Task 5897,Detailed description for task number 5897,Low,In Progress
5898,Task 5898,Detailed description for task number 5898,Medium,Review
5899,Task 5899,Detailed description for task number 5899,Critical,Open
5900,Task 5900,Detailed description for task number 5900,High,Review
5901,Task 5901,Detailed description for task number 5901,Low,Review
5902,Task 5902,Detailed description for task number 5902,High,In Progress
5903,Task 5903,Detailed description for task number 5903,Critical,Done
5904,Task 5904,Detailed description for task number 5904,Critical,Done
5905,Task 5905,Detailed description for task number 5905,Medium,Open
5906,Task 5906,Detailed description for task number 5906,Critical,Review
5907,Task 5907,Detailed description for task number 5907,Medium,In Progress
5908,Task 5908,Detailed description for task number 5908,High,Done
5909,Task 5909,Detailed description for task number 5909,Medium,Done
5910,Task 5910,Detailed description for task number 5910,Low,Done
5911,Task 5911,Detailed description for task number 5911,Low,Open
5912,Task 5912,Detailed description for task number 5912,Medium,Open
5913,Task 5913,Detailed description for task number 5913,Critical,Open
5914,Task 5914,Detailed description for task number 5914,Low,In Progress
5915,Task 5915,Detailed description for task number 5915,Low,Done
5916,Task 5916,Detailed description for task number 5916,Critical,Review
5917,Task 5917,Detailed description for task number 5917,Low,Review
5918,Task 5918,Detailed description for task number 5918,Medium,Open
5919,Task 5919,Detailed description for task number 5919,High,Done
5920,Task 5920,Detailed description for task number 5920,Low,Done
5921,Task 5921,Detailed description for task number 5921,High,Open
5922,Task 5922,Detailed description for task number 5922,Low,Open
5923,Task 5923,Detailed description for task number 5923,Critical,In Progress
5924,Task 5924,Detailed description for task number 5924,Medium,Open
5925,Task 5925,Detailed description for task number 5925,Critical,In Progress
5926,Task 5926,Detailed description for task number 5926,Medium,Review
5927,Task 5927,Detailed description for task number 5927,Low,Done
5928,Task 5928,Detailed description for task number 5928,High,Done
5929,Task 5929,Detailed description for task number 5929,High,Review
5930,Task 5930,Detailed description for task number 5930,Medium,In Progress
5931,Task 5931,Detailed description for task number 5931,Medium,In Progress
5932,Task 5932,Detailed description for task number 5932,High,Review
5933,Task 5933,Detailed description for task number 5933,Critical,Open
5934,Task 5934,Detailed description for task number 5934,Medium,In Progress
5935,Task 5935,Detailed description for task number 5935,Medium,In Progress
5936,Task 5936,Detailed description for task number 5936,Low,Review
5937,Task 5937,Detailed description for task number 5937,Critical,Open
5938,Task 5938,Detailed description for task number 5938,Medium,Review
5939,Task 5939,Detailed description for task number 5939,Critical,Open
5940,Task 5940,Detailed description for task number 5940,Critical,Done
5941,Task 5941,Detailed description for task number 5941,High,Done
5942,Task 5942,Detailed description for task number 5942,Low,Review
5943,Task 5943,Detailed description for task number 5943,Medium,In Progress
5944,Task 5944,Detailed description for task number 5944,Critical,Open
5945,Task 5945,Detailed description for task number 5945,Medium,In Progress
5946,Task 5946,Detailed description for task number 5946,Medium,Review
5947,Task 5947,Detailed description for task number 5947,Critical,Review
5948,Task 5948,Detailed description for task number 5948,High,In Progress
5949,Task 5949,Detailed description for task number 5949,Medium,Review
5950,Task 5950,Detailed description for task number 5950,Low,Open
5951,Task 5951,Detailed description for task number 5951,High,Review
5952,Task 5952,Detailed description for task number 5952,Medium,Done
5953,Task 5953,Detailed description for task number 5953,Critical,In Progress
5954,Task 5954,Detailed description for task number 5954,Low,Review
5955,Task 5955,Detailed description for task number 5955,Critical,Open
5956,Task 5956,Detailed description for task number 5956,Medium,Done
5957,Task 5957,Detailed description for task number 5957,Critical,In Progress
5958,Task 5958,Detailed description for task number 5958,Medium,Review
5959,Task 5959,Detailed description for task number 5959,Low,Review
5960,Task 5960,Detailed description for task number 5960,Critical,Open
5961,Task 5961,Detailed description for task number 5961,Medium,In Progress
5962,Task 5962,Detailed description for task number 5962,Medium,Review
5963,Task 5963,Detailed description for task number 5963,Critical,In Progress
5964,Task 5964,Detailed description for task number 5964,Low,Done
5965,Task 5965,Detailed description for task number 5965,Low,In Progress
5966,Task 5966,Detailed description for task number 5966,Low,Open
5967,Task 5967,Detailed description for task number 5967,High,Done
5968,Task 5968,Detailed description for task number 5968,Medium,In Progress
5969,Task 5969,Detailed description for task number 5969,High,Open
5970,Task 5970,Detailed description for task number 5970,Low,In Progress
5971,Task 5971,Detailed description for task number 5971,High,Open
5972,Task 5972,Detailed description for task number 5972,Critical,Review
5973,Task 5973,Detailed description for task number 5973,Medium,In Progress
5974,Task 5974,Detailed description for task number 5974,Critical,In Progress
5975,Task 5975,Detailed description for task number 5975,Critical,Done
5976,Task 5976,Detailed description for task number 5976,High,Done
5977,Task 5977,Detailed description for task number 5977,Low,Review
5978,Task 5978,Detailed description for task number 5978,Low,Open
5979,Task 5979,Detailed description for task number 5979,High,In Progress
5980,Task 5980,Detailed description for task number 5980,High,Review
5981,Task 5981,Detailed description for task number 5981,High,Open
5982,Task 5982,Detailed description for task number 5982,Medium,Done
5983,Task 5983,Detailed description for task number 5983,Critical,Review
5984,Task 5984,Detailed description for task number 5984,High,In Progress
5985,Task 5985,Detailed description for task number 5985,Low,Open
5986,Task 5986,Detailed description for task number 5986,Low,Open
5987,Task 5987,Detailed description for task number 5987,High,Done
5988,Task 5988,Detailed description for task number 5988,High,In Progress
5989,Task 5989,Detailed description for task number 5989,High,In Progress
5990,Task 5990,Detailed description for task number 5990,Critical,Review
5991,Task 5991,Detailed description for task number 5991,Critical,Review
5992,Task 5992,Detailed description for task number 5992,Low,Done
5993,Task 5993,Detailed description for task number 5993,Low,In Progress
5994,Task 5994,Detailed description for task number 5994,High,Review
5995,Task 5995,Detailed description for task number 5995,Low,Open
5996,Task 5996,Detailed description for task number 5996,Low,In Progress
5997,Task 5997,Detailed description for task number 5997,High,Done
5998,Task 5998,Detailed description for task number 5998,High,Done
5999,Task 5999,Detailed description for task number 5999,High,Review
6000,Task 6000,Detailed description for task number 6000,Low,Done
6001,Task 6001,Detailed description for task number 6001,High,Open
6002,Task 6002,Detailed description for task number 6002,Low,In Progress
6003,Task 6003,Detailed description for task number 6003,Medium,Done
6004,Task 6004,Detailed description for task number 6004,Low,In Progress
6005,Task 6005,Detailed description for task number 6005,Low,Open
6006,Task 6006,Detailed description for task number 6006,High,Review
6007,Task 6007,Detailed description for task number 6007,Critical,Done
6008,Task 6008,Detailed description for task number 6008,Low,Open
6009,Task 6009,Detailed description for task number 6009,Low,In Progress
6010,Task 6010,Detailed description for task number 6010,High,Review
6011,Task 6011,Detailed description for task number 6011,High,In Progress
6012,Task 6012,Detailed description for task number 6012,Medium,Review
6013,Task 6013,Detailed description for task number 6013,Medium,Review
6014,Task 6014,Detailed description for task number 6014,Critical,Review
6015,Task 6015,Detailed description for task number 6015,Critical,In Progress
6016,Task 6016,Detailed description for task number 6016,Medium,Review
6017,Task 6017,Detailed description for task number 6017,Low,Review
6018,Task 6018,Detailed description for task number 6018,Low,Open
6019,Task 6019,Detailed description for task number 6019,Medium,In Progress
6020,Task 6020,Detailed description for task number 6020,High,Review
6021,Task 6021,Detailed description for task number 6021,Critical,Done
6022,Task 6022,Detailed description for task number 6022,Medium,Review
6023,Task 6023,Detailed description for task number 6023,High,Done
6024,Task 6024,Detailed description for task number 6024,High,Review
6025,Task 6025,Detailed description for task number 6025,Critical,Done
6026,Task 6026,Detailed description for task number 6026,Critical,In Progress
6027,Task 6027,Detailed description for task number 6027,High,In Progress
6028,Task 6028,Detailed description for task number 6028,Medium,Open
6029,Task 6029,Detailed description for task number 6029,High,Open
6030,Task 6030,Detailed description for task number 6030,Critical,Open
6031,Task 6031,Detailed description for task number 6031,Low,Open
6032,Task 6032,Detailed description for task number 6032,Low,Review
6033,Task 6033,Detailed description for task number 6033,Medium,Review
6034,Task 6034,Detailed description for task number 6034,Low,In Progress
6035,Task 6035,Detailed description for task number 6035,Medium,Review
6036,Task 6036,Detailed description for task number 6036,High,Open
6037,Task 6037,Detailed description for task number 6037,Critical,Open
6038,Task 6038,Detailed description for task number 6038,Low,Review
6039,Task 6039,Detailed description for task number 6039,Medium,Review
6040,Task 6040,Detailed description for task number 6040,Medium,Review
6041,Task 6041,Detailed description for task number 6041,Medium,Review
6042,Task 6042,Detailed description for task number 6042,Low,Open
6043,Task 6043,Detailed description for task number 6043,High,Done
6044,Task 6044,Detailed description for task number 6044,High,Open
6045,Task 6045,Detailed description for task number 6045,Critical,Done
6046,Task 6046,Detailed description for task number 6046,Medium,Review
6047,Task 6047,Detailed description for task number 6047,Critical,In Progress
6048,Task 6048,Detailed description for task number 6048,Low,Review
6049,Task 6049,Detailed description for task number 6049,High,Open
6050,Task 6050,Detailed description for task number 6050,High,In Progress
6051,Task 6051,Detailed description for task number 6051,Medium,Review
6052,Task 6052,Detailed description for task number 6052,Medium,In Progress
6053,Task 6053,Detailed description for task number 6053,Critical,Done
6054,Task 6054,Detailed description for task number 6054,High,In Progress
6055,Task 6055,Detailed description for task number 6055,Low,Review
6056,Task 6056,Detailed description for task number 6056,Medium,Open
6057,Task 6057,Detailed description for task number 6057,Low,In Progress
6058,Task 6058,Detailed description for task number 6058,Low,Done
6059,Task 6059,Detailed description for task number 6059,Low,Open
6060,Task 6060,Detailed description for task number 6060,High,Done
6061,Task 6061,Detailed description for task number 6061,High,Open
6062,Task 6062,Detailed description for task number 6062,Medium,Done
6063,Task 6063,Detailed description for task number 6063,Low,Review
6064,Task 6064,Detailed description for task number 6064,Low,Open
6065,Task 6065,Detailed description for task number 6065,Low,Open
6066,Task 6066,Detailed description for task number 6066,High,Open
6067,Task 6067,Detailed description for task number 6067,High,Open
6068,Task 6068,Detailed description for task number 6068,Critical,Open
6069,Task 6069,Detailed description for task number 6069,Low,Review
6070,Task 6070,Detailed description for task number 6070,High,Done
6071,Task 6071,Detailed description for task number 6071,Medium,Done
6072,Task 6072,Detailed description for task number 6072,Low,Open
6073,Task 6073,Detailed description for task number 6073,High,Done
6074,Task 6074,Detailed description for task number 6074,Critical,Open
6075,Task 6075,Detailed description for task number 6075,Medium,Open
6076,Task 6076,Detailed description for task number 6076,Low,Done
6077,Task 6077,Detailed description for task number 6077,Critical,Open
6078,Task 6078,Detailed description for task number 6078,Medium,In Progress
6079,Task 6079,Detailed description for task number 6079,High,Done
6080,Task 6080,Detailed description for task number 6080,Critical,Review
6081,Task 6081,Detailed description for task number 6081,Low,Done
6082,Task 6082,Detailed description for task number 6082,Critical,Open
6083,Task 6083,Detailed description for task number 6083,High,In Progress
6084,Task 6084,Detailed description for task number 6084,Low,Done
6085,Task 6085,Detailed description for task number 6085,High,In Progress
6086,Task 6086,Detailed description for task number 6086,High,Open
6087,Task 6087,Detailed description for task number 6087,Low,Open
6088,Task 6088,Detailed description for task number 6088,Medium,Done
6089,Task 6089,Detailed description for task number 6089,Medium,Done
6090,Task 6090,Detailed description for task number 6090,High,In Progress
6091,Task 6091,Detailed description for task number 6091,Medium,Review
6092,Task 6092,Detailed description for task number 6092,Critical,Done
6093,Task 6093,Detailed description for task number 6093,Critical,Open
6094,Task 6094,Detailed description for task number 6094,High,Done
6095,Task 6095,Detailed description for task number 6095,Medium,Open
6096,Task 6096,Detailed description for task number 6096,Medium,Done
6097,Task 6097,Detailed description for task number 6097,Critical,Done
6098,Task 6098,Detailed description for task number 6098,Low,In Progress
6099,Task 6099,Detailed description for task number 6099,Low,Review
6100,Task 6100,Detailed description for task number 6100,High,Review
6101,Task 6101,Detailed description for task number 6101,Medium,Review
6102,Task 6102,Detailed description for task number 6102,Medium,Open
6103,Task 6103,Detailed description for task number 6103,Low,In Progress
6104,Task 6104,Detailed description for task number 6104,Low,In Progress
6105,Task 6105,Detailed description for task number 6105,Medium,Open
6106,Task 6106,Detailed description for task number 6106,Medium,Review
6107,Task 6107,Detailed description for task number 6107,Low,Done
6108,Task 6108,Detailed description for task number 6108,Low,In Progress
6109,Task 6109,Detailed description for task number 6109,Critical,Done
6110,Task 6110,Detailed description for task number 6110,Medium,Review
6111,Task 6111,Detailed description for task number 6111,Medium,Done
6112,Task 6112,Detailed description for task number 6112,Low,Open
6113,Task 6113,Detailed description for task number 6113,High,Review
6114,Task 6114,Detailed description for task number 6114,High,Done
6115,Task 6115,Detailed description for task number 6115,Critical,Open
6116,Task 6116,Detailed description for task number 6116,Medium,Done
6117,Task 6117,Detailed description for task number 6117,Critical,In Progress
6118,Task 6118,Detailed description for task number 6118,Medium,In Progress
6119,Task 6119,Detailed description for task number 6119,Critical,Review
6120,Task 6120,Detailed description for task number 6120,Low,In Progress
6121,Task 6121,Detailed description for task number 6121,Medium,Done
6122,Task 6122,Detailed description for task number 6122,Medium,Open
6123,Task 6123,Detailed description for task number 6123,Medium,In Progress
6124,Task 6124,Detailed description for task number 6124,Low,Review
6125,Task 6125,Detailed description for task number 6125,High,Review
6126,Task 6126,Detailed description for task number 6126,Medium,Done
6127,Task 6127,Detailed description for task number 6127,High,Open
6128,Task 6128,Detailed description for task number 6128,Critical,Review
6129,Task 6129,Detailed description for task number 6129,High,Review
6130,Task 6130,Detailed description for task number 6130,Low,Review
6131,Task 6131,Detailed description for task number 6131,High,In Progress
6132,Task 6132,Detailed description for task number 6132,Medium,Open
6133,Task 6133,Detailed description for task number 6133,Medium,Review
6134,Task 6134,Detailed description for task number 6134,High,Review
6135,Task 6135,Detailed description for task number 6135,Low,Review
6136,Task 6136,Detailed description for task number 6136,Critical,Done
6137,Task 6137,Detailed description for task number 6137,High,In Progress
6138,Task 6138,Detailed description for task number 6138,Low,Done
6139,Task 6139,Detailed description for task number 6139,Low,Open
6140,Task 6140,Detailed description for task number 6140,Medium,Review
6141,Task 6141,Detailed description for task number 6141,Medium,In Progress
6142,Task 6142,Detailed description for task number 6142,Critical,Review
6143,Task 6143,Detailed description for task number 6143,Medium,Open
6144,Task 6144,Detailed description for task number 6144,High,Review
6145,Task 6145,Detailed description for task number 6145,High,Open
6146,Task 6146,Detailed description for task number 6146,Low,Open
6147,Task 6147,Detailed description for task number 6147,High,Done
6148,Task 6148,Detailed description for task number 6148,Critical,In Progress
6149,Task 6149,Detailed description for task number 6149,Low,In Progress
6150,Task 6150,Detailed description for task number 6150,High,Review
6151,Task 6151,Detailed description for task number 6151,Medium,Open
6152,Task 6152,Detailed description for task number 6152,High,Review
6153,Task 6153,Detailed description for task number 6153,Low,Open
6154,Task 6154,Detailed description for task number 6154,Medium,Review
6155,Task 6155,Detailed description for task number 6155,Critical,Open
6156,Task 6156,Detailed description for task number 6156,High,In Progress
6157,Task 6157,Detailed description for task number 6157,Critical,Done
6158,Task 6158,Detailed description for task number 6158,High,In Progress
6159,Task 6159,Detailed description for task number 6159,Critical,Open
6160,Task 6160,Detailed description for task number 6160,Critical,In Progress
6161,Task 6161,Detailed description for task number 6161,High,In Progress
6162,Task 6162,Detailed description for task number 6162,High,Review
6163,Task 6163,Detailed description for task number 6163,Low,Open
6164,Task 6164,Detailed description for task number 6164,Low,In Progress
6165,Task 6165,Detailed description for task number 6165,High,Done
6166,Task 6166,Detailed description for task number 6166,Critical,Done
6167,Task 6167,Detailed description for task number 6167,Low,Open
6168,Task 6168,Detailed description for task number 6168,Medium,Done
6169,Task 6169,Detailed description for task number 6169,Low,Done
6170,Task 6170,Detailed description for task number 6170,Low,Open
6171,Task 6171,Detailed description for task number 6171,Critical,Review
6172,,Missing title error,Unknown,Open
6173,Task 6173,Detailed description for task number 6173,Medium,Review
6174,Task 6174,Detailed description for task number 6174,Low,In Progress
6175,Task 6175,Detailed description for task number 6175,Low,Review
6176,Task 6176,Detailed description for task number 6176,High,Review
6177,Task 6177,Detailed description for task number 6177,High,Open
6178,Task 6178,Detailed description for task number 6178,Medium,Review
6179,Task 6179,Detailed description for task number 6179,Low,In Progress
6180,Task 6180,Detailed description for task number 6180,Medium,In Progress
6181,Task 6181,Detailed description for task number 6181,High,Open
6182,Task 6182,Detailed description for task number 6182,Medium,In Progress
6183,Task 6183,Detailed description for task number 6183,Low,In Progress
6184,Task 6184,Detailed description for task number 6184,Critical,Open
6185,Task 6185,Detailed description for task number 6185,Critical,In Progress
6186,Task 6186,Detailed description for task number 6186,Low,Review
6187,Task 6187,Detailed description for task number 6187,Low,Review
6188,Task 6188,Detailed description for task number 6188,High,Open
6189,Task 6189,Detailed description for task number 6189,Critical,In Progress
6190,Task 6190,Detailed description for task number 6190,Medium,Done
6191,Task 6191,Detailed description for task number 6191,High,Review
6192,Task 6192,Detailed description for task number 6192,High,Done
6193,Task 6193,Detailed description for task number 6193,Critical,In Progress
6194,Task 6194,Detailed description for task number 6194,Critical,In Progress
6195,Task 6195,Detailed description for task number 6195,Medium,In Progress
6196,Task 6196,Detailed description for task number 6196,Low,In Progress
6197,Task 6197,Detailed description for task number 6197,High,Open
6198,Task 6198,Detailed description for task number 6198,High,Open
6199,Task 6199,Detailed description for task number 6199,Low,Review
6200,Task 6200,Detailed description for task number 6200,Medium,Done
6201,Task 6201,Detailed description for task number 6201,Medium,Done
6202,Task 6202,Detailed description for task number 6202,Low,Open
6203,Task 6203,Detailed description for task number 6203,High,Open
6204,Task 6204,Detailed description for task number 6204,Critical,Review
6205,Task 6205,Detailed description for task number 6205,Critical,In Progress
6206,Task 6206,Detailed description for task number 6206,Critical,Review
6207,Task 6207,Detailed description for task number 6207,High,Done
6208,Task 6208,Detailed description for task number 6208,Low,Review
6209,Task 6209,Detailed description for task number 6209,High,Open
6210,,Missing title error,Unknown,Open
6211,Task 6211,Detailed description for task number 6211,Critical,Review
6212,Task 6212,Detailed description for task number 6212,High,Open
6213,Task 6213,Detailed description for task number 6213,Critical,In Progress
6214,Task 6214,Detailed description for task number 6214,Medium,Open
6215,Task 6215,Detailed description for task number 6215,High,Done
6216,Task 6216,Detailed description for task number 6216,Critical,Done
6217,Task 6217,Detailed description for task number 6217,High,Done
6218,Task 6218,Detailed description for task number 6218,Critical,In Progress
6219,Task 6219,Detailed description for task number 6219,Critical,Open
6220,Task 6220,Detailed description for task number 6220,Low,In Progress
6221,Task 6221,Detailed description for task number 6221,Low,Review
6222,Task 6222,Detailed description for task number 6222,Low,In Progress
6223,Task 6223,Detailed description for task number 6223,Low,Open
6224,Task 6224,Detailed description for task number 6224,Low,Review
6225,Task 6225,Detailed description for task number 6225,Medium,Done
6226,Task 6226,Detailed description for task number 6226,Low,Open
6227,Task 6227,Detailed description for task number 6227,Medium,Done
6228,Task 6228,Detailed description for task number 6228,Critical,Done
6229,Task 6229,Detailed description for task number 6229,High,In Progress
6230,Task 6230,Detailed description for task number 6230,Medium,Review
6231,Task 6231,Detailed description for task number 6231,Medium,Done
6232,Task 6232,Detailed description for task number 6232,Critical,In Progress
6233,Task 6233,Detailed description for task number 6233,Low,Open
6234,Task 6234,Detailed description for task number 6234,High,Review
6235,Task 6235,Detailed description for task number 6235,Low,In Progress
6236,Task 6236,Detailed description for task number 6236,High,Open
6237,Task 6237,Detailed description for task number 6237,Low,Open
6238,Task 6238,Detailed description for task number 6238,Low,Open
6239,Task 6239,Detailed description for task number 6239,High,Open
6240,Task 6240,Detailed description for task number 6240,Low,Review
6241,Task 6241,Detailed description for task number 6241,Low,Done
6242,Task 6242,Detailed description for task number 6242,Medium,Done
6243,Task 6243,Detailed description for task number 6243,High,Open
6244,Task 6244,Detailed description for task number 6244,Medium,In Progress
6245,Task 6245,Detailed description for task number 6245,Low,Open
6246,Task 6246,Detailed description for task number 6246,Medium,Review
6247,Task 6247,Detailed description for task number 6247,Critical,Open
6248,Task 6248,Detailed description for task number 6248,Critical,Open
6249,Task 6249,Detailed description for task number 6249,High,Done
6250,Task 6250,Detailed description for task number 6250,Critical,Open
6251,Task 6251,Detailed description for task number 6251,Critical,Done
6252,Task 6252,Detailed description for task number 6252,Medium,Open
6253,Task 6253,Detailed description for task number 6253,Critical,Review
6254,Task 6254,Detailed description for task number 6254,Critical,Done
6255,Task 6255,Detailed description for task number 6255,Low,In Progress
6256,Task 6256,Detailed description for task number 6256,Medium,In Progress
6257,Task 6257,Detailed description for task number 6257,Low,In Progress
6258,Task 6258,Detailed description for task number 6258,Critical,Review
6259,Task 6259,Detailed description for task number 6259,Low,Done
6260,Task 6260,Detailed description for task number 6260,Medium,In Progress
6261,Task 6261,Detailed description for task number 6261,Medium,Done
6262,Task 6262,Detailed description for task number 6262,Medium,Done
6263,Task 6263,Detailed description for task number 6263,Critical,In Progress
6264,Task 6264,Detailed description for task number 6264,High,Open
6265,Task 6265,Detailed description for task number 6265,High,In Progress
6266,Task 6266,Detailed description for task number 6266,Medium,Review
6267,Task 6267,Detailed description for task number 6267,Critical,In Progress
6268,Task 6268,Detailed description for task number 6268,Medium,In Progress
6269,Task 6269,Detailed description for task number 6269,Critical,In Progress
6270,Task 6270,Detailed description for task number 6270,High,Open
6271,Task 6271,Detailed description for task number 6271,Medium,Open
6272,Task 6272,Detailed description for task number 6272,Low,Done
6273,Task 6273,Detailed description for task number 6273,Low,Review
6274,Task 6274,Detailed description for task number 6274,High,Review
6275,Task 6275,Detailed description for task number 6275,Medium,In Progress
6276,Task 6276,Detailed description for task number 6276,Critical,Open
6277,Task 6277,Detailed description for task number 6277,Low,Open
6278,Task 6278,Detailed description for task number 6278,Medium,Open
6279,Task 6279,Detailed description for task number 6279,High,In Progress
6280,Task 6280,Detailed description for task number 6280,High,In Progress
6281,Task 6281,Detailed description for task number 6281,Critical,Open
6282,Task 6282,Detailed description for task number 6282,Critical,Review
6283,Task 6283,Detailed description for task number 6283,Medium,Done
6284,Task 6284,Detailed description for task number 6284,Medium,In Progress
6285,Task 6285,Detailed description for task number 6285,Medium,Review
6286,Task 6286,Detailed description for task number 6286,High,In Progress
6287,Task 6287,Detailed description for task number 6287,Critical,In Progress
6288,Task 6288,Detailed description for task number 6288,Low,Review
6289,Task 6289,Detailed description for task number 6289,Low,In Progress
6290,Task 6290,Detailed description for task number 6290,Critical,In Progress
6291,Task 6291,Detailed description for task number 6291,Medium,Review
6292,Task 6292,Detailed description for task number 6292,High,Done
6293,Task 6293,Detailed description for task number 6293,Critical,In Progress
6294,Task 6294,Detailed description for task number 6294,Medium,Review
6295,Task 6295,Detailed description for task number 6295,Critical,Review
6296,,Missing title error,Unknown,Open
6297,Task 6297,Detailed description for task number 6297,Medium,Review
6298,Task 6298,Detailed description for task number 6298,Medium,Done
6299,Task 6299,Detailed description for task number 6299,Low,In Progress
6300,Task 6300,Detailed description for task number 6300,Medium,Open
6301,Task 6301,Detailed description for task number 6301,Low,In Progress
6302,Task 6302,Detailed description for task number 6302,High,Open
6303,Task 6303,Detailed description for task number 6303,Low,In Progress
6304,Task 6304,Detailed description for task number 6304,Low,Done
6305,Task 6305,Detailed description for task number 6305,Critical,In Progress
6306,Task 6306,Detailed description for task number 6306,Critical,Open
6307,Task 6307,Detailed description for task number 6307,Low,Review
6308,Task 6308,Detailed description for task number 6308,High,Done
6309,Task 6309,Detailed description for task number 6309,High,In Progress
6310,Task 6310,Detailed description for task number 6310,Low,Review
6311,Task 6311,Detailed description for task number 6311,High,Review
6312,Task 6312,Detailed description for task number 6312,Medium,Review
6313,Task 6313,Detailed description for task number 6313,High,In Progress
6314,Task 6314,Detailed description for task number 6314,Medium,Review
6315,Task 6315,Detailed description for task number 6315,Medium,Review
6316,Task 6316,Detailed description for task number 6316,Critical,Done
6317,Task 6317,Detailed description for task number 6317,Critical,Review
6318,Task 6318,Detailed description for task number 6318,Critical,Open
6319,Task 6319,Detailed description for task number 6319,Medium,Done
6320,Task 6320,Detailed description for task number 6320,Medium,Open
6321,Task 6321,Detailed description for task number 6321,High,Review
6322,Task 6322,Detailed description for task number 6322,Critical,Open
6323,Task 6323,Detailed description for task number 6323,Low,In Progress
6324,Task 6324,Detailed description for task number 6324,Medium,Review
6325,Task 6325,Detailed description for task number 6325,High,Review
6326,Task 6326,Detailed description for task number 6326,Medium,Done
6327,Task 6327,Detailed description for task number 6327,Medium,In Progress
6328,Task 6328,Detailed description for task number 6328,Critical,Open
6329,,Missing title error,Unknown,Open
6330,Task 6330,Detailed description for task number 6330,Low,Review
6331,Task 6331,Detailed description for task number 6331,High,Review
6332,Task 6332,Detailed description for task number 6332,Low,Review
6333,Task 6333,Detailed description for task number 6333,Critical,Open
6334,Task 6334,Detailed description for task number 6334,Critical,Done
6335,Task 6335,Detailed description for task number 6335,Medium,Open
6336,Task 6336,Detailed description for task number 6336,High,Review
6337,Task 6337,Detailed description for task number 6337,Critical,Open
6338,Task 6338,Detailed description for task number 6338,Low,In Progress
6339,Task 6339,Detailed description for task number 6339,High,In Progress
6340,Task 6340,Detailed description for task number 6340,Medium,Review
6341,Task 6341,Detailed description for task number 6341,Medium,In Progress
6342,Task 6342,Detailed description for task number 6342,High,Open
6343,Task 6343,Detailed description for task number 6343,High,In Progress
6344,Task 6344,Detailed description for task number 6344,Low,Open
6345,Task 6345,Detailed description for task number 6345,Critical,Review
6346,Task 6346,Detailed description for task number 6346,Low,Open
6347,Task 6347,Detailed description for task number 6347,Low,Review
6348,Task 6348,Detailed description for task number 6348,Critical,Review
6349,Task 6349,Detailed description for task number 6349,Critical,In Progress
6350,Task 6350,Detailed description for task number 6350,Low,Open
6351,Task 6351,Detailed description for task number 6351,High,In Progress
6352,Task 6352,Detailed description for task number 6352,High,Open
6353,Task 6353,Detailed description for task number 6353,Critical,Open
6354,Task 6354,Detailed description for task number 6354,High,Review
6355,Task 6355,Detailed description for task number 6355,Medium,In Progress
6356,Task 6356,Detailed description for task number 6356,High,In Progress
6357,Task 6357,Detailed description for task number 6357,High,Done
6358,Task 6358,Detailed description for task number 6358,Low,In Progress
6359,Task 6359,Detailed description for task number 6359,Medium,Open
6360,Task 6360,Detailed description for task number 6360,Critical,Done
6361,Task 6361,Detailed description for task number 6361,Medium,Done
6362,Task 6362,Detailed description for task number 6362,High,Open
6363,Task 6363,Detailed description for task number 6363,Medium,Review
6364,Task 6364,Detailed description for task number 6364,Critical,In Progress
6365,Task 6365,Detailed description for task number 6365,Critical,Done
6366,Task 6366,Detailed description for task number 6366,Low,Open
6367,Task 6367,Detailed description for task number 6367,Critical,Done
6368,Task 6368,Detailed description for task number 6368,High,Review
6369,Task 6369,Detailed description for task number 6369,High,Review
6370,Task 6370,Detailed description for task number 6370,Critical,Review
6371,Task 6371,Detailed description for task number 6371,Medium,Done
6372,Task 6372,Detailed description for task number 6372,Critical,Done
6373,Task 6373,Detailed description for task number 6373,Low,In Progress
6374,Task 6374,Detailed description for task number 6374,Medium,Review
6375,Task 6375,Detailed description for task number 6375,Low,Open
6376,Task 6376,Detailed description for task number 6376,Medium,Open
6377,Task 6377,Detailed description for task number 6377,High,In Progress
6378,Task 6378,Detailed description for task number 6378,Critical,Done
6379,Task 6379,Detailed description for task number 6379,Critical,In Progress
6380,Task 6380,Detailed description for task number 6380,Low,Open
6381,Task 6381,Detailed description for task number 6381,High,Review
6382,Task 6382,Detailed description for task number 6382,Medium,Review
6383,Task 6383,Detailed description for task number 6383,Critical,Open
6384,Task 6384,Detailed description for task number 6384,High,In Progress
6385,Task 6385,Detailed description for task number 6385,Medium,Open
6386,Task 6386,Detailed description for task number 6386,Medium,Open
6387,Task 6387,Detailed description for task number 6387,Critical,Done
6388,Task 6388,Detailed description for task number 6388,Medium,Review
6389,Task 6389,Detailed description for task number 6389,Medium,Done
6390,Task 6390,Detailed description for task number 6390,High,Open
6391,Task 6391,Detailed description for task number 6391,High,Review
6392,Task 6392,Detailed description for task number 6392,Critical,In Progress
6393,Task 6393,Detailed description for task number 6393,High,In Progress
6394,Task 6394,Detailed description for task number 6394,Critical,Review
6395,Task 6395,Detailed description for task number 6395,Medium,Done
6396,Task 6396,Detailed description for task number 6396,Medium,Review
6397,Task 6397,Detailed description for task number 6397,High,Open
6398,Task 6398,Detailed description for task number 6398,Critical,Done
6399,Task 6399,Detailed description for task number 6399,Low,Done
6400,Task 6400,Detailed description for task number 6400,Low,Open
6401,Task 6401,Detailed description for task number 6401,Medium,Done
6402,Task 6402,Detailed description for task number 6402,Critical,Done
6403,Task 6403,Detailed description for task number 6403,Medium,Open
6404,Task 6404,Detailed description for task number 6404,Medium,In Progress
6405,Task 6405,Detailed description for task number 6405,Low,Open
6406,Task 6406,Detailed description for task number 6406,Medium,Review
6407,Task 6407,Detailed description for task number 6407,Critical,Open
6408,Task 6408,Detailed description for task number 6408,Low,Open
6409,Task 6409,Detailed description for task number 6409,Medium,Done
6410,Task 6410,Detailed description for task number 6410,Low,In Progress
6411,Task 6411,Detailed description for task number 6411,High,Review
6412,Task 6412,Detailed description for task number 6412,Medium,Review
6413,Task 6413,Detailed description for task number 6413,Critical,In Progress
6414,Task 6414,Detailed description for task number 6414,Low,Review
6415,Task 6415,Detailed description for task number 6415,High,Review
6416,Task 6416,Detailed description for task number 6416,High,Review
6417,Task 6417,Detailed description for task number 6417,Critical,Review
6418,Task 6418,Detailed description for task number 6418,High,Done
6419,Task 6419,Detailed description for task number 6419,Medium,In Progress
6420,Task 6420,Detailed description for task number 6420,High,Open
6421,Task 6421,Detailed description for task number 6421,Critical,In Progress
6422,Task 6422,Detailed description for task number 6422,Critical,Review
6423,Task 6423,Detailed description for task number 6423,Low,Open
6424,Task 6424,Detailed description for task number 6424,Low,Open
6425,Task 6425,Detailed description for task number 6425,Critical,Review
6426,Task 6426,Detailed description for task number 6426,Low,In Progress
6427,Task 6427,Detailed description for task number 6427,Critical,Open
6428,Task 6428,Detailed description for task number 6428,High,In Progress
6429,Task 6429,Detailed description for task number 6429,Low,Open
6430,Task 6430,Detailed description for task number 6430,Low,Open
6431,Task 6431,Detailed description for task number 6431,Critical,In Progress
6432,Task 6432,Detailed description for task number 6432,High,Open
6433,Task 6433,Detailed description for task number 6433,Medium,Review
6434,Task 6434,Detailed description for task number 6434,High,Open
6435,,Missing title error,Unknown,Open
6436,Task 6436,Detailed description for task number 6436,Medium,In Progress
6437,Task 6437,Detailed description for task number 6437,Medium,Review
6438,Task 6438,Detailed description for task number 6438,Medium,Done
6439,Task 6439,Detailed description for task number 6439,Critical,Review
6440,Task 6440,Detailed description for task number 6440,Critical,Review
6441,Task 6441,Detailed description for task number 6441,Low,Open
6442,Task 6442,Detailed description for task number 6442,Critical,In Progress
6443,Task 6443,Detailed description for task number 6443,Critical,Review
6444,Task 6444,Detailed description for task number 6444,Critical,Open
6445,Task 6445,Detailed description for task number 6445,Low,Done
6446,Task 6446,Detailed description for task number 6446,Low,Open
6447,Task 6447,Detailed description for task number 6447,Medium,In Progress
6448,Task 6448,Detailed description for task number 6448,High,Review
6449,Task 6449,Detailed description for task number 6449,High,Review
6450,Task 6450,Detailed description for task number 6450,High,Done
6451,Task 6451,Detailed description for task number 6451,Low,Review
6452,Task 6452,Detailed description for task number 6452,Critical,Review
6453,Task 6453,Detailed description for task number 6453,Critical,Open
6454,Task 6454,Detailed description for task number 6454,Medium,Review
6455,Task 6455,Detailed description for task number 6455,Low,Done
6456,Task 6456,Detailed description for task number 6456,Critical,In Progress
6457,Task 6457,Detailed description for task number 6457,Low,In Progress
6458,Task 6458,Detailed description for task number 6458,Medium,Done
6459,Task 6459,Detailed description for task number 6459,Medium,Open
6460,Task 6460,Detailed description for task number 6460,Medium,In Progress
6461,Task 6461,Detailed description for task number 6461,Low,In Progress
6462,Task 6462,Detailed description for task number 6462,Medium,Done
6463,Task 6463,Detailed description for task number 6463,Critical,Open
6464,Task 6464,Detailed description for task number 6464,High,Review
6465,Task 6465,Detailed description for task number 6465,Low,Review
6466,Task 6466,Detailed description for task number 6466,Critical,Open
6467,Task 6467,Detailed description for task number 6467,Low,Open
6468,Task 6468,Detailed description for task number 6468,High,Review
6469,Task 6469,Detailed description for task number 6469,Critical,Done
6470,Task 6470,Detailed description for task number 6470,Medium,Done
6471,Task 6471,Detailed description for task number 6471,Critical,Open
6472,Task 6472,Detailed description for task number 6472,Critical,In Progress
6473,Task 6473,Detailed description for task number 6473,High,Review
6474,Task 6474,Detailed description for task number 6474,Critical,Review
6475,Task 6475,Detailed description for task number 6475,Medium,Open
6476,Task 6476,Detailed description for task number 6476,Critical,Review
6477,Task 6477,Detailed description for task number 6477,Low,Open
6478,Task 6478,Detailed description for task number 6478,Low,Done
6479,Task 6479,Detailed description for task number 6479,High,Review
6480,Task 6480,Detailed description for task number 6480,Critical,Open
6481,Task 6481,Detailed description for task number 6481,Low,In Progress
6482,Task 6482,Detailed description for task number 6482,Medium,Open
6483,Task 6483,Detailed description for task number 6483,High,Done
6484,Task 6484,Detailed description for task number 6484,Critical,In Progress
6485,,Missing title error,Unknown,Open
6486,Task 6486,Detailed description for task number 6486,Critical,Review
6487,Task 6487,Detailed description for task number 6487,Low,Review
6488,Task 6488,Detailed description for task number 6488,Critical,Done
6489,Task 6489,Detailed description for task number 6489,Low,Done
6490,Task 6490,Detailed description for task number 6490,Medium,In Progress
6491,Task 6491,Detailed description for task number 6491,High,Review
6492,Task 6492,Detailed description for task number 6492,Critical,Review
6493,Task 6493,Detailed description for task number 6493,Medium,Review
6494,Task 6494,Detailed description for task number 6494,Medium,Open
6495,Task 6495,Detailed description for task number 6495,Low,In Progress
6496,Task 6496,Detailed description for task number 6496,Low,Done
6497,Task 6497,Detailed description for task number 6497,Critical,Open
6498,Task 6498,Detailed description for task number 6498,Low,Open
6499,Task 6499,Detailed description for task number 6499,Critical,Open
6500,Task 6500,Detailed description for task number 6500,Low,Done
6501,Task 6501,Detailed description for task number 6501,Medium,Done
6502,Task 6502,Detailed description for task number 6502,Low,Open
6503,Task 6503,Detailed description for task number 6503,Critical,Done
6504,Task 6504,Detailed description for task number 6504,High,In Progress
6505,Task 6505,Detailed description for task number 6505,High,In Progress
6506,Task 6506,Detailed description for task number 6506,High,Done
6507,Task 6507,Detailed description for task number 6507,Low,In Progress
6508,Task 6508,Detailed description for task number 6508,Medium,Done
6509,Task 6509,Detailed description for task number 6509,High,Review
6510,Task 6510,Detailed description for task number 6510,Medium,Open
6511,Task 6511,Detailed description for task number 6511,High,Open
6512,Task 6512,Detailed description for task number 6512,Critical,Open
6513,Task 6513,Detailed description for task number 6513,Medium,Done
6514,Task 6514,Detailed description for task number 6514,Critical,In Progress
6515,Task 6515,Detailed description for task number 6515,Critical,Open
6516,Task 6516,Detailed description for task number 6516,Low,In Progress
6517,Task 6517,Detailed description for task number 6517,Low,In Progress
6518,Task 6518,Detailed description for task number 6518,High,Open
6519,Task 6519,Detailed description for task number 6519,Low,Open
6520,Task 6520,Detailed description for task number 6520,Low,In Progress
6521,Task 6521,Detailed description for task number 6521,Low,In Progress
6522,Task 6522,Detailed description for task number 6522,High,Done
6523,Task 6523,Detailed description for task number 6523,Low,In Progress
6524,Task 6524,Detailed description for task number 6524,High,In Progress
6525,Task 6525,Detailed description for task number 6525,Medium,Done
6526,Task 6526,Detailed description for task number 6526,Critical,In Progress
6527,Task 6527,Detailed description for task number 6527,Critical,In Progress
6528,Task 6528,Detailed description for task number 6528,Critical,In Progress
6529,Task 6529,Detailed description for task number 6529,High,Open
6530,Task 6530,Detailed description for task number 6530,High,Done
6531,Task 6531,Detailed description for task number 6531,Low,Open
6532,Task 6532,Detailed description for task number 6532,High,Open
6533,Task 6533,Detailed description for task number 6533,High,Review
6534,Task 6534,Detailed description for task number 6534,Critical,Done
6535,Task 6535,Detailed description for task number 6535,Medium,Open
6536,Task 6536,Detailed description for task number 6536,Medium,Open
6537,Task 6537,Detailed description for task number 6537,Critical,Open
6538,Task 6538,Detailed description for task number 6538,Critical,Done
6539,Task 6539,Detailed description for task number 6539,Critical,In Progress
6540,Task 6540,Detailed description for task number 6540,Medium,Done
6541,Task 6541,Detailed description for task number 6541,High,Review
6542,Task 6542,Detailed description for task number 6542,High,Review
6543,Task 6543,Detailed description for task number 6543,Low,Done
6544,Task 6544,Detailed description for task number 6544,High,Review
6545,Task 6545,Detailed description for task number 6545,Low,Done
6546,Task 6546,Detailed description for task number 6546,Medium,Open
6547,Task 6547,Detailed description for task number 6547,Low,Open
6548,Task 6548,Detailed description for task number 6548,High,Open
6549,Task 6549,Detailed description for task number 6549,High,In Progress
6550,Task 6550,Detailed description for task number 6550,High,Done
6551,Task 6551,Detailed description for task number 6551,Critical,Review
6552,Task 6552,Detailed description for task number 6552,High,Open
6553,Task 6553,Detailed description for task number 6553,Medium,Done
6554,Task 6554,Detailed description for task number 6554,Medium,Open
6555,Task 6555,Detailed description for task number 6555,Low,Review
6556,Task 6556,Detailed description for task number 6556,Low,Open
6557,Task 6557,Detailed description for task number 6557,Low,Open
6558,Task 6558,Detailed description for task number 6558,Low,Open
6559,Task 6559,Detailed description for task number 6559,Low,Review
6560,Task 6560,Detailed description for task number 6560,Low,Done
6561,Task 6561,Detailed description for task number 6561,Critical,Review
6562,Task 6562,Detailed description for task number 6562,Medium,Open
6563,Task 6563,Detailed description for task number 6563,High,In Progress
6564,Task 6564,Detailed description for task number 6564,High,Review
6565,Task 6565,Detailed description for task number 6565,High,Review
6566,Task 6566,Detailed description for task number 6566,Critical,Review
6567,Task 6567,Detailed description for task number 6567,High,Done
6568,Task 6568,Detailed description for task number 6568,High,Done
6569,Task 6569,Detailed description for task number 6569,High,Done
6570,Task 6570,Detailed description for task number 6570,Critical,Open
6571,Task 6571,Detailed description for task number 6571,High,Open
6572,Task 6572,Detailed description for task number 6572,Low,In Progress
6573,Task 6573,Detailed description for task number 6573,Medium,Done
6574,Task 6574,Detailed description for task number 6574,Low,Review
6575,Task 6575,Detailed description for task number 6575,Medium,In Progress
6576,Task 6576,Detailed description for task number 6576,High,Review
6577,Task 6577,Detailed description for task number 6577,Low,Review
6578,Task 6578,Detailed description for task number 6578,Low,Done
6579,Task 6579,Detailed description for task number 6579,Medium,Open
6580,Task 6580,Detailed description for task number 6580,High,Review
6581,Task 6581,Detailed description for task number 6581,Medium,Open
6582,Task 6582,Detailed description for task number 6582,Low,Review
6583,Task 6583,Detailed description for task number 6583,High,Open
6584,Task 6584,Detailed description for task number 6584,Critical,Review
6585,Task 6585,Detailed description for task number 6585,High,Open
6586,Task 6586,Detailed description for task number 6586,Medium,Done
6587,Task 6587,Detailed description for task number 6587,High,Done
6588,Task 6588,Detailed description for task number 6588,Low,In Progress
6589,Task 6589,Detailed description for task number 6589,Critical,Review
6590,Task 6590,Detailed description for task number 6590,Medium,Open
6591,Task 6591,Detailed description for task number 6591,Medium,In Progress
6592,Task 6592,Detailed description for task number 6592,Critical,Done
6593,Task 6593,Detailed description for task number 6593,Medium,In Progress
6594,Task 6594,Detailed description for task number 6594,Critical,Open
6595,Task 6595,Detailed description for task number 6595,Medium,Review
6596,Task 6596,Detailed description for task number 6596,High,In Progress
6597,Task 6597,Detailed description for task number 6597,Critical,Open
6598,Task 6598,Detailed description for task number 6598,Critical,Open
6599,Task 6599,Detailed description for task number 6599,Medium,Review
6600,Task 6600,Detailed description for task number 6600,Low,Review
6601,Task 6601,Detailed description for task number 6601,High,Open
6602,Task 6602,Detailed description for task number 6602,High,Review
6603,Task 6603,Detailed description for task number 6603,High,Done
6604,Task 6604,Detailed description for task number 6604,Critical,Open
6605,Task 6605,Detailed description for task number 6605,Critical,In Progress
6606,Task 6606,Detailed description for task number 6606,Medium,Review
6607,Task 6607,Detailed description for task number 6607,Low,Open
6608,Task 6608,Detailed description for task number 6608,High,Open
6609,Task 6609,Detailed description for task number 6609,High,In Progress
6610,Task 6610,Detailed description for task number 6610,Medium,Review
6611,Task 6611,Detailed description for task number 6611,Critical,Open
6612,Task 6612,Detailed description for task number 6612,Low,Done
6613,Task 6613,Detailed description for task number 6613,High,Open
6614,Task 6614,Detailed description for task number 6614,High,Review
6615,Task 6615,Detailed description for task number 6615,Medium,Open
6616,Task 6616,Detailed description for task number 6616,Critical,Open
6617,Task 6617,Detailed description for task number 6617,Critical,Open
6618,Task 6618,Detailed description for task number 6618,Medium,Done
6619,Task 6619,Detailed description for task number 6619,High,Review
6620,Task 6620,Detailed description for task number 6620,Critical,In Progress
6621,Task 6621,Detailed description for task number 6621,Medium,Done
6622,Task 6622,Detailed description for task number 6622,Low,Review
6623,Task 6623,Detailed description for task number 6623,Critical,Done
6624,Task 6624,Detailed description for task number 6624,Low,Done
6625,Task 6625,Detailed description for task number 6625,Low,Done
6626,Task 6626,Detailed description for task number 6626,High,Review
6627,Task 6627,Detailed description for task number 6627,High,Done
6628,Task 6628,Detailed description for task number 6628,Low,Done
6629,Task 6629,Detailed description for task number 6629,Critical,In Progress
6630,Task 6630,Detailed description for task number 6630,Medium,Review
6631,Task 6631,Detailed description for task number 6631,Medium,Done
6632,Task 6632,Detailed description for task number 6632,Medium,Review
6633,Task 6633,Detailed description for task number 6633,Medium,In Progress
6634,Task 6634,Detailed description for task number 6634,Medium,Open
6635,Task 6635,Detailed description for task number 6635,Low,In Progress
6636,Task 6636,Detailed description for task number 6636,Critical,In Progress
6637,Task 6637,Detailed description for task number 6637,Low,In Progress
6638,Task 6638,Detailed description for task number 6638,Medium,In Progress
6639,Task 6639,Detailed description for task number 6639,High,Review
6640,Task 6640,Detailed description for task number 6640,Low,Done
6641,Task 6641,Detailed description for task number 6641,Low,Review
6642,Task 6642,Detailed description for task number 6642,Critical,Review
6643,Task 6643,Detailed description for task number 6643,High,Done
6644,Task 6644,Detailed description for task number 6644,High,Open
6645,Task 6645,Detailed description for task number 6645,Low,Open
6646,Task 6646,Detailed description for task number 6646,Critical,Review
6647,Task 6647,Detailed description for task number 6647,Low,In Progress
6648,Task 6648,Detailed description for task number 6648,Medium,Open
6649,Task 6649,Detailed description for task number 6649,Critical,Open
6650,Task 6650,Detailed description for task number 6650,High,Done
6651,Task 6651,Detailed description for task number 6651,High,Open
6652,Task 6652,Detailed description for task number 6652,Critical,Done
6653,Task 6653,Detailed description for task number 6653,Low,Review
6654,Task 6654,Detailed description for task number 6654,Low,Open
6655,Task 6655,Detailed description for task number 6655,Low,Open
6656,Task 6656,Detailed description for task number 6656,Critical,Done
6657,Task 6657,Detailed description for task number 6657,Low,In Progress
6658,Task 6658,Detailed description for task number 6658,Critical,Review
6659,Task 6659,Detailed description for task number 6659,Low,Open
6660,Task 6660,Detailed description for task number 6660,Critical,In Progress
6661,Task 6661,Detailed description for task number 6661,High,In Progress
6662,Task 6662,Detailed description for task number 6662,Critical,Open
6663,Task 6663,Detailed description for task number 6663,Low,In Progress
6664,Task 6664,Detailed description for task number 6664,Critical,Done
6665,Task 6665,Detailed description for task number 6665,Critical,Done
6666,Task 6666,Detailed description for task number 6666,Low,Open
6667,Task 6667,Detailed description for task number 6667,Low,Done
6668,Task 6668,Detailed description for task number 6668,High,Done
6669,Task 6669,Detailed description for task number 6669,Medium,Open
6670,Task 6670,Detailed description for task number 6670,Critical,Open
6671,Task 6671,Detailed description for task number 6671,High,Open
6672,Task 6672,Detailed description for task number 6672,Low,Review
6673,Task 6673,Detailed description for task number 6673,High,Done
6674,Task 6674,Detailed description for task number 6674,Low,Open
6675,Task 6675,Detailed description for task number 6675,Medium,Open
6676,Task 6676,Detailed description for task number 6676,Medium,In Progress
6677,Task 6677,Detailed description for task number 6677,High,Open
6678,Task 6678,Detailed description for task number 6678,Low,In Progress
6679,Task 6679,Detailed description for task number 6679,Critical,In Progress
6680,Task 6680,Detailed description for task number 6680,Low,In Progress
6681,Task 6681,Detailed description for task number 6681,Critical,In Progress
6682,Task 6682,Detailed description for task number 6682,High,Review
6683,Task 6683,Detailed description for task number 6683,Low,Done
6684,Task 6684,Detailed description for task number 6684,High,In Progress
6685,Task 6685,Detailed description for task number 6685,Medium,Open
6686,Task 6686,Detailed description for task number 6686,Low,Open
6687,Task 6687,Detailed description for task number 6687,Low,Review
6688,Task 6688,Detailed description for task number 6688,Critical,Review
6689,Task 6689,Detailed description for task number 6689,Low,Done
6690,Task 6690,Detailed description for task number 6690,Critical,Open
6691,Task 6691,Detailed description for task number 6691,Medium,Review
6692,Task 6692,Detailed description for task number 6692,Low,Review
6693,Task 6693,Detailed description for task number 6693,Critical,Done
6694,Task 6694,Detailed description for task number 6694,High,In Progress
6695,,Missing title error,Unknown,Open
6696,Task 6696,Detailed description for task number 6696,Medium,Open
6697,Task 6697,Detailed description for task number 6697,Critical,Review
6698,Task 6698,Detailed description for task number 6698,High,Open
6699,Task 6699,Detailed description for task number 6699,Low,In Progress
6700,Task 6700,Detailed description for task number 6700,High,In Progress
6701,Task 6701,Detailed description for task number 6701,Low,Review
6702,Task 6702,Detailed description for task number 6702,Low,In Progress
6703,Task 6703,Detailed description for task number 6703,Medium,Review
6704,Task 6704,Detailed description for task number 6704,Medium,Open
6705,Task 6705,Detailed description for task number 6705,Low,Done
6706,Task 6706,Detailed description for task number 6706,Low,Review
6707,Task 6707,Detailed description for task number 6707,Critical,Done
6708,Task 6708,Detailed description for task number 6708,High,Done
6709,Task 6709,Detailed description for task number 6709,Medium,Done
6710,Task 6710,Detailed description for task number 6710,Low,Open
6711,Task 6711,Detailed description for task number 6711,Medium,Review
6712,Task 6712,Detailed description for task number 6712,High,In Progress
6713,Task 6713,Detailed description for task number 6713,High,Review
6714,Task 6714,Detailed description for task number 6714,High,Done
6715,Task 6715,Detailed description for task number 6715,High,Review
6716,Task 6716,Detailed description for task number 6716,Low,In Progress
6717,Task 6717,Detailed description for task number 6717,High,Review
6718,Task 6718,Detailed description for task number 6718,Critical,In Progress
6719,Task 6719,Detailed description for task number 6719,High,Review
6720,Task 6720,Detailed description for task number 6720,Medium,In Progress
6721,Task 6721,Detailed description for task number 6721,Critical,Review
6722,Task 6722,Detailed description for task number 6722,Critical,Open
6723,,Missing title error,Unknown,Open
6724,Task 6724,Detailed description for task number 6724,Critical,Review
6725,Task 6725,Detailed description for task number 6725,Medium,In Progress
6726,Task 6726,Detailed description for task number 6726,Medium,In Progress
6727,Task 6727,Detailed description for task number 6727,Medium,Done
6728,Task 6728,Detailed description for task number 6728,Critical,In Progress
6729,Task 6729,Detailed description for task number 6729,Low,Open
6730,Task 6730,Detailed description for task number 6730,Critical,In Progress
6731,Task 6731,Detailed description for task number 6731,Medium,Review
6732,Task 6732,Detailed description for task number 6732,High,Done
6733,Task 6733,Detailed description for task number 6733,Low,Done
6734,Task 6734,Detailed description for task number 6734,Low,In Progress
6735,Task 6735,Detailed description for task number 6735,Medium,Done
6736,Task 6736,Detailed description for task number 6736,Low,Review
6737,Task 6737,Detailed description for task number 6737,Low,Open
6738,Task 6738,Detailed description for task number 6738,Critical,Review
6739,Task 6739,Detailed description for task number 6739,High,In Progress
6740,Task 6740,Detailed description for task number 6740,Low,Done
6741,Task 6741,Detailed description for task number 6741,Medium,Done
6742,Task 6742,Detailed description for task number 6742,Low,Open
6743,Task 6743,Detailed description for task number 6743,Low,Review
6744,Task 6744,Detailed description for task number 6744,Medium,Open
6745,Task 6745,Detailed description for task number 6745,Medium,In Progress
6746,Task 6746,Detailed description for task number 6746,Medium,Review
6747,Task 6747,Detailed description for task number 6747,Medium,Open
6748,Task 6748,Detailed description for task number 6748,Low,Review
6749,Task 6749,Detailed description for task number 6749,Critical,In Progress
6750,Task 6750,Detailed description for task number 6750,Medium,In Progress
6751,Task 6751,Detailed description for task number 6751,Medium,Open
6752,Task 6752,Detailed description for task number 6752,High,Done
6753,Task 6753,Detailed description for task number 6753,High,Open
6754,Task 6754,Detailed description for task number 6754,Critical,Open
6755,Task 6755,Detailed description for task number 6755,Low,In Progress
6756,Task 6756,Detailed description for task number 6756,Medium,Open
6757,Task 6757,Detailed description for task number 6757,High,Review
6758,Task 6758,Detailed description for task number 6758,Critical,Review
6759,Task 6759,Detailed description for task number 6759,Low,Review
6760,Task 6760,Detailed description for task number 6760,Critical,Review
6761,Task 6761,Detailed description for task number 6761,Critical,In Progress
6762,Task 6762,Detailed description for task number 6762,Medium,Done
6763,Task 6763,Detailed description for task number 6763,Critical,Review
6764,Task 6764,Detailed description for task number 6764,Low,Open
6765,Task 6765,Detailed description for task number 6765,Medium,Open
6766,Task 6766,Detailed description for task number 6766,Low,Open
6767,Task 6767,Detailed description for task number 6767,Critical,Review
6768,Task 6768,Detailed description for task number 6768,Critical,Open
6769,Task 6769,Detailed description for task number 6769,High,Done
6770,Task 6770,Detailed description for task number 6770,Medium,Done
6771,Task 6771,Detailed description for task number 6771,Low,Open
6772,Task 6772,Detailed description for task number 6772,Medium,Done
6773,Task 6773,Detailed description for task number 6773,Low,Review
6774,Task 6774,Detailed description for task number 6774,High,Done
6775,Task 6775,Detailed description for task number 6775,High,Open
6776,Task 6776,Detailed description for task number 6776,Critical,In Progress
6777,Task 6777,Detailed description for task number 6777,Low,Open
6778,Task 6778,Detailed description for task number 6778,High,Review
6779,Task 6779,Detailed description for task number 6779,Medium,In Progress
6780,Task 6780,Detailed description for task number 6780,Medium,Review
6781,Task 6781,Detailed description for task number 6781,Critical,In Progress
6782,Task 6782,Detailed description for task number 6782,Low,Review
6783,Task 6783,Detailed description for task number 6783,Low,In Progress
6784,Task 6784,Detailed description for task number 6784,Critical,Open
6785,Task 6785,Detailed description for task number 6785,High,Review
6786,Task 6786,Detailed description for task number 6786,Medium,Done
6787,Task 6787,Detailed description for task number 6787,High,Review
6788,Task 6788,Detailed description for task number 6788,Critical,Open
6789,Task 6789,Detailed description for task number 6789,Critical,Review
6790,Task 6790,Detailed description for task number 6790,High,In Progress
6791,Task 6791,Detailed description for task number 6791,Critical,Review
6792,Task 6792,Detailed description for task number 6792,Medium,In Progress
6793,Task 6793,Detailed description for task number 6793,Medium,Review
6794,Task 6794,Detailed description for task number 6794,Medium,Review
6795,Task 6795,Detailed description for task number 6795,Medium,In Progress
6796,Task 6796,Detailed description for task number 6796,Medium,Review
6797,Task 6797,Detailed description for task number 6797,Critical,Review
6798,Task 6798,Detailed description for task number 6798,High,Done
6799,Task 6799,Detailed description for task number 6799,Low,Done
6800,Task 6800,Detailed description for task number 6800,Medium,Open
6801,Task 6801,Detailed description for task number 6801,Critical,In Progress
6802,Task 6802,Detailed description for task number 6802,Medium,Done
6803,Task 6803,Detailed description for task number 6803,High,Review
6804,Task 6804,Detailed description for task number 6804,High,Done
6805,Task 6805,Detailed description for task number 6805,Critical,In Progress
6806,Task 6806,Detailed description for task number 6806,Critical,Open
6807,Task 6807,Detailed description for task number 6807,Low,Done
6808,Task 6808,Detailed description for task number 6808,High,Review
6809,Task 6809,Detailed description for task number 6809,High,In Progress
6810,Task 6810,Detailed description for task number 6810,High,In Progress
6811,Task 6811,Detailed description for task number 6811,High,Done
6812,Task 6812,Detailed description for task number 6812,High,Done
6813,Task 6813,Detailed description for task number 6813,Low,Open
6814,Task 6814,Detailed description for task number 6814,High,Done
6815,Task 6815,Detailed description for task number 6815,High,Open
6816,Task 6816,Detailed description for task number 6816,Critical,Done
6817,Task 6817,Detailed description for task number 6817,High,Done
6818,Task 6818,Detailed description for task number 6818,Medium,Done
6819,Task 6819,Detailed description for task number 6819,High,Open
6820,Task 6820,Detailed description for task number 6820,Critical,Review
6821,Task 6821,Detailed description for task number 6821,High,In Progress
6822,Task 6822,Detailed description for task number 6822,High,Review
6823,Task 6823,Detailed description for task number 6823,Critical,Review
6824,Task 6824,Detailed description for task number 6824,Medium,In Progress
6825,Task 6825,Detailed description for task number 6825,Low,Done
6826,Task 6826,Detailed description for task number 6826,Critical,Review
6827,Task 6827,Detailed description for task number 6827,Critical,In Progress
6828,Task 6828,Detailed description for task number 6828,Critical,Open
6829,Task 6829,Detailed description for task number 6829,Critical,In Progress
6830,Task 6830,Detailed description for task number 6830,High,In Progress
6831,Task 6831,Detailed description for task number 6831,Medium,Done
6832,Task 6832,Detailed description for task number 6832,Medium,In Progress
6833,Task 6833,Detailed description for task number 6833,Medium,In Progress
6834,Task 6834,Detailed description for task number 6834,High,Open
6835,Task 6835,Detailed description for task number 6835,Low,Done
6836,Task 6836,Detailed description for task number 6836,High,Open
6837,Task 6837,Detailed description for task number 6837,Medium,Review
6838,Task 6838,Detailed description for task number 6838,Low,Open
6839,Task 6839,Detailed description for task number 6839,Low,In Progress
6840,Task 6840,Detailed description for task number 6840,Low,Review
6841,Task 6841,Detailed description for task number 6841,High,Open
6842,Task 6842,Detailed description for task number 6842,Medium,Done
6843,Task 6843,Detailed description for task number 6843,Critical,Done
6844,Task 6844,Detailed description for task number 6844,Low,Review
6845,Task 6845,Detailed description for task number 6845,Low,In Progress
6846,Task 6846,Detailed description for task number 6846,Critical,Done
6847,Task 6847,Detailed description for task number 6847,Critical,Open
6848,Task 6848,Detailed description for task number 6848,High,In Progress
6849,Task 6849,Detailed description for task number 6849,High,Review
6850,Task 6850,Detailed description for task number 6850,High,In Progress
6851,Task 6851,Detailed description for task number 6851,High,In Progress
6852,Task 6852,Detailed description for task number 6852,Critical,Done
6853,Task 6853,Detailed description for task number 6853,High,Done
6854,Task 6854,Detailed description for task number 6854,Low,Review
6855,Task 6855,Detailed description for task number 6855,High,Review
6856,Task 6856,Detailed description for task number 6856,High,In Progress
6857,Task 6857,Detailed description for task number 6857,Critical,Open
6858,Task 6858,Detailed description for task number 6858,Critical,In Progress
6859,Task 6859,Detailed description for task number 6859,Medium,Review
6860,Task 6860,Detailed description for task number 6860,High,Review
6861,Task 6861,Detailed description for task number 6861,Low,Review
6862,Task 6862,Detailed description for task number 6862,Low,Open
6863,Task 6863,Detailed description for task number 6863,Critical,In Progress
6864,Task 6864,Detailed description for task number 6864,Critical,Done
6865,Task 6865,Detailed description for task number 6865,Low,In Progress
6866,Task 6866,Detailed description for task number 6866,High,Open
6867,Task 6867,Detailed description for task number 6867,Low,Review
6868,Task 6868,Detailed description for task number 6868,Critical,Done
6869,Task 6869,Detailed description for task number 6869,High,Open
6870,Task 6870,Detailed description for task number 6870,Low,In Progress
6871,Task 6871,Detailed description for task number 6871,Low,In Progress
6872,Task 6872,Detailed description for task number 6872,High,Done
6873,Task 6873,Detailed description for task number 6873,Critical,In Progress
6874,Task 6874,Detailed description for task number 6874,Critical,In Progress
6875,Task 6875,Detailed description for task number 6875,High,Review
6876,Task 6876,Detailed description for task number 6876,Critical,In Progress
6877,Task 6877,Detailed description for task number 6877,Low,In Progress
6878,Task 6878,Detailed description for task number 6878,High,Review
6879,Task 6879,Detailed description for task number 6879,Medium,In Progress
6880,Task 6880,Detailed description for task number 6880,Medium,In Progress
6881,Task 6881,Detailed description for task number 6881,Low,Done
6882,Task 6882,Detailed description for task number 6882,High,Done
6883,Task 6883,Detailed description for task number 6883,Low,Done
6884,Task 6884,Detailed description for task number 6884,Low,Review
6885,Task 6885,Detailed description for task number 6885,Low,Open
6886,Task 6886,Detailed description for task number 6886,Critical,Open
6887,Task 6887,Detailed description for task number 6887,Medium,Review
6888,Task 6888,Detailed description for task number 6888,Low,Open
6889,Task 6889,Detailed description for task number 6889,High,Review
6890,Task 6890,Detailed description for task number 6890,Medium,Review
6891,Task 6891,Detailed description for task number 6891,Critical,Done
6892,Task 6892,Detailed description for task number 6892,Low,In Progress
6893,Task 6893,Detailed description for task number 6893,Low,Review
6894,Task 6894,Detailed description for task number 6894,Low,Open
6895,Task 6895,Detailed description for task number 6895,Low,Review
6896,Task 6896,Detailed description for task number 6896,High,Review
6897,Task 6897,Detailed description for task number 6897,Critical,In Progress
6898,Task 6898,Detailed description for task number 6898,High,Done
6899,Task 6899,Detailed description for task number 6899,Medium,Done
6900,,Missing title error,Unknown,Open
6901,Task 6901,Detailed description for task number 6901,Critical,Open
6902,Task 6902,Detailed description for task number 6902,High,Open
6903,Task 6903,Detailed description for task number 6903,Low,Review
6904,Task 6904,Detailed description for task number 6904,Low,In Progress
6905,Task 6905,Detailed description for task number 6905,Medium,Review
6906,Task 6906,Detailed description for task number 6906,Critical,Review
6907,Task 6907,Detailed description for task number 6907,Critical,Open
6908,Task 6908,Detailed description for task number 6908,Critical,In Progress
6909,Task 6909,Detailed description for task number 6909,Low,Open
6910,Task 6910,Detailed description for task number 6910,High,In Progress
6911,Task 6911,Detailed description for task number 6911,Medium,Review
6912,Task 6912,Detailed description for task number 6912,High,Review
6913,Task 6913,Detailed description for task number 6913,High,Open
6914,,Missing title error,Unknown,Open
6915,Task 6915,Detailed description for task number 6915,High,Review
6916,Task 6916,Detailed description for task number 6916,Low,Open
6917,Task 6917,Detailed description for task number 6917,Critical,Done
6918,Task 6918,Detailed description for task number 6918,Low,In Progress
6919,Task 6919,Detailed description for task number 6919,Critical,Review
6920,Task 6920,Detailed description for task number 6920,High,Open
6921,Task 6921,Detailed description for task number 6921,Medium,Open
6922,Task 6922,Detailed description for task number 6922,Low,Review
6923,Task 6923,Detailed description for task number 6923,Low,Done
6924,Task 6924,Detailed description for task number 6924,High,Open
6925,Task 6925,Detailed description for task number 6925,Medium,In Progress
6926,Task 6926,Detailed description for task number 6926,Critical,In Progress
6927,Task 6927,Detailed description for task number 6927,Medium,Open
6928,Task 6928,Detailed description for task number 6928,Critical,In Progress
6929,Task 6929,Detailed description for task number 6929,Critical,Review
6930,Task 6930,Detailed description for task number 6930,Low,In Progress
6931,Task 6931,Detailed description for task number 6931,Critical,Review
6932,Task 6932,Detailed description for task number 6932,Low,Open
6933,Task 6933,Detailed description for task number 6933,Medium,In Progress
6934,Task 6934,Detailed description for task number 6934,High,In Progress
6935,Task 6935,Detailed description for task number 6935,Critical,In Progress
6936,Task 6936,Detailed description for task number 6936,Low,In Progress
6937,Task 6937,Detailed description for task number 6937,Medium,Done
6938,Task 6938,Detailed description for task number 6938,Low,Done
6939,Task 6939,Detailed description for task number 6939,Low,Done
6940,Task 6940,Detailed description for task number 6940,Critical,Review
6941,Task 6941,Detailed description for task number 6941,Critical,Open
6942,Task 6942,Detailed description for task number 6942,High,Done
6943,Task 6943,Detailed description for task number 6943,Critical,Open
6944,Task 6944,Detailed description for task number 6944,Critical,Review
6945,Task 6945,Detailed description for task number 6945,Low,Open
6946,Task 6946,Detailed description for task number 6946,Low,In Progress
6947,Task 6947,Detailed description for task number 6947,Low,In Progress
6948,Task 6948,Detailed description for task number 6948,Critical,In Progress
6949,Task 6949,Detailed description for task number 6949,Critical,Done
6950,Task 6950,Detailed description for task number 6950,Low,Review
6951,Task 6951,Detailed description for task number 6951,Critical,Open
6952,Task 6952,Detailed description for task number 6952,Critical,In Progress
6953,Task 6953,Detailed description for task number 6953,Critical,Review
6954,Task 6954,Detailed description for task number 6954,Medium,Open
6955,Task 6955,Detailed description for task number 6955,Low,Review
6956,Task 6956,Detailed description for task number 6956,High,In Progress
6957,Task 6957,Detailed description for task number 6957,Low,In Progress
6958,Task 6958,Detailed description for task number 6958,High,Done
6959,Task 6959,Detailed description for task number 6959,Medium,Open
6960,Task 6960,Detailed description for task number 6960,Medium,Review
6961,Task 6961,Detailed description for task number 6961,Critical,In Progress
6962,Task 6962,Detailed description for task number 6962,Low,Review
6963,Task 6963,Detailed description for task number 6963,Critical,Review
6964,Task 6964,Detailed description for task number 6964,Critical,Done
6965,Task 6965,Detailed description for task number 6965,Medium,In Progress
6966,Task 6966,Detailed description for task number 6966,Medium,Done
6967,Task 6967,Detailed description for task number 6967,Low,In Progress
6968,Task 6968,Detailed description for task number 6968,High,Done
6969,Task 6969,Detailed description for task number 6969,Medium,Done
6970,Task 6970,Detailed description for task number 6970,High,In Progress
6971,Task 6971,Detailed description for task number 6971,High,Open
6972,Task 6972,Detailed description for task number 6972,Low,Done
6973,Task 6973,Detailed description for task number 6973,Medium,Open
6974,Task 6974,Detailed description for task number 6974,Medium,In Progress
6975,Task 6975,Detailed description for task number 6975,Low,Done
6976,Task 6976,Detailed description for task number 6976,Medium,Done
6977,Task 6977,Detailed description for task number 6977,Low,Review
6978,Task 6978,Detailed description for task number 6978,Low,Done
6979,Task 6979,Detailed description for task number 6979,Critical,Done
6980,Task 6980,Detailed description for task number 6980,Low,Review
6981,Task 6981,Detailed description for task number 6981,High,Review
6982,Task 6982,Detailed description for task number 6982,Low,Open
6983,Task 6983,Detailed description for task number 6983,Critical,Done
6984,Task 6984,Detailed description for task number 6984,High,Done
6985,Task 6985,Detailed description for task number 6985,Critical,Done
6986,Task 6986,Detailed description for task number 6986,Critical,Open
6987,Task 6987,Detailed description for task number 6987,Low,Review
6988,Task 6988,Detailed description for task number 6988,Low,Open
6989,Task 6989,Detailed description for task number 6989,Low,Review
6990,Task 6990,Detailed description for task number 6990,Critical,Review
6991,Task 6991,Detailed description for task number 6991,Low,In Progress
6992,Task 6992,Detailed description for task number 6992,Critical,Review
6993,Task 6993,Detailed description for task number 6993,Critical,Done
6994,Task 6994,Detailed description for task number 6994,Critical,In Progress
6995,Task 6995,Detailed description for task number 6995,Medium,Done
6996,Task 6996,Detailed description for task number 6996,High,Open
6997,Task 6997,Detailed description for task number 6997,Low,Review
6998,Task 6998,Detailed description for task number 6998,High,Review
6999,Task 6999,Detailed description for task number 6999,Medium,Review
7000,Task 7000,Detailed description for task number 7000,High,Review
7001,Task 7001,Detailed description for task number 7001,High,Open
7002,Task 7002,Detailed description for task number 7002,Low,Review
7003,Task 7003,Detailed description for task number 7003,Critical,Open
7004,Task 7004,Detailed description for task number 7004,Critical,Done
7005,Task 7005,Detailed description for task number 7005,Critical,In Progress
7006,Task 7006,Detailed description for task number 7006,Medium,Review
7007,Task 7007,Detailed description for task number 7007,High,Review
7008,Task 7008,Detailed description for task number 7008,Critical,Review
7009,Task 7009,Detailed description for task number 7009,Medium,In Progress
7010,Task 7010,Detailed description for task number 7010,Critical,Done
7011,,Missing title error,Unknown,Open
7012,Task 7012,Detailed description for task number 7012,High,Open
7013,Task 7013,Detailed description for task number 7013,Critical,Review
7014,Task 7014,Detailed description for task number 7014,Critical,Open
7015,Task 7015,Detailed description for task number 7015,Critical,Done
7016,Task 7016,Detailed description for task number 7016,Low,Done
7017,Task 7017,Detailed description for task number 7017,High,Done
7018,Task 7018,Detailed description for task number 7018,Low,Open
7019,Task 7019,Detailed description for task number 7019,High,Done
7020,Task 7020,Detailed description for task number 7020,Medium,Review
7021,Task 7021,Detailed description for task number 7021,High,In Progress
7022,Task 7022,Detailed description for task number 7022,Medium,In Progress
7023,Task 7023,Detailed description for task number 7023,Low,Review
7024,Task 7024,Detailed description for task number 7024,Critical,Done
7025,Task 7025,Detailed description for task number 7025,High,Done
7026,Task 7026,Detailed description for task number 7026,High,Open
7027,Task 7027,Detailed description for task number 7027,Medium,Done
7028,Task 7028,Detailed description for task number 7028,High,Open
7029,Task 7029,Detailed description for task number 7029,Low,Open
7030,Task 7030,Detailed description for task number 7030,Low,Review
7031,Task 7031,Detailed description for task number 7031,Medium,Done
7032,Task 7032,Detailed description for task number 7032,Low,In Progress
7033,Task 7033,Detailed description for task number 7033,Low,Open
7034,Task 7034,Detailed description for task number 7034,Medium,Done
7035,Task 7035,Detailed description for task number 7035,Critical,Open
7036,Task 7036,Detailed description for task number 7036,Low,Review
7037,Task 7037,Detailed description for task number 7037,Low,Done
7038,Task 7038,Detailed description for task number 7038,Critical,Open
7039,Task 7039,Detailed description for task number 7039,Medium,Open
7040,Task 7040,Detailed description for task number 7040,Critical,In Progress
7041,Task 7041,Detailed description for task number 7041,Medium,Done
7042,Task 7042,Detailed description for task number 7042,Low,Review
7043,Task 7043,Detailed description for task number 7043,High,Done
7044,Task 7044,Detailed description for task number 7044,Medium,Open
7045,Task 7045,Detailed description for task number 7045,Critical,Open
7046,Task 7046,Detailed description for task number 7046,Medium,Open
7047,Task 7047,Detailed description for task number 7047,Low,Review
7048,Task 7048,Detailed description for task number 7048,High,In Progress
7049,Task 7049,Detailed description for task number 7049,Critical,In Progress
7050,Task 7050,Detailed description for task number 7050,Low,In Progress
7051,Task 7051,Detailed description for task number 7051,Low,In Progress
7052,Task 7052,Detailed description for task number 7052,High,In Progress
7053,Task 7053,Detailed description for task number 7053,Low,Done
7054,Task 7054,Detailed description for task number 7054,Low,Done
7055,Task 7055,Detailed description for task number 7055,High,Done
7056,Task 7056,Detailed description for task number 7056,Low,In Progress
7057,Task 7057,Detailed description for task number 7057,Medium,Open
7058,Task 7058,Detailed description for task number 7058,Low,In Progress
7059,Task 7059,Detailed description for task number 7059,Critical,Review
7060,Task 7060,Detailed description for task number 7060,Medium,Review
7061,Task 7061,Detailed description for task number 7061,Medium,Open
7062,Task 7062,Detailed description for task number 7062,Medium,Open
7063,Task 7063,Detailed description for task number 7063,Critical,Review
7064,Task 7064,Detailed description for task number 7064,Critical,In Progress
7065,Task 7065,Detailed description for task number 7065,Critical,Done
7066,Task 7066,Detailed description for task number 7066,High,Done
7067,Task 7067,Detailed description for task number 7067,Medium,In Progress
7068,Task 7068,Detailed description for task number 7068,Medium,In Progress
7069,Task 7069,Detailed description for task number 7069,Medium,In Progress
7070,Task 7070,Detailed description for task number 7070,Low,In Progress
7071,Task 7071,Detailed description for task number 7071,Critical,In Progress
7072,Task 7072,Detailed description for task number 7072,Critical,Done
7073,Task 7073,Detailed description for task number 7073,Critical,Open
7074,Task 7074,Detailed description for task number 7074,High,Done
7075,Task 7075,Detailed description for task number 7075,Medium,In Progress
7076,Task 7076,Detailed description for task number 7076,Medium,Done
7077,Task 7077,Detailed description for task number 7077,Medium,Review
7078,Task 7078,Detailed description for task number 7078,Low,Open
7079,Task 7079,Detailed description for task number 7079,Low,Review
7080,Task 7080,Detailed description for task number 7080,High,Open
7081,Task 7081,Detailed description for task number 7081,Critical,Review
7082,Task 7082,Detailed description for task number 7082,Low,Open
7083,Task 7083,Detailed description for task number 7083,Critical,Review
7084,Task 7084,Detailed description for task number 7084,Critical,Review
7085,Task 7085,Detailed description for task number 7085,Low,Done
7086,Task 7086,Detailed description for task number 7086,High,In Progress
7087,Task 7087,Detailed description for task number 7087,High,Open
7088,Task 7088,Detailed description for task number 7088,Medium,Open
7089,Task 7089,Detailed description for task number 7089,Low,Review
7090,Task 7090,Detailed description for task number 7090,Low,Review
7091,Task 7091,Detailed description for task number 7091,High,Review
7092,Task 7092,Detailed description for task number 7092,Low,Open
7093,Task 7093,Detailed description for task number 7093,Critical,Review
7094,Task 7094,Detailed description for task number 7094,High,In Progress
7095,Task 7095,Detailed description for task number 7095,Low,In Progress
7096,Task 7096,Detailed description for task number 7096,High,Open
7097,Task 7097,Detailed description for task number 7097,High,In Progress
7098,Task 7098,Detailed description for task number 7098,Critical,Review
7099,Task 7099,Detailed description for task number 7099,Low,Review
7100,Task 7100,Detailed description for task number 7100,High,Open
7101,Task 7101,Detailed description for task number 7101,High,Done
7102,Task 7102,Detailed description for task number 7102,Low,Done
7103,Task 7103,Detailed description for task number 7103,High,Review
7104,Task 7104,Detailed description for task number 7104,Low,Review
7105,Task 7105,Detailed description for task number 7105,High,In Progress
7106,Task 7106,Detailed description for task number 7106,Critical,Review
7107,Task 7107,Detailed description for task number 7107,Critical,Open
7108,Task 7108,Detailed description for task number 7108,Critical,In Progress
7109,Task 7109,Detailed description for task number 7109,High,In Progress
7110,Task 7110,Detailed description for task number 7110,Medium,In Progress
7111,Task 7111,Detailed description for task number 7111,Medium,In Progress
7112,Task 7112,Detailed description for task number 7112,Low,In Progress
7113,Task 7113,Detailed description for task number 7113,High,Done
7114,Task 7114,Detailed description for task number 7114,Medium,Open
7115,Task 7115,Detailed description for task number 7115,High,Done
7116,Task 7116,Detailed description for task number 7116,Critical,Done
7117,Task 7117,Detailed description for task number 7117,High,Done
7118,Task 7118,Detailed description for task number 7118,Medium,Review
7119,Task 7119,Detailed description for task number 7119,Medium,Review
7120,Task 7120,Detailed description for task number 7120,Critical,In Progress
7121,Task 7121,Detailed description for task number 7121,High,Review
7122,Task 7122,Detailed description for task number 7122,Low,In Progress
7123,Task 7123,Detailed description for task number 7123,High,Open
7124,Task 7124,Detailed description for task number 7124,High,In Progress
7125,Task 7125,Detailed description for task number 7125,High,In Progress
7126,Task 7126,Detailed description for task number 7126,Critical,Review
7127,Task 7127,Detailed description for task number 7127,High,Review
7128,Task 7128,Detailed description for task number 7128,Medium,Done
7129,Task 7129,Detailed description for task number 7129,Low,Done
7130,Task 7130,Detailed description for task number 7130,High,In Progress
7131,Task 7131,Detailed description for task number 7131,Medium,Open
7132,Task 7132,Detailed description for task number 7132,High,Review
7133,Task 7133,Detailed description for task number 7133,Medium,Done
7134,Task 7134,Detailed description for task number 7134,High,Open
7135,Task 7135,Detailed description for task number 7135,High,Review
7136,Task 7136,Detailed description for task number 7136,Critical,In Progress
7137,Task 7137,Detailed description for task number 7137,High,Done
7138,Task 7138,Detailed description for task number 7138,Medium,Open
7139,Task 7139,Detailed description for task number 7139,Medium,Done
7140,Task 7140,Detailed description for task number 7140,High,Review
7141,Task 7141,Detailed description for task number 7141,Low,Review
7142,Task 7142,Detailed description for task number 7142,Medium,Review
7143,Task 7143,Detailed description for task number 7143,Medium,Open
7144,Task 7144,Detailed description for task number 7144,Low,Review
7145,Task 7145,Detailed description for task number 7145,High,Review
7146,Task 7146,Detailed description for task number 7146,High,Review
7147,Task 7147,Detailed description for task number 7147,Low,Review
7148,Task 7148,Detailed description for task number 7148,High,Open
7149,Task 7149,Detailed description for task number 7149,Low,Review
7150,Task 7150,Detailed description for task number 7150,High,Open
7151,Task 7151,Detailed description for task number 7151,Critical,Review
7152,,Missing title error,Unknown,Open
7153,Task 7153,Detailed description for task number 7153,Medium,In Progress
7154,Task 7154,Detailed description for task number 7154,Medium,Open
7155,Task 7155,Detailed description for task number 7155,Low,Review
7156,Task 7156,Detailed description for task number 7156,Medium,Done
7157,Task 7157,Detailed description for task number 7157,Low,Open
7158,Task 7158,Detailed description for task number 7158,Critical,Done
7159,Task 7159,Detailed description for task number 7159,Medium,Open
7160,Task 7160,Detailed description for task number 7160,Low,Review
7161,Task 7161,Detailed description for task number 7161,Medium,Open
7162,Task 7162,Detailed description for task number 7162,Medium,Done
7163,Task 7163,Detailed description for task number 7163,High,Review
7164,Task 7164,Detailed description for task number 7164,Low,Open
7165,Task 7165,Detailed description for task number 7165,Critical,Done
7166,Task 7166,Detailed description for task number 7166,Critical,In Progress
7167,Task 7167,Detailed description for task number 7167,High,Done
7168,Task 7168,Detailed description for task number 7168,Medium,Done
7169,Task 7169,Detailed description for task number 7169,Medium,Open
7170,Task 7170,Detailed description for task number 7170,Critical,In Progress
7171,Task 7171,Detailed description for task number 7171,High,Done
7172,Task 7172,Detailed description for task number 7172,Low,Review
7173,Task 7173,Detailed description for task number 7173,High,Open
7174,Task 7174,Detailed description for task number 7174,Critical,Open
7175,Task 7175,Detailed description for task number 7175,High,Done
7176,Task 7176,Detailed description for task number 7176,Critical,Done
7177,Task 7177,Detailed description for task number 7177,Critical,Open
7178,Task 7178,Detailed description for task number 7178,Medium,Open
7179,Task 7179,Detailed description for task number 7179,High,In Progress
7180,Task 7180,Detailed description for task number 7180,Low,Review
7181,Task 7181,Detailed description for task number 7181,Critical,Review
7182,Task 7182,Detailed description for task number 7182,Low,Review
7183,,Missing title error,Unknown,Open
7184,Task 7184,Detailed description for task number 7184,High,Done
7185,Task 7185,Detailed description for task number 7185,Critical,Open
7186,Task 7186,Detailed description for task number 7186,Critical,In Progress
7187,Task 7187,Detailed description for task number 7187,Critical,In Progress
7188,Task 7188,Detailed description for task number 7188,High,Done
7189,Task 7189,Detailed description for task number 7189,High,In Progress
7190,Task 7190,Detailed description for task number 7190,Low,Open
7191,Task 7191,Detailed description for task number 7191,Medium,Review
7192,Task 7192,Detailed description for task number 7192,High,In Progress
7193,Task 7193,Detailed description for task number 7193,Low,Open
7194,Task 7194,Detailed description for task number 7194,Critical,In Progress
7195,Task 7195,Detailed description for task number 7195,High,Open
7196,Task 7196,Detailed description for task number 7196,Critical,In Progress
7197,Task 7197,Detailed description for task number 7197,High,In Progress
7198,Task 7198,Detailed description for task number 7198,Low,Open
7199,Task 7199,Detailed description for task number 7199,Critical,Done
7200,Task 7200,Detailed description for task number 7200,High,Open
7201,Task 7201,Detailed description for task number 7201,Medium,Review
7202,Task 7202,Detailed description for task number 7202,Low,Done
7203,Task 7203,Detailed description for task number 7203,Low,Done
7204,Task 7204,Detailed description for task number 7204,Medium,Open
7205,Task 7205,Detailed description for task number 7205,Medium,Done
7206,Task 7206,Detailed description for task number 7206,Critical,Open
7207,Task 7207,Detailed description for task number 7207,Low,In Progress
7208,Task 7208,Detailed description for task number 7208,Medium,Review
7209,Task 7209,Detailed description for task number 7209,High,Done
7210,Task 7210,Detailed description for task number 7210,Critical,Review
7211,Task 7211,Detailed description for task number 7211,Low,Open
7212,Task 7212,Detailed description for task number 7212,High,Review
7213,Task 7213,Detailed description for task number 7213,Low,In Progress
7214,Task 7214,Detailed description for task number 7214,High,Review
7215,Task 7215,Detailed description for task number 7215,Critical,Open
7216,Task 7216,Detailed description for task number 7216,Medium,Done
7217,Task 7217,Detailed description for task number 7217,Low,In Progress
7218,Task 7218,Detailed description for task number 7218,High,Review
7219,Task 7219,Detailed description for task number 7219,High,Done
7220,Task 7220,Detailed description for task number 7220,Critical,Open
7221,Task 7221,Detailed description for task number 7221,Low,Open
7222,Task 7222,Detailed description for task number 7222,Critical,Done
7223,Task 7223,Detailed description for task number 7223,Medium,Done
7224,Task 7224,Detailed description for task number 7224,High,Review
7225,Task 7225,Detailed description for task number 7225,Medium,Done
7226,Task 7226,Detailed description for task number 7226,Medium,In Progress
7227,Task 7227,Detailed description for task number 7227,Critical,In Progress
7228,Task 7228,Detailed description for task number 7228,Critical,Review
7229,Task 7229,Detailed description for task number 7229,Critical,Review
7230,Task 7230,Detailed description for task number 7230,Critical,In Progress
7231,Task 7231,Detailed description for task number 7231,Medium,Done
7232,Task 7232,Detailed description for task number 7232,Low,Open
7233,Task 7233,Detailed description for task number 7233,Low,Open
7234,Task 7234,Detailed description for task number 7234,Medium,Review
7235,Task 7235,Detailed description for task number 7235,High,Open
7236,Task 7236,Detailed description for task number 7236,Critical,Review
7237,Task 7237,Detailed description for task number 7237,Medium,Open
7238,Task 7238,Detailed description for task number 7238,Critical,In Progress
7239,Task 7239,Detailed description for task number 7239,Medium,Done
7240,Task 7240,Detailed description for task number 7240,Low,Review
7241,Task 7241,Detailed description for task number 7241,Medium,In Progress
7242,Task 7242,Detailed description for task number 7242,Critical,Review
7243,Task 7243,Detailed description for task number 7243,Medium,Review
7244,Task 7244,Detailed description for task number 7244,Critical,Review
7245,Task 7245,Detailed description for task number 7245,Critical,Done
7246,Task 7246,Detailed description for task number 7246,High,In Progress
7247,Task 7247,Detailed description for task number 7247,Medium,In Progress
7248,Task 7248,Detailed description for task number 7248,Medium,In Progress
7249,Task 7249,Detailed description for task number 7249,High,In Progress
7250,Task 7250,Detailed description for task number 7250,High,In Progress
7251,Task 7251,Detailed description for task number 7251,High,In Progress
7252,Task 7252,Detailed description for task number 7252,Low,Review
7253,Task 7253,Detailed description for task number 7253,Medium,Open
7254,Task 7254,Detailed description for task number 7254,High,Done
7255,Task 7255,Detailed description for task number 7255,Low,In Progress
7256,Task 7256,Detailed description for task number 7256,Low,Done
7257,Task 7257,Detailed description for task number 7257,Low,Open
7258,Task 7258,Detailed description for task number 7258,Critical,Open
7259,Task 7259,Detailed description for task number 7259,Medium,Review
7260,Task 7260,Detailed description for task number 7260,Critical,Done
7261,Task 7261,Detailed description for task number 7261,Low,Done
7262,Task 7262,Detailed description for task number 7262,Critical,In Progress
7263,Task 7263,Detailed description for task number 7263,Low,Open
7264,Task 7264,Detailed description for task number 7264,High,In Progress
7265,Task 7265,Detailed description for task number 7265,Medium,Open
7266,Task 7266,Detailed description for task number 7266,High,In Progress
7267,Task 7267,Detailed description for task number 7267,Medium,In Progress
7268,Task 7268,Detailed description for task number 7268,Critical,Open
7269,Task 7269,Detailed description for task number 7269,Low,Done
7270,Task 7270,Detailed description for task number 7270,Low,Open
7271,Task 7271,Detailed description for task number 7271,Low,In Progress
7272,Task 7272,Detailed description for task number 7272,Critical,In Progress
7273,Task 7273,Detailed description for task number 7273,Critical,In Progress
7274,Task 7274,Detailed description for task number 7274,Medium,Review
7275,Task 7275,Detailed description for task number 7275,Critical,Done
7276,Task 7276,Detailed description for task number 7276,Critical,Done
7277,Task 7277,Detailed description for task number 7277,High,In Progress
7278,Task 7278,Detailed description for task number 7278,Critical,In Progress
7279,Task 7279,Detailed description for task number 7279,Medium,Done
7280,Task 7280,Detailed description for task number 7280,Critical,Review
7281,Task 7281,Detailed description for task number 7281,High,Done
7282,Task 7282,Detailed description for task number 7282,Low,Open
7283,Task 7283,Detailed description for task number 7283,Medium,Review
7284,Task 7284,Detailed description for task number 7284,High,Review
7285,Task 7285,Detailed description for task number 7285,Medium,Done
7286,Task 7286,Detailed description for task number 7286,Medium,Done
7287,Task 7287,Detailed description for task number 7287,Low,Done
7288,,Missing title error,Unknown,Open
7289,Task 7289,Detailed description for task number 7289,Critical,Done
7290,Task 7290,Detailed description for task number 7290,Low,Done
7291,Task 7291,Detailed description for task number 7291,Medium,Open
7292,Task 7292,Detailed description for task number 7292,Critical,Done
7293,Task 7293,Detailed description for task number 7293,Medium,Open
7294,Task 7294,Detailed description for task number 7294,Critical,Open
7295,Task 7295,Detailed description for task number 7295,High,In Progress
7296,Task 7296,Detailed description for task number 7296,Low,Review
7297,Task 7297,Detailed description for task number 7297,Medium,Open
7298,Task 7298,Detailed description for task number 7298,Low,Done
7299,Task 7299,Detailed description for task number 7299,Critical,Done
7300,Task 7300,Detailed description for task number 7300,Low,Done
7301,Task 7301,Detailed description for task number 7301,High,In Progress
7302,Task 7302,Detailed description for task number 7302,Critical,In Progress
7303,Task 7303,Detailed description for task number 7303,Critical,Done
7304,Task 7304,Detailed description for task number 7304,Medium,Done
7305,Task 7305,Detailed description for task number 7305,Critical,Review
7306,Task 7306,Detailed description for task number 7306,High,Open
7307,Task 7307,Detailed description for task number 7307,High,In Progress
7308,Task 7308,Detailed description for task number 7308,Low,Open
7309,Task 7309,Detailed description for task number 7309,Critical,In Progress
7310,Task 7310,Detailed description for task number 7310,Medium,Done
7311,Task 7311,Detailed description for task number 7311,Critical,Done
7312,Task 7312,Detailed description for task number 7312,High,Done
7313,Task 7313,Detailed description for task number 7313,Critical,Review
7314,Task 7314,Detailed description for task number 7314,Medium,Done
7315,Task 7315,Detailed description for task number 7315,Critical,Open
7316,Task 7316,Detailed description for task number 7316,Critical,Done
7317,Task 7317,Detailed description for task number 7317,Low,Open
7318,Task 7318,Detailed description for task number 7318,Low,Done
7319,Task 7319,Detailed description for task number 7319,Medium,In Progress
7320,Task 7320,Detailed description for task number 7320,Low,Done
7321,Task 7321,Detailed description for task number 7321,Critical,Review
7322,Task 7322,Detailed description for task number 7322,Low,In Progress
7323,Task 7323,Detailed description for task number 7323,Low,In Progress
7324,Task 7324,Detailed description for task number 7324,Critical,Open
7325,Task 7325,Detailed description for task number 7325,Medium,Done
7326,Task 7326,Detailed description for task number 7326,Medium,Done
7327,Task 7327,Detailed description for task number 7327,Medium,Done
7328,Task 7328,Detailed description for task number 7328,Critical,Review
7329,Task 7329,Detailed description for task number 7329,Low,In Progress
7330,Task 7330,Detailed description for task number 7330,Medium,Open
7331,Task 7331,Detailed description for task number 7331,Low,Open
7332,Task 7332,Detailed description for task number 7332,Low,Done
7333,Task 7333,Detailed description for task number 7333,Critical,In Progress
7334,Task 7334,Detailed description for task number 7334,High,In Progress
7335,Task 7335,Detailed description for task number 7335,Medium,Review
7336,Task 7336,Detailed description for task number 7336,Low,Done
7337,Task 7337,Detailed description for task number 7337,Low,Done
7338,Task 7338,Detailed description for task number 7338,High,In Progress
7339,Task 7339,Detailed description for task number 7339,Low,Open
7340,Task 7340,Detailed description for task number 7340,Low,Review
7341,Task 7341,Detailed description for task number 7341,Medium,Open
7342,Task 7342,Detailed description for task number 7342,Critical,Open
7343,Task 7343,Detailed description for task number 7343,Medium,In Progress
7344,Task 7344,Detailed description for task number 7344,High,Review
7345,Task 7345,Detailed description for task number 7345,Low,Done
7346,Task 7346,Detailed description for task number 7346,Low,In Progress
7347,Task 7347,Detailed description for task number 7347,High,Review
7348,Task 7348,Detailed description for task number 7348,Critical,In Progress
7349,Task 7349,Detailed description for task number 7349,Medium,Review
7350,Task 7350,Detailed description for task number 7350,Medium,Review
7351,Task 7351,Detailed description for task number 7351,Critical,Done
7352,Task 7352,Detailed description for task number 7352,High,Done
7353,Task 7353,Detailed description for task number 7353,Critical,Open
7354,Task 7354,Detailed description for task number 7354,High,Review
7355,Task 7355,Detailed description for task number 7355,High,Review
7356,Task 7356,Detailed description for task number 7356,Medium,In Progress
7357,Task 7357,Detailed description for task number 7357,High,Done
7358,Task 7358,Detailed description for task number 7358,Critical,Done
7359,Task 7359,Detailed description for task number 7359,Low,Review
7360,Task 7360,Detailed description for task number 7360,High,Done
7361,Task 7361,Detailed description for task number 7361,Medium,Review
7362,Task 7362,Detailed description for task number 7362,Low,Done
7363,Task 7363,Detailed description for task number 7363,Low,Review
7364,Task 7364,Detailed description for task number 7364,High,Done
7365,Task 7365,Detailed description for task number 7365,Low,Done
7366,Task 7366,Detailed description for task number 7366,High,Review
7367,,Missing title error,Unknown,Open
7368,Task 7368,Detailed description for task number 7368,Low,In Progress
7369,Task 7369,Detailed description for task number 7369,Medium,Open
7370,Task 7370,Detailed description for task number 7370,High,Open
7371,Task 7371,Detailed description for task number 7371,High,Open
7372,Task 7372,Detailed description for task number 7372,Critical,Review
7373,Task 7373,Detailed description for task number 7373,Low,In Progress
7374,Task 7374,Detailed description for task number 7374,High,Done
7375,Task 7375,Detailed description for task number 7375,Medium,Review
7376,Task 7376,Detailed description for task number 7376,Low,Open
7377,Task 7377,Detailed description for task number 7377,High,Review
7378,Task 7378,Detailed description for task number 7378,Low,Done
7379,Task 7379,Detailed description for task number 7379,Critical,Done
7380,Task 7380,Detailed description for task number 7380,Low,In Progress
7381,Task 7381,Detailed description for task number 7381,Low,Review
7382,Task 7382,Detailed description for task number 7382,Critical,Review
7383,Task 7383,Detailed description for task number 7383,High,In Progress
7384,Task 7384,Detailed description for task number 7384,High,In Progress
7385,Task 7385,Detailed description for task number 7385,High,Done
7386,Task 7386,Detailed description for task number 7386,High,Done
7387,Task 7387,Detailed description for task number 7387,Critical,In Progress
7388,Task 7388,Detailed description for task number 7388,Medium,Open
7389,Task 7389,Detailed description for task number 7389,High,Review
7390,Task 7390,Detailed description for task number 7390,Low,Open
7391,Task 7391,Detailed description for task number 7391,Low,In Progress
7392,Task 7392,Detailed description for task number 7392,Low,Open
7393,Task 7393,Detailed description for task number 7393,Medium,In Progress
7394,,Missing title error,Unknown,Open
7395,Task 7395,Detailed description for task number 7395,Medium,In Progress
7396,Task 7396,Detailed description for task number 7396,High,Open
7397,Task 7397,Detailed description for task number 7397,High,Open
7398,Task 7398,Detailed description for task number 7398,Critical,In Progress
7399,Task 7399,Detailed description for task number 7399,Medium,Done
7400,Task 7400,Detailed description for task number 7400,Low,Done
7401,Task 7401,Detailed description for task number 7401,High,Done
7402,Task 7402,Detailed description for task number 7402,Critical,Review
7403,Task 7403,Detailed description for task number 7403,Medium,Open
7404,Task 7404,Detailed description for task number 7404,Medium,Open
7405,Task 7405,Detailed description for task number 7405,Medium,Done
7406,Task 7406,Detailed description for task number 7406,High,In Progress
7407,,Missing title error,Unknown,Open
7408,Task 7408,Detailed description for task number 7408,High,Done
7409,Task 7409,Detailed description for task number 7409,Low,In Progress
7410,Task 7410,Detailed description for task number 7410,Medium,Done
7411,Task 7411,Detailed description for task number 7411,Critical,Review
7412,Task 7412,Detailed description for task number 7412,High,Done
7413,Task 7413,Detailed description for task number 7413,Low,In Progress
7414,Task 7414,Detailed description for task number 7414,Low,Open
7415,Task 7415,Detailed description for task number 7415,Low,Open
7416,Task 7416,Detailed description for task number 7416,Medium,Open
7417,Task 7417,Detailed description for task number 7417,Low,Done
7418,Task 7418,Detailed description for task number 7418,High,Done
7419,Task 7419,Detailed description for task number 7419,Low,In Progress
7420,Task 7420,Detailed description for task number 7420,Medium,Open
7421,Task 7421,Detailed description for task number 7421,High,In Progress
7422,Task 7422,Detailed description for task number 7422,Critical,Review
7423,Task 7423,Detailed description for task number 7423,Critical,Open
7424,Task 7424,Detailed description for task number 7424,Critical,In Progress
7425,Task 7425,Detailed description for task number 7425,Critical,Open
7426,Task 7426,Detailed description for task number 7426,Medium,In Progress
7427,Task 7427,Detailed description for task number 7427,Medium,In Progress
7428,Task 7428,Detailed description for task number 7428,High,Review
7429,Task 7429,Detailed description for task number 7429,Low,In Progress
7430,Task 7430,Detailed description for task number 7430,Medium,Review
7431,Task 7431,Detailed description for task number 7431,Medium,Open
7432,Task 7432,Detailed description for task number 7432,High,Open
7433,Task 7433,Detailed description for task number 7433,Medium,Done
7434,Task 7434,Detailed description for task number 7434,Medium,Done
7435,Task 7435,Detailed description for task number 7435,Medium,Review
7436,Task 7436,Detailed description for task number 7436,High,In Progress
7437,Task 7437,Detailed description for task number 7437,Medium,In Progress
7438,Task 7438,Detailed description for task number 7438,Low,Review
7439,Task 7439,Detailed description for task number 7439,Medium,Review
7440,Task 7440,Detailed description for task number 7440,Medium,Done
7441,Task 7441,Detailed description for task number 7441,Medium,Review
7442,Task 7442,Detailed description for task number 7442,Medium,Open
7443,Task 7443,Detailed description for task number 7443,Medium,Done
7444,Task 7444,Detailed description for task number 7444,Low,Done
7445,Task 7445,Detailed description for task number 7445,Critical,Review
7446,Task 7446,Detailed description for task number 7446,Medium,Done
7447,Task 7447,Detailed description for task number 7447,High,Open
7448,Task 7448,Detailed description for task number 7448,High,In Progress
7449,Task 7449,Detailed description for task number 7449,Medium,In Progress
7450,Task 7450,Detailed description for task number 7450,High,Done
7451,Task 7451,Detailed description for task number 7451,Medium,Review
7452,Task 7452,Detailed description for task number 7452,High,Review
7453,Task 7453,Detailed description for task number 7453,Critical,Done
7454,Task 7454,Detailed description for task number 7454,Low,Done
7455,Task 7455,Detailed description for task number 7455,Medium,Review
7456,Task 7456,Detailed description for task number 7456,Critical,Open
7457,Task 7457,Detailed description for task number 7457,Critical,Done
7458,Task 7458,Detailed description for task number 7458,Medium,Done
7459,Task 7459,Detailed description for task number 7459,High,Review
7460,Task 7460,Detailed description for task number 7460,Low,Done
7461,Task 7461,Detailed description for task number 7461,Critical,Done
7462,Task 7462,Detailed description for task number 7462,High,Open
7463,Task 7463,Detailed description for task number 7463,Medium,Review
7464,Task 7464,Detailed description for task number 7464,Critical,Open
7465,Task 7465,Detailed description for task number 7465,Low,Open
7466,Task 7466,Detailed description for task number 7466,Critical,Open
7467,Task 7467,Detailed description for task number 7467,Medium,Review
7468,Task 7468,Detailed description for task number 7468,High,In Progress
7469,Task 7469,Detailed description for task number 7469,High,In Progress
7470,Task 7470,Detailed description for task number 7470,Low,Done
7471,Task 7471,Detailed description for task number 7471,High,Review
7472,Task 7472,Detailed description for task number 7472,Medium,Open
7473,Task 7473,Detailed description for task number 7473,Critical,In Progress
7474,Task 7474,Detailed description for task number 7474,Low,Done
7475,Task 7475,Detailed description for task number 7475,High,Done
7476,Task 7476,Detailed description for task number 7476,Low,Open
7477,Task 7477,Detailed description for task number 7477,Critical,Done
7478,Task 7478,Detailed description for task number 7478,Low,Done
7479,Task 7479,Detailed description for task number 7479,Medium,Open
7480,Task 7480,Detailed description for task number 7480,Low,Done
7481,Task 7481,Detailed description for task number 7481,Low,In Progress
7482,Task 7482,Detailed description for task number 7482,Low,In Progress
7483,Task 7483,Detailed description for task number 7483,Low,In Progress
7484,Task 7484,Detailed description for task number 7484,High,Done
7485,Task 7485,Detailed description for task number 7485,Critical,Open
7486,Task 7486,Detailed description for task number 7486,Critical,Open
7487,Task 7487,Detailed description for task number 7487,High,Review
7488,Task 7488,Detailed description for task number 7488,High,Done
7489,Task 7489,Detailed description for task number 7489,Critical,In Progress
7490,Task 7490,Detailed description for task number 7490,Critical,Open
7491,Task 7491,Detailed description for task number 7491,Critical,Open
7492,Task 7492,Detailed description for task number 7492,Low,Review
7493,Task 7493,Detailed description for task number 7493,High,In Progress
7494,Task 7494,Detailed description for task number 7494,Low,In Progress
7495,Task 7495,Detailed description for task number 7495,High,Review
7496,Task 7496,Detailed description for task number 7496,Critical,Done
7497,Task 7497,Detailed description for task number 7497,Low,In Progress
7498,Task 7498,Detailed description for task number 7498,Critical,Open
7499,Task 7499,Detailed description for task number 7499,High,Review
7500,Task 7500,Detailed description for task number 7500,Low,In Progress
7501,Task 7501,Detailed description for task number 7501,Critical,Review
7502,Task 7502,Detailed description for task number 7502,High,Review
7503,Task 7503,Detailed description for task number 7503,Low,Done
7504,Task 7504,Detailed description for task number 7504,High,Open
7505,Task 7505,Detailed description for task number 7505,Critical,Review
7506,Task 7506,Detailed description for task number 7506,Low,Review
7507,Task 7507,Detailed description for task number 7507,Low,In Progress
7508,Task 7508,Detailed description for task number 7508,Critical,Review
7509,Task 7509,Detailed description for task number 7509,Medium,In Progress
7510,Task 7510,Detailed description for task number 7510,Critical,In Progress
7511,Task 7511,Detailed description for task number 7511,Critical,In Progress
7512,Task 7512,Detailed description for task number 7512,Critical,Open
7513,Task 7513,Detailed description for task number 7513,High,Open
7514,Task 7514,Detailed description for task number 7514,Medium,Open
7515,Task 7515,Detailed description for task number 7515,Medium,Review
7516,Task 7516,Detailed description for task number 7516,Critical,In Progress
7517,Task 7517,Detailed description for task number 7517,Critical,Review
7518,Task 7518,Detailed description for task number 7518,Medium,Review
7519,Task 7519,Detailed description for task number 7519,High,In Progress
7520,Task 7520,Detailed description for task number 7520,Critical,In Progress
7521,Task 7521,Detailed description for task number 7521,Critical,Open
7522,Task 7522,Detailed description for task number 7522,Low,Open
7523,Task 7523,Detailed description for task number 7523,Medium,Done
7524,Task 7524,Detailed description for task number 7524,Medium,In Progress
7525,Task 7525,Detailed description for task number 7525,Medium,Done
7526,Task 7526,Detailed description for task number 7526,Critical,Open
7527,Task 7527,Detailed description for task number 7527,High,Review
7528,Task 7528,Detailed description for task number 7528,Critical,Done
7529,Task 7529,Detailed description for task number 7529,Critical,Review
7530,Task 7530,Detailed description for task number 7530,Low,In Progress
7531,Task 7531,Detailed description for task number 7531,Medium,Review
7532,Task 7532,Detailed description for task number 7532,Critical,Open
7533,Task 7533,Detailed description for task number 7533,Low,Open
7534,Task 7534,Detailed description for task number 7534,High,Review
7535,Task 7535,Detailed description for task number 7535,High,Open
7536,Task 7536,Detailed description for task number 7536,High,Review
7537,Task 7537,Detailed description for task number 7537,High,In Progress
7538,Task 7538,Detailed description for task number 7538,High,Done
7539,Task 7539,Detailed description for task number 7539,High,In Progress
7540,Task 7540,Detailed description for task number 7540,High,Done
7541,Task 7541,Detailed description for task number 7541,Critical,Open
7542,Task 7542,Detailed description for task number 7542,Critical,Open
7543,Task 7543,Detailed description for task number 7543,Medium,Review
7544,Task 7544,Detailed description for task number 7544,Critical,In Progress
7545,Task 7545,Detailed description for task number 7545,High,Open
7546,Task 7546,Detailed description for task number 7546,Low,In Progress
7547,Task 7547,Detailed description for task number 7547,Critical,Done
7548,Task 7548,Detailed description for task number 7548,Low,Open
7549,Task 7549,Detailed description for task number 7549,Critical,Review
7550,Task 7550,Detailed description for task number 7550,Critical,Done
7551,Task 7551,Detailed description for task number 7551,Medium,Open
7552,Task 7552,Detailed description for task number 7552,Critical,Open
7553,Task 7553,Detailed description for task number 7553,Critical,In Progress
7554,Task 7554,Detailed description for task number 7554,Low,Review
7555,Task 7555,Detailed description for task number 7555,Critical,Open
7556,Task 7556,Detailed description for task number 7556,Low,Review
7557,Task 7557,Detailed description for task number 7557,High,Done
7558,Task 7558,Detailed description for task number 7558,Medium,Open
7559,Task 7559,Detailed description for task number 7559,Critical,Done
7560,Task 7560,Detailed description for task number 7560,Low,Done
7561,Task 7561,Detailed description for task number 7561,High,In Progress
7562,Task 7562,Detailed description for task number 7562,Low,Done
7563,Task 7563,Detailed description for task number 7563,Low,Review
7564,Task 7564,Detailed description for task number 7564,High,In Progress
7565,Task 7565,Detailed description for task number 7565,High,Review
7566,Task 7566,Detailed description for task number 7566,Critical,Review
7567,Task 7567,Detailed description for task number 7567,Low,Review
7568,Task 7568,Detailed description for task number 7568,Critical,Open
7569,Task 7569,Detailed description for task number 7569,Low,Open
7570,Task 7570,Detailed description for task number 7570,Low,Done
7571,Task 7571,Detailed description for task number 7571,Critical,In Progress
7572,Task 7572,Detailed description for task number 7572,Critical,Open
7573,Task 7573,Detailed description for task number 7573,Critical,In Progress
7574,Task 7574,Detailed description for task number 7574,Critical,Open
7575,Task 7575,Detailed description for task number 7575,Critical,Review
7576,Task 7576,Detailed description for task number 7576,Low,Open
7577,Task 7577,Detailed description for task number 7577,Low,Review
7578,Task 7578,Detailed description for task number 7578,Medium,In Progress
7579,Task 7579,Detailed description for task number 7579,High,In Progress
7580,Task 7580,Detailed description for task number 7580,High,Done
7581,,Missing title error,Unknown,Open
7582,Task 7582,Detailed description for task number 7582,Low,Review
7583,Task 7583,Detailed description for task number 7583,Critical,Open
7584,Task 7584,Detailed description for task number 7584,Critical,Open
7585,Task 7585,Detailed description for task number 7585,High,Open
7586,Task 7586,Detailed description for task number 7586,Critical,In Progress
7587,Task 7587,Detailed description for task number 7587,High,Open
7588,Task 7588,Detailed description for task number 7588,Medium,Open
7589,Task 7589,Detailed description for task number 7589,Critical,Review
7590,Task 7590,Detailed description for task number 7590,Critical,In Progress
7591,Task 7591,Detailed description for task number 7591,High,Review
7592,Task 7592,Detailed description for task number 7592,Low,Done
7593,Task 7593,Detailed description for task number 7593,Low,Done
7594,Task 7594,Detailed description for task number 7594,Medium,Open
7595,Task 7595,Detailed description for task number 7595,Critical,Done
7596,Task 7596,Detailed description for task number 7596,Critical,Open
7597,Task 7597,Detailed description for task number 7597,Low,In Progress
7598,Task 7598,Detailed description for task number 7598,Low,In Progress
7599,Task 7599,Detailed description for task number 7599,High,Done
7600,Task 7600,Detailed description for task number 7600,High,Review
7601,Task 7601,Detailed description for task number 7601,Critical,Done
7602,Task 7602,Detailed description for task number 7602,Medium,Done
7603,Task 7603,Detailed description for task number 7603,High,Open
7604,Task 7604,Detailed description for task number 7604,Medium,Done
7605,Task 7605,Detailed description for task number 7605,High,In Progress
7606,Task 7606,Detailed description for task number 7606,High,Review
7607,Task 7607,Detailed description for task number 7607,Critical,Review
7608,Task 7608,Detailed description for task number 7608,Medium,Done
7609,Task 7609,Detailed description for task number 7609,Medium,Review
7610,Task 7610,Detailed description for task number 7610,Medium,Done
7611,Task 7611,Detailed description for task number 7611,Low,Done
7612,Task 7612,Detailed description for task number 7612,Medium,Open
7613,Task 7613,Detailed description for task number 7613,Medium,Open
7614,Task 7614,Detailed description for task number 7614,Low,Done
7615,Task 7615,Detailed description for task number 7615,High,Done
7616,Task 7616,Detailed description for task number 7616,Low,Review
7617,Task 7617,Detailed description for task number 7617,Medium,Done
7618,Task 7618,Detailed description for task number 7618,High,Review
7619,Task 7619,Detailed description for task number 7619,Medium,Review
7620,Task 7620,Detailed description for task number 7620,High,Open
7621,Task 7621,Detailed description for task number 7621,High,Open
7622,Task 7622,Detailed description for task number 7622,High,Open
7623,Task 7623,Detailed description for task number 7623,Medium,Done
7624,Task 7624,Detailed description for task number 7624,Medium,In Progress
7625,Task 7625,Detailed description for task number 7625,Critical,Done
7626,Task 7626,Detailed description for task number 7626,Medium,Open
7627,Task 7627,Detailed description for task number 7627,Critical,In Progress
7628,Task 7628,Detailed description for task number 7628,Medium,Open
7629,Task 7629,Detailed description for task number 7629,Critical,Done
7630,Task 7630,Detailed description for task number 7630,Low,In Progress
7631,Task 7631,Detailed description for task number 7631,Low,Open
7632,Task 7632,Detailed description for task number 7632,Low,Review
7633,Task 7633,Detailed description for task number 7633,Critical,Review
7634,Task 7634,Detailed description for task number 7634,Critical,In Progress
7635,Task 7635,Detailed description for task number 7635,Critical,In Progress
7636,Task 7636,Detailed description for task number 7636,High,Review
7637,Task 7637,Detailed description for task number 7637,Medium,Done
7638,Task 7638,Detailed description for task number 7638,Medium,Open
7639,Task 7639,Detailed description for task number 7639,High,Done
7640,Task 7640,Detailed description for task number 7640,Medium,In Progress
7641,Task 7641,Detailed description for task number 7641,Medium,Open
7642,Task 7642,Detailed description for task number 7642,Medium,Open
7643,Task 7643,Detailed description for task number 7643,High,Open
7644,Task 7644,Detailed description for task number 7644,Low,In Progress
7645,Task 7645,Detailed description for task number 7645,Medium,Done
7646,Task 7646,Detailed description for task number 7646,High,Done
7647,Task 7647,Detailed description for task number 7647,Critical,Open
7648,Task 7648,Detailed description for task number 7648,Critical,Open
7649,Task 7649,Detailed description for task number 7649,Medium,In Progress
7650,Task 7650,Detailed description for task number 7650,Critical,Open
7651,Task 7651,Detailed description for task number 7651,Medium,Done
7652,Task 7652,Detailed description for task number 7652,Medium,In Progress
7653,Task 7653,Detailed description for task number 7653,Medium,Done
7654,Task 7654,Detailed description for task number 7654,Medium,Done
7655,Task 7655,Detailed description for task number 7655,Critical,Review
7656,Task 7656,Detailed description for task number 7656,Medium,Review
7657,Task 7657,Detailed description for task number 7657,Medium,Open
7658,Task 7658,Detailed description for task number 7658,Critical,In Progress
7659,Task 7659,Detailed description for task number 7659,Medium,Done
7660,Task 7660,Detailed description for task number 7660,High,Done
7661,Task 7661,Detailed description for task number 7661,High,Done
7662,Task 7662,Detailed description for task number 7662,Low,Review
7663,Task 7663,Detailed description for task number 7663,Low,Open
7664,Task 7664,Detailed description for task number 7664,Critical,Review
7665,Task 7665,Detailed description for task number 7665,Medium,Done
7666,Task 7666,Detailed description for task number 7666,High,Open
7667,Task 7667,Detailed description for task number 7667,Medium,Review
7668,Task 7668,Detailed description for task number 7668,Medium,Review
7669,Task 7669,Detailed description for task number 7669,Critical,Open
7670,Task 7670,Detailed description for task number 7670,High,Done
7671,Task 7671,Detailed description for task number 7671,Medium,Review
7672,Task 7672,Detailed description for task number 7672,Low,Done
7673,Task 7673,Detailed description for task number 7673,Low,Done
7674,Task 7674,Detailed description for task number 7674,Critical,In Progress
7675,Task 7675,Detailed description for task number 7675,High,Done
7676,Task 7676,Detailed description for task number 7676,Low,In Progress
7677,Task 7677,Detailed description for task number 7677,Medium,In Progress
7678,Task 7678,Detailed description for task number 7678,High,In Progress
7679,Task 7679,Detailed description for task number 7679,High,Done
7680,Task 7680,Detailed description for task number 7680,High,In Progress
7681,Task 7681,Detailed description for task number 7681,Medium,In Progress
7682,Task 7682,Detailed description for task number 7682,Low,Review
7683,Task 7683,Detailed description for task number 7683,High,In Progress
7684,Task 7684,Detailed description for task number 7684,High,In Progress
7685,Task 7685,Detailed description for task number 7685,Critical,Review
7686,Task 7686,Detailed description for task number 7686,Critical,In Progress
7687,Task 7687,Detailed description for task number 7687,Medium,Review
7688,Task 7688,Detailed description for task number 7688,High,Review
7689,Task 7689,Detailed description for task number 7689,Low,Done
7690,Task 7690,Detailed description for task number 7690,Low,Review
7691,Task 7691,Detailed description for task number 7691,High,In Progress
7692,Task 7692,Detailed description for task number 7692,Low,Done
7693,Task 7693,Detailed description for task number 7693,Critical,Done
7694,Task 7694,Detailed description for task number 7694,Low,Open
7695,Task 7695,Detailed description for task number 7695,Critical,Done
7696,Task 7696,Detailed description for task number 7696,Medium,Done
7697,Task 7697,Detailed description for task number 7697,Medium,In Progress
7698,Task 7698,Detailed description for task number 7698,Medium,Done
7699,Task 7699,Detailed description for task number 7699,High,Open
7700,Task 7700,Detailed description for task number 7700,Medium,Done
7701,Task 7701,Detailed description for task number 7701,Critical,Review
7702,Task 7702,Detailed description for task number 7702,Medium,Open
7703,Task 7703,Detailed description for task number 7703,Medium,Review
7704,Task 7704,Detailed description for task number 7704,Medium,Review
7705,Task 7705,Detailed description for task number 7705,Low,Done
7706,Task 7706,Detailed description for task number 7706,Low,In Progress
7707,Task 7707,Detailed description for task number 7707,High,Done
7708,Task 7708,Detailed description for task number 7708,Critical,In Progress
7709,Task 7709,Detailed description for task number 7709,Critical,Open
7710,Task 7710,Detailed description for task number 7710,High,Done
7711,Task 7711,Detailed description for task number 7711,Medium,Review
7712,Task 7712,Detailed description for task number 7712,Low,Done
7713,Task 7713,Detailed description for task number 7713,Low,In Progress
7714,Task 7714,Detailed description for task number 7714,Low,In Progress
7715,Task 7715,Detailed description for task number 7715,Medium,Done
7716,Task 7716,Detailed description for task number 7716,Low,Open
7717,Task 7717,Detailed description for task number 7717,Critical,Done
7718,Task 7718,Detailed description for task number 7718,High,In Progress
7719,Task 7719,Detailed description for task number 7719,Low,Review
7720,Task 7720,Detailed description for task number 7720,High,In Progress
7721,Task 7721,Detailed description for task number 7721,Medium,In Progress
7722,Task 7722,Detailed description for task number 7722,Critical,In Progress
7723,Task 7723,Detailed description for task number 7723,Critical,Done
7724,Task 7724,Detailed description for task number 7724,Critical,In Progress
7725,Task 7725,Detailed description for task number 7725,Medium,Review
7726,Task 7726,Detailed description for task number 7726,High,Open
7727,Task 7727,Detailed description for task number 7727,Medium,Review
7728,Task 7728,Detailed description for task number 7728,Medium,In Progress
7729,Task 7729,Detailed description for task number 7729,Low,Done
7730,Task 7730,Detailed description for task number 7730,High,Review
7731,Task 7731,Detailed description for task number 7731,Critical,Open
7732,Task 7732,Detailed description for task number 7732,Critical,Review
7733,Task 7733,Detailed description for task number 7733,High,Done
7734,Task 7734,Detailed description for task number 7734,High,In Progress
7735,Task 7735,Detailed description for task number 7735,Medium,Done
7736,Task 7736,Detailed description for task number 7736,Critical,Open
7737,Task 7737,Detailed description for task number 7737,Medium,Done
7738,Task 7738,Detailed description for task number 7738,Critical,In Progress
7739,Task 7739,Detailed description for task number 7739,Critical,Done
7740,Task 7740,Detailed description for task number 7740,Medium,Open
7741,Task 7741,Detailed description for task number 7741,Critical,Done
7742,Task 7742,Detailed description for task number 7742,Critical,Open
7743,Task 7743,Detailed description for task number 7743,Low,Done
7744,Task 7744,Detailed description for task number 7744,Medium,Done
7745,,Missing title error,Unknown,Open
7746,Task 7746,Detailed description for task number 7746,Critical,Open
7747,Task 7747,Detailed description for task number 7747,Low,Open
7748,Task 7748,Detailed description for task number 7748,Medium,Open
7749,Task 7749,Detailed description for task number 7749,High,In Progress
7750,Task 7750,Detailed description for task number 7750,Critical,Open
7751,Task 7751,Detailed description for task number 7751,Critical,Review
7752,Task 7752,Detailed description for task number 7752,High,In Progress
7753,Task 7753,Detailed description for task number 7753,Critical,Open
7754,Task 7754,Detailed description for task number 7754,Medium,Open
7755,Task 7755,Detailed description for task number 7755,Critical,Review
7756,Task 7756,Detailed description for task number 7756,Medium,Done
7757,Task 7757,Detailed description for task number 7757,High,Review
7758,Task 7758,Detailed description for task number 7758,Low,Open
7759,Task 7759,Detailed description for task number 7759,Critical,Done
7760,Task 7760,Detailed description for task number 7760,Critical,Done
7761,Task 7761,Detailed description for task number 7761,Low,In Progress
7762,Task 7762,Detailed description for task number 7762,Critical,Done
7763,Task 7763,Detailed description for task number 7763,High,Review
7764,Task 7764,Detailed description for task number 7764,Critical,Review
7765,Task 7765,Detailed description for task number 7765,Low,Open
7766,Task 7766,Detailed description for task number 7766,Medium,In Progress
7767,Task 7767,Detailed description for task number 7767,Critical,In Progress
7768,Task 7768,Detailed description for task number 7768,Medium,Open
7769,Task 7769,Detailed description for task number 7769,Critical,In Progress
7770,Task 7770,Detailed description for task number 7770,High,Open
7771,Task 7771,Detailed description for task number 7771,Low,Open
7772,Task 7772,Detailed description for task number 7772,High,Open
7773,Task 7773,Detailed description for task number 7773,Low,In Progress
7774,Task 7774,Detailed description for task number 7774,Critical,In Progress
7775,Task 7775,Detailed description for task number 7775,Medium,Open
7776,Task 7776,Detailed description for task number 7776,Critical,Open
7777,Task 7777,Detailed description for task number 7777,Critical,In Progress
7778,Task 7778,Detailed description for task number 7778,Low,Done
7779,Task 7779,Detailed description for task number 7779,High,Open
7780,Task 7780,Detailed description for task number 7780,Critical,Done
7781,Task 7781,Detailed description for task number 7781,Low,In Progress
7782,Task 7782,Detailed description for task number 7782,Low,Done
7783,Task 7783,Detailed description for task number 7783,High,Open
7784,Task 7784,Detailed description for task number 7784,Low,Open
7785,Task 7785,Detailed description for task number 7785,Critical,Open
7786,Task 7786,Detailed description for task number 7786,Critical,Done
7787,Task 7787,Detailed description for task number 7787,High,Open
7788,Task 7788,Detailed description for task number 7788,Low,In Progress
7789,Task 7789,Detailed description for task number 7789,High,In Progress
7790,Task 7790,Detailed description for task number 7790,Critical,Review
7791,Task 7791,Detailed description for task number 7791,Medium,Open
7792,Task 7792,Detailed description for task number 7792,Medium,Open
7793,Task 7793,Detailed description for task number 7793,Critical,Review
7794,Task 7794,Detailed description for task number 7794,Critical,Done
7795,Task 7795,Detailed description for task number 7795,Critical,Review
7796,Task 7796,Detailed description for task number 7796,Medium,In Progress
7797,Task 7797,Detailed description for task number 7797,High,In Progress
7798,Task 7798,Detailed description for task number 7798,Medium,In Progress
7799,Task 7799,Detailed description for task number 7799,Medium,Open
7800,Task 7800,Detailed description for task number 7800,Low,Review
7801,Task 7801,Detailed description for task number 7801,Medium,Done
7802,Task 7802,Detailed description for task number 7802,High,Review
7803,Task 7803,Detailed description for task number 7803,Low,Review
7804,Task 7804,Detailed description for task number 7804,High,Done
7805,Task 7805,Detailed description for task number 7805,Low,Open
7806,Task 7806,Detailed description for task number 7806,High,In Progress
7807,Task 7807,Detailed description for task number 7807,High,In Progress
7808,Task 7808,Detailed description for task number 7808,Medium,Done
7809,,Missing title error,Unknown,Open
7810,Task 7810,Detailed description for task number 7810,Critical,Done
7811,Task 7811,Detailed description for task number 7811,Low,In Progress
7812,Task 7812,Detailed description for task number 7812,Low,Done
7813,Task 7813,Detailed description for task number 7813,Low,Open
7814,Task 7814,Detailed description for task number 7814,High,In Progress
7815,Task 7815,Detailed description for task number 7815,Low,Done
7816,Task 7816,Detailed description for task number 7816,High,Open
7817,Task 7817,Detailed description for task number 7817,Medium,Done
7818,Task 7818,Detailed description for task number 7818,Critical,Open
7819,Task 7819,Detailed description for task number 7819,Critical,Done
7820,Task 7820,Detailed description for task number 7820,Critical,In Progress
7821,Task 7821,Detailed description for task number 7821,Critical,Open
7822,Task 7822,Detailed description for task number 7822,High,In Progress
7823,Task 7823,Detailed description for task number 7823,High,Done
7824,Task 7824,Detailed description for task number 7824,Low,In Progress
7825,Task 7825,Detailed description for task number 7825,Medium,Done
7826,Task 7826,Detailed description for task number 7826,Critical,Review
7827,Task 7827,Detailed description for task number 7827,Medium,Review
7828,Task 7828,Detailed description for task number 7828,Critical,In Progress
7829,Task 7829,Detailed description for task number 7829,Medium,Open
7830,Task 7830,Detailed description for task number 7830,High,Done
7831,Task 7831,Detailed description for task number 7831,Low,Review
7832,Task 7832,Detailed description for task number 7832,Medium,Open
7833,Task 7833,Detailed description for task number 7833,Critical,Open
7834,Task 7834,Detailed description for task number 7834,High,In Progress
7835,Task 7835,Detailed description for task number 7835,Low,Open
7836,Task 7836,Detailed description for task number 7836,Low,Open
7837,Task 7837,Detailed description for task number 7837,Critical,Done
7838,Task 7838,Detailed description for task number 7838,High,Review
7839,Task 7839,Detailed description for task number 7839,Critical,Review
7840,Task 7840,Detailed description for task number 7840,Low,In Progress
7841,Task 7841,Detailed description for task number 7841,Critical,Done
7842,Task 7842,Detailed description for task number 7842,High,Done
7843,Task 7843,Detailed description for task number 7843,Low,In Progress
7844,Task 7844,Detailed description for task number 7844,Critical,Open
7845,Task 7845,Detailed description for task number 7845,Critical,Open
7846,Task 7846,Detailed description for task number 7846,Critical,Review
7847,Task 7847,Detailed description for task number 7847,Medium,Done
7848,Task 7848,Detailed description for task number 7848,High,Done
7849,Task 7849,Detailed description for task number 7849,High,Done
7850,Task 7850,Detailed description for task number 7850,Low,Open
7851,Task 7851,Detailed description for task number 7851,Low,In Progress
7852,Task 7852,Detailed description for task number 7852,High,Review
7853,Task 7853,Detailed description for task number 7853,Low,Review
7854,Task 7854,Detailed description for task number 7854,Low,Open
7855,Task 7855,Detailed description for task number 7855,High,Done
7856,Task 7856,Detailed description for task number 7856,Low,In Progress
7857,Task 7857,Detailed description for task number 7857,Medium,Open
7858,Task 7858,Detailed description for task number 7858,Critical,Done
7859,Task 7859,Detailed description for task number 7859,High,Done
7860,Task 7860,Detailed description for task number 7860,High,In Progress
7861,Task 7861,Detailed description for task number 7861,Critical,Open
7862,Task 7862,Detailed description for task number 7862,Medium,In Progress
7863,Task 7863,Detailed description for task number 7863,Critical,Review
7864,Task 7864,Detailed description for task number 7864,Critical,Review
7865,Task 7865,Detailed description for task number 7865,High,In Progress
7866,Task 7866,Detailed description for task number 7866,Medium,Review
7867,Task 7867,Detailed description for task number 7867,Low,In Progress
7868,Task 7868,Detailed description for task number 7868,Medium,Done
7869,Task 7869,Detailed description for task number 7869,Low,Open
7870,Task 7870,Detailed description for task number 7870,Medium,In Progress
7871,,Missing title error,Unknown,Open
7872,Task 7872,Detailed description for task number 7872,Critical,Review
7873,Task 7873,Detailed description for task number 7873,Low,Done
7874,Task 7874,Detailed description for task number 7874,Medium,Done
7875,Task 7875,Detailed description for task number 7875,High,In Progress
7876,Task 7876,Detailed description for task number 7876,Medium,In Progress
7877,Task 7877,Detailed description for task number 7877,Medium,Open
7878,Task 7878,Detailed description for task number 7878,High,Review
7879,Task 7879,Detailed description for task number 7879,Medium,Open
7880,Task 7880,Detailed description for task number 7880,Medium,In Progress
7881,Task 7881,Detailed description for task number 7881,Low,Review
7882,Task 7882,Detailed description for task number 7882,High,Review
7883,Task 7883,Detailed description for task number 7883,Low,In Progress
7884,Task 7884,Detailed description for task number 7884,Critical,Open
7885,Task 7885,Detailed description for task number 7885,High,Done
7886,Task 7886,Detailed description for task number 7886,Low,Done
7887,Task 7887,Detailed description for task number 7887,Medium,Done
7888,Task 7888,Detailed description for task number 7888,Low,Review
7889,Task 7889,Detailed description for task number 7889,High,In Progress
7890,Task 7890,Detailed description for task number 7890,Critical,Done
7891,Task 7891,Detailed description for task number 7891,Low,In Progress
7892,Task 7892,Detailed description for task number 7892,Medium,Open
7893,Task 7893,Detailed description for task number 7893,Critical,In Progress
7894,Task 7894,Detailed description for task number 7894,Medium,Review
7895,Task 7895,Detailed description for task number 7895,Critical,Review
7896,Task 7896,Detailed description for task number 7896,Low,Done
7897,Task 7897,Detailed description for task number 7897,High,Review
7898,Task 7898,Detailed description for task number 7898,High,Open
7899,Task 7899,Detailed description for task number 7899,High,Open
7900,Task 7900,Detailed description for task number 7900,Critical,Open
7901,Task 7901,Detailed description for task number 7901,High,Review
7902,Task 7902,Detailed description for task number 7902,Critical,In Progress
7903,Task 7903,Detailed description for task number 7903,Medium,In Progress
7904,Task 7904,Detailed description for task number 7904,Medium,Open
7905,Task 7905,Detailed description for task number 7905,Critical,Open
7906,Task 7906,Detailed description for task number 7906,High,In Progress
7907,Task 7907,Detailed description for task number 7907,Low,In Progress
7908,Task 7908,Detailed description for task number 7908,Critical,Open
7909,Task 7909,Detailed description for task number 7909,Medium,Review
7910,Task 7910,Detailed description for task number 7910,Low,In Progress
7911,Task 7911,Detailed description for task number 7911,High,Open
7912,Task 7912,Detailed description for task number 7912,High,Review
7913,Task 7913,Detailed description for task number 7913,Medium,Done
7914,Task 7914,Detailed description for task number 7914,Low,Open
7915,Task 7915,Detailed description for task number 7915,Critical,In Progress
7916,Task 7916,Detailed description for task number 7916,Critical,In Progress
7917,Task 7917,Detailed description for task number 7917,Critical,Review
7918,Task 7918,Detailed description for task number 7918,Critical,Review
7919,Task 7919,Detailed description for task number 7919,High,Review
7920,Task 7920,Detailed description for task number 7920,Medium,Open
7921,Task 7921,Detailed description for task number 7921,Low,Review
7922,Task 7922,Detailed description for task number 7922,Medium,Open
7923,Task 7923,Detailed description for task number 7923,Critical,Open
7924,Task 7924,Detailed description for task number 7924,Low,Done
7925,Task 7925,Detailed description for task number 7925,Critical,Done
7926,Task 7926,Detailed description for task number 7926,Critical,Review
7927,Task 7927,Detailed description for task number 7927,Medium,In Progress
7928,Task 7928,Detailed description for task number 7928,Critical,Open
7929,Task 7929,Detailed description for task number 7929,Medium,Open
7930,Task 7930,Detailed description for task number 7930,Low,Review
7931,Task 7931,Detailed description for task number 7931,High,Open
7932,Task 7932,Detailed description for task number 7932,High,Done
7933,Task 7933,Detailed description for task number 7933,High,Review
7934,Task 7934,Detailed description for task number 7934,Critical,In Progress
7935,Task 7935,Detailed description for task number 7935,High,In Progress
7936,Task 7936,Detailed description for task number 7936,Critical,Done
7937,Task 7937,Detailed description for task number 7937,Low,In Progress
7938,Task 7938,Detailed description for task number 7938,High,Review
7939,Task 7939,Detailed description for task number 7939,Low,Open
7940,Task 7940,Detailed description for task number 7940,Low,Review
7941,Task 7941,Detailed description for task number 7941,High,Review
7942,Task 7942,Detailed description for task number 7942,Critical,In Progress
7943,Task 7943,Detailed description for task number 7943,Low,Done
7944,Task 7944,Detailed description for task number 7944,Low,Open
7945,Task 7945,Detailed description for task number 7945,Medium,In Progress
7946,Task 7946,Detailed description for task number 7946,Low,Review
7947,Task 7947,Detailed description for task number 7947,Medium,Done
7948,Task 7948,Detailed description for task number 7948,Critical,Review
7949,Task 7949,Detailed description for task number 7949,High,Open
7950,Task 7950,Detailed description for task number 7950,Critical,In Progress
7951,Task 7951,Detailed description for task number 7951,High,Done
7952,Task 7952,Detailed description for task number 7952,Critical,Review
7953,Task 7953,Detailed description for task number 7953,Medium,Review
7954,Task 7954,Detailed description for task number 7954,Medium,Done
7955,Task 7955,Detailed description for task number 7955,Low,In Progress
7956,Task 7956,Detailed description for task number 7956,Low,Done
7957,Task 7957,Detailed description for task number 7957,High,Done
7958,Task 7958,Detailed description for task number 7958,Low,In Progress
7959,Task 7959,Detailed description for task number 7959,High,Open
7960,Task 7960,Detailed description for task number 7960,High,Review
7961,Task 7961,Detailed description for task number 7961,Medium,Open
7962,Task 7962,Detailed description for task number 7962,Critical,In Progress
7963,Task 7963,Detailed description for task number 7963,Low,Open
7964,Task 7964,Detailed description for task number 7964,Critical,Review
7965,Task 7965,Detailed description for task number 7965,High,Review
7966,Task 7966,Detailed description for task number 7966,Medium,Done
7967,Task 7967,Detailed description for task number 7967,Low,Done
7968,Task 7968,Detailed description for task number 7968,High,Review
7969,Task 7969,Detailed description for task number 7969,High,In Progress
7970,Task 7970,Detailed description for task number 7970,Critical,Done
7971,Task 7971,Detailed description for task number 7971,Medium,Done
7972,Task 7972,Detailed description for task number 7972,Medium,Review
7973,Task 7973,Detailed description for task number 7973,Medium,Review
7974,Task 7974,Detailed description for task number 7974,High,Review
7975,Task 7975,Detailed description for task number 7975,Medium,Review
7976,Task 7976,Detailed description for task number 7976,Low,Done
7977,Task 7977,Detailed description for task number 7977,High,In Progress
7978,Task 7978,Detailed description for task number 7978,Low,Review
7979,Task 7979,Detailed description for task number 7979,High,Review
7980,Task 7980,Detailed description for task number 7980,Low,Review
7981,Task 7981,Detailed description for task number 7981,Critical,In Progress
7982,Task 7982,Detailed description for task number 7982,Medium,Done
7983,Task 7983,Detailed description for task number 7983,High,Done
7984,Task 7984,Detailed description for task number 7984,High,Review
7985,Task 7985,Detailed description for task number 7985,Medium,Done
7986,Task 7986,Detailed description for task number 7986,Critical,Review
7987,Task 7987,Detailed description for task number 7987,Critical,Review
7988,Task 7988,Detailed description for task number 7988,Low,Open
7989,Task 7989,Detailed description for task number 7989,Critical,Open
7990,Task 7990,Detailed description for task number 7990,Low,Done
7991,Task 7991,Detailed description for task number 7991,Medium,Open
7992,Task 7992,Detailed description for task number 7992,Low,Done
7993,Task 7993,Detailed description for task number 7993,Critical,In Progress
7994,Task 7994,Detailed description for task number 7994,Medium,Open
7995,Task 7995,Detailed description for task number 7995,Critical,Done
7996,Task 7996,Detailed description for task number 7996,High,Done
7997,Task 7997,Detailed description for task number 7997,Low,Done
7998,Task 7998,Detailed description for task number 7998,Critical,Open
7999,Task 7999,Detailed description for task number 7999,Medium,Done
8000,Task 8000,Detailed description for task number 8000,Medium,Review
8001,Task 8001,Detailed description for task number 8001,Low,In Progress
8002,Task 8002,Detailed description for task number 8002,Medium,Done
8003,Task 8003,Detailed description for task number 8003,Critical,Review
8004,Task 8004,Detailed description for task number 8004,Low,Review
8005,Task 8005,Detailed description for task number 8005,Medium,Open
8006,Task 8006,Detailed description for task number 8006,Critical,Open
8007,Task 8007,Detailed description for task number 8007,High,Done
8008,Task 8008,Detailed description for task number 8008,High,In Progress
8009,Task 8009,Detailed description for task number 8009,High,Open
8010,Task 8010,Detailed description for task number 8010,Critical,Done
8011,Task 8011,Detailed description for task number 8011,Low,In Progress
8012,Task 8012,Detailed description for task number 8012,Critical,In Progress
8013,Task 8013,Detailed description for task number 8013,Medium,In Progress
8014,Task 8014,Detailed description for task number 8014,Critical,In Progress
8015,Task 8015,Detailed description for task number 8015,High,Done
8016,Task 8016,Detailed description for task number 8016,High,Review
8017,Task 8017,Detailed description for task number 8017,Low,Open
8018,Task 8018,Detailed description for task number 8018,High,In Progress
8019,Task 8019,Detailed description for task number 8019,Medium,Review
8020,Task 8020,Detailed description for task number 8020,High,Done
8021,Task 8021,Detailed description for task number 8021,Medium,Done
8022,Task 8022,Detailed description for task number 8022,Medium,Open
8023,Task 8023,Detailed description for task number 8023,Low,In Progress
8024,Task 8024,Detailed description for task number 8024,Low,Review
8025,Task 8025,Detailed description for task number 8025,Medium,Open
8026,Task 8026,Detailed description for task number 8026,Low,Done
8027,,Missing title error,Unknown,Open
8028,Task 8028,Detailed description for task number 8028,High,Review
8029,Task 8029,Detailed description for task number 8029,Critical,Review
8030,Task 8030,Detailed description for task number 8030,Critical,In Progress
8031,Task 8031,Detailed description for task number 8031,Medium,In Progress
8032,Task 8032,Detailed description for task number 8032,Medium,Open
8033,Task 8033,Detailed description for task number 8033,High,In Progress
8034,Task 8034,Detailed description for task number 8034,High,In Progress
8035,Task 8035,Detailed description for task number 8035,Low,Review
8036,Task 8036,Detailed description for task number 8036,High,Open
8037,Task 8037,Detailed description for task number 8037,High,In Progress
8038,Task 8038,Detailed description for task number 8038,High,In Progress
8039,Task 8039,Detailed description for task number 8039,Critical,In Progress
8040,Task 8040,Detailed description for task number 8040,High,Open
8041,Task 8041,Detailed description for task number 8041,Medium,Open
8042,Task 8042,Detailed description for task number 8042,Medium,Done
8043,Task 8043,Detailed description for task number 8043,Medium,Done
8044,Task 8044,Detailed description for task number 8044,Critical,In Progress
8045,Task 8045,Detailed description for task number 8045,Medium,Open
8046,Task 8046,Detailed description for task number 8046,Medium,Done
8047,,Missing title error,Unknown,Open
8048,Task 8048,Detailed description for task number 8048,Low,Open
8049,Task 8049,Detailed description for task number 8049,Medium,Done
8050,Task 8050,Detailed description for task number 8050,Low,In Progress
8051,Task 8051,Detailed description for task number 8051,Low,Open
8052,Task 8052,Detailed description for task number 8052,Critical,In Progress
8053,Task 8053,Detailed description for task number 8053,Critical,Done
8054,Task 8054,Detailed description for task number 8054,Critical,Done
8055,Task 8055,Detailed description for task number 8055,Critical,Open
8056,Task 8056,Detailed description for task number 8056,Critical,In Progress
8057,Task 8057,Detailed description for task number 8057,High,Done
8058,Task 8058,Detailed description for task number 8058,Low,Review
8059,Task 8059,Detailed description for task number 8059,Critical,Review
8060,Task 8060,Detailed description for task number 8060,Low,Review
8061,Task 8061,Detailed description for task number 8061,Medium,In Progress
8062,Task 8062,Detailed description for task number 8062,Low,Review
8063,Task 8063,Detailed description for task number 8063,High,Review
8064,Task 8064,Detailed description for task number 8064,Medium,Review
8065,Task 8065,Detailed description for task number 8065,High,In Progress
8066,Task 8066,Detailed description for task number 8066,Low,Done
8067,Task 8067,Detailed description for task number 8067,Medium,Review
8068,Task 8068,Detailed description for task number 8068,Critical,Review
8069,Task 8069,Detailed description for task number 8069,Low,In Progress
8070,Task 8070,Detailed description for task number 8070,Critical,Open
8071,Task 8071,Detailed description for task number 8071,High,Done
8072,Task 8072,Detailed description for task number 8072,Medium,Review
8073,Task 8073,Detailed description for task number 8073,Critical,Done
8074,Task 8074,Detailed description for task number 8074,Medium,In Progress
8075,Task 8075,Detailed description for task number 8075,Medium,Done
8076,Task 8076,Detailed description for task number 8076,Critical,Open
8077,Task 8077,Detailed description for task number 8077,Medium,Done
8078,Task 8078,Detailed description for task number 8078,Critical,Open
8079,Task 8079,Detailed description for task number 8079,Low,Done
8080,Task 8080,Detailed description for task number 8080,Critical,Review
8081,Task 8081,Detailed description for task number 8081,Medium,Done
8082,Task 8082,Detailed description for task number 8082,High,Open
8083,Task 8083,Detailed description for task number 8083,High,Review
8084,Task 8084,Detailed description for task number 8084,Medium,Review
8085,Task 8085,Detailed description for task number 8085,High,Done
8086,Task 8086,Detailed description for task number 8086,Low,Review
8087,Task 8087,Detailed description for task number 8087,Critical,Review
8088,Task 8088,Detailed description for task number 8088,Critical,Done
8089,Task 8089,Detailed description for task number 8089,Low,Review
8090,Task 8090,Detailed description for task number 8090,Medium,Review
8091,Task 8091,Detailed description for task number 8091,Medium,Open
8092,Task 8092,Detailed description for task number 8092,High,Review
8093,Task 8093,Detailed description for task number 8093,Medium,Review
8094,Task 8094,Detailed description for task number 8094,Critical,In Progress
8095,Task 8095,Detailed description for task number 8095,Medium,Open
8096,Task 8096,Detailed description for task number 8096,Low,In Progress
8097,Task 8097,Detailed description for task number 8097,High,Done
8098,Task 8098,Detailed description for task number 8098,Low,Open
8099,Task 8099,Detailed description for task number 8099,Low,Review
8100,Task 8100,Detailed description for task number 8100,Medium,Review
8101,Task 8101,Detailed description for task number 8101,Medium,Done
8102,Task 8102,Detailed description for task number 8102,Critical,Review
8103,Task 8103,Detailed description for task number 8103,Medium,Open
8104,Task 8104,Detailed description for task number 8104,High,Review
8105,Task 8105,Detailed description for task number 8105,Low,In Progress
8106,Task 8106,Detailed description for task number 8106,Critical,Open
8107,Task 8107,Detailed description for task number 8107,Medium,Review
8108,Task 8108,Detailed description for task number 8108,High,Review
8109,Task 8109,Detailed description for task number 8109,Low,In Progress
8110,Task 8110,Detailed description for task number 8110,Low,Review
8111,Task 8111,Detailed description for task number 8111,Medium,In Progress
8112,Task 8112,Detailed description for task number 8112,Medium,Done
8113,Task 8113,Detailed description for task number 8113,Low,In Progress
8114,Task 8114,Detailed description for task number 8114,Low,Done
8115,Task 8115,Detailed description for task number 8115,Medium,Review
8116,Task 8116,Detailed description for task number 8116,Critical,Review
8117,Task 8117,Detailed description for task number 8117,Medium,Review
8118,Task 8118,Detailed description for task number 8118,Low,Done
8119,Task 8119,Detailed description for task number 8119,High,Done
8120,Task 8120,Detailed description for task number 8120,High,Open
8121,Task 8121,Detailed description for task number 8121,Critical,Open
8122,Task 8122,Detailed description for task number 8122,High,In Progress
8123,Task 8123,Detailed description for task number 8123,Low,Open
8124,Task 8124,Detailed description for task number 8124,High,Open
8125,Task 8125,Detailed description for task number 8125,Medium,In Progress
8126,Task 8126,Detailed description for task number 8126,High,In Progress
8127,Task 8127,Detailed description for task number 8127,High,Done
8128,Task 8128,Detailed description for task number 8128,Low,In Progress
8129,Task 8129,Detailed description for task number 8129,Critical,In Progress
8130,Task 8130,Detailed description for task number 8130,Medium,In Progress
8131,Task 8131,Detailed description for task number 8131,Low,In Progress
8132,Task 8132,Detailed description for task number 8132,Critical,Review
8133,Task 8133,Detailed description for task number 8133,Critical,In Progress
8134,Task 8134,Detailed description for task number 8134,Critical,Review
8135,Task 8135,Detailed description for task number 8135,Medium,In Progress
8136,Task 8136,Detailed description for task number 8136,High,In Progress
8137,Task 8137,Detailed description for task number 8137,Low,Review
8138,Task 8138,Detailed description for task number 8138,High,In Progress
8139,Task 8139,Detailed description for task number 8139,Medium,Review
8140,Task 8140,Detailed description for task number 8140,Medium,In Progress
8141,Task 8141,Detailed description for task number 8141,Medium,Done
8142,Task 8142,Detailed description for task number 8142,Critical,Review
8143,Task 8143,Detailed description for task number 8143,Medium,Review
8144,Task 8144,Detailed description for task number 8144,High,Done
8145,Task 8145,Detailed description for task number 8145,Medium,In Progress
8146,Task 8146,Detailed description for task number 8146,Low,Open
8147,Task 8147,Detailed description for task number 8147,Low,In Progress
8148,Task 8148,Detailed description for task number 8148,Low,Done
8149,Task 8149,Detailed description for task number 8149,Critical,Done
8150,Task 8150,Detailed description for task number 8150,Critical,Done
8151,Task 8151,Detailed description for task number 8151,Medium,Open
8152,Task 8152,Detailed description for task number 8152,High,In Progress
8153,Task 8153,Detailed description for task number 8153,High,Review
8154,Task 8154,Detailed description for task number 8154,Low,Done
8155,Task 8155,Detailed description for task number 8155,High,Done
8156,Task 8156,Detailed description for task number 8156,Critical,Open
8157,Task 8157,Detailed description for task number 8157,Critical,In Progress
8158,Task 8158,Detailed description for task number 8158,Critical,Done
8159,Task 8159,Detailed description for task number 8159,High,In Progress
8160,Task 8160,Detailed description for task number 8160,Medium,Open
8161,Task 8161,Detailed description for task number 8161,Critical,Review
8162,Task 8162,Detailed description for task number 8162,Critical,Done
8163,Task 8163,Detailed description for task number 8163,High,In Progress
8164,Task 8164,Detailed description for task number 8164,Medium,In Progress
8165,Task 8165,Detailed description for task number 8165,High,Open
8166,Task 8166,Detailed description for task number 8166,Critical,In Progress
8167,Task 8167,Detailed description for task number 8167,High,Done
8168,Task 8168,Detailed description for task number 8168,Medium,Done
8169,Task 8169,Detailed description for task number 8169,Medium,Open
8170,Task 8170,Detailed description for task number 8170,Low,Open
8171,Task 8171,Detailed description for task number 8171,Medium,Review
8172,Task 8172,Detailed description for task number 8172,High,Review
8173,Task 8173,Detailed description for task number 8173,High,Open
8174,Task 8174,Detailed description for task number 8174,Critical,Review
8175,Task 8175,Detailed description for task number 8175,High,Open
8176,Task 8176,Detailed description for task number 8176,Medium,Review
8177,Task 8177,Detailed description for task number 8177,Critical,Done
8178,Task 8178,Detailed description for task number 8178,Medium,In Progress
8179,Task 8179,Detailed description for task number 8179,Low,Done
8180,Task 8180,Detailed description for task number 8180,Medium,In Progress
8181,Task 8181,Detailed description for task number 8181,Low,In Progress
8182,Task 8182,Detailed description for task number 8182,Critical,Review
8183,Task 8183,Detailed description for task number 8183,Medium,Review
8184,Task 8184,Detailed description for task number 8184,Critical,Open
8185,Task 8185,Detailed description for task number 8185,Critical,In Progress
8186,Task 8186,Detailed description for task number 8186,Medium,In Progress
8187,Task 8187,Detailed description for task number 8187,Medium,Done
8188,Task 8188,Detailed description for task number 8188,Critical,In Progress
8189,Task 8189,Detailed description for task number 8189,High,Review
8190,Task 8190,Detailed description for task number 8190,Low,Open
8191,Task 8191,Detailed description for task number 8191,Low,Open
8192,Task 8192,Detailed description for task number 8192,Low,Open
8193,Task 8193,Detailed description for task number 8193,High,Review
8194,Task 8194,Detailed description for task number 8194,Critical,Open
8195,Task 8195,Detailed description for task number 8195,Critical,Review
8196,Task 8196,Detailed description for task number 8196,Medium,Open
8197,Task 8197,Detailed description for task number 8197,Low,Review
8198,Task 8198,Detailed description for task number 8198,Low,Done
8199,Task 8199,Detailed description for task number 8199,Critical,Done
8200,Task 8200,Detailed description for task number 8200,High,In Progress
8201,Task 8201,Detailed description for task number 8201,Medium,In Progress
8202,Task 8202,Detailed description for task number 8202,High,In Progress
8203,Task 8203,Detailed description for task number 8203,Low,Open
8204,Task 8204,Detailed description for task number 8204,Medium,Done
8205,Task 8205,Detailed description for task number 8205,Critical,Open
8206,Task 8206,Detailed description for task number 8206,Medium,In Progress
8207,Task 8207,Detailed description for task number 8207,High,In Progress
8208,Task 8208,Detailed description for task number 8208,Medium,Open
8209,Task 8209,Detailed description for task number 8209,Low,In Progress
8210,Task 8210,Detailed description for task number 8210,High,In Progress
8211,Task 8211,Detailed description for task number 8211,High,Open
8212,Task 8212,Detailed description for task number 8212,Critical,Open
8213,Task 8213,Detailed description for task number 8213,Medium,In Progress
8214,Task 8214,Detailed description for task number 8214,Medium,Done
8215,Task 8215,Detailed description for task number 8215,Critical,Done
8216,Task 8216,Detailed description for task number 8216,Critical,In Progress
8217,Task 8217,Detailed description for task number 8217,Low,Open
8218,Task 8218,Detailed description for task number 8218,High,Review
8219,Task 8219,Detailed description for task number 8219,Critical,Done
8220,Task 8220,Detailed description for task number 8220,Medium,In Progress
8221,Task 8221,Detailed description for task number 8221,High,Review
8222,Task 8222,Detailed description for task number 8222,Critical,Open
8223,Task 8223,Detailed description for task number 8223,Critical,In Progress
8224,Task 8224,Detailed description for task number 8224,Low,Open
8225,Task 8225,Detailed description for task number 8225,Medium,Done
8226,Task 8226,Detailed description for task number 8226,Low,Open
8227,Task 8227,Detailed description for task number 8227,High,Open
8228,,Missing title error,Unknown,Open
8229,Task 8229,Detailed description for task number 8229,Medium,Done
8230,Task 8230,Detailed description for task number 8230,High,In Progress
8231,Task 8231,Detailed description for task number 8231,Low,Open
8232,Task 8232,Detailed description for task number 8232,Medium,Done
8233,Task 8233,Detailed description for task number 8233,Medium,Open
8234,Task 8234,Detailed description for task number 8234,Low,Review
8235,Task 8235,Detailed description for task number 8235,Critical,Review
8236,Task 8236,Detailed description for task number 8236,Critical,Done
8237,Task 8237,Detailed description for task number 8237,High,Review
8238,Task 8238,Detailed description for task number 8238,Low,Done
8239,Task 8239,Detailed description for task number 8239,Low,Open
8240,Task 8240,Detailed description for task number 8240,Critical,Done
8241,Task 8241,Detailed description for task number 8241,Low,Review
8242,Task 8242,Detailed description for task number 8242,High,Done
8243,Task 8243,Detailed description for task number 8243,Low,In Progress
8244,Task 8244,Detailed description for task number 8244,Critical,Open
8245,Task 8245,Detailed description for task number 8245,High,Done
8246,Task 8246,Detailed description for task number 8246,Medium,Review
8247,Task 8247,Detailed description for task number 8247,High,Open
8248,Task 8248,Detailed description for task number 8248,High,Open
8249,Task 8249,Detailed description for task number 8249,Critical,In Progress
8250,Task 8250,Detailed description for task number 8250,High,Done
8251,Task 8251,Detailed description for task number 8251,Critical,Done
8252,Task 8252,Detailed description for task number 8252,Medium,Review
8253,Task 8253,Detailed description for task number 8253,Medium,In Progress
8254,Task 8254,Detailed description for task number 8254,Medium,In Progress
8255,Task 8255,Detailed description for task number 8255,Medium,In Progress
8256,Task 8256,Detailed description for task number 8256,Low,Open
8257,Task 8257,Detailed description for task number 8257,Critical,Done
8258,Task 8258,Detailed description for task number 8258,Low,In Progress
8259,Task 8259,Detailed description for task number 8259,Medium,Review
8260,Task 8260,Detailed description for task number 8260,Medium,Open
8261,Task 8261,Detailed description for task number 8261,Critical,Open
8262,Task 8262,Detailed description for task number 8262,Medium,In Progress
8263,Task 8263,Detailed description for task number 8263,Critical,Open
8264,Task 8264,Detailed description for task number 8264,High,Open
8265,Task 8265,Detailed description for task number 8265,Critical,Open
8266,Task 8266,Detailed description for task number 8266,Critical,Done
8267,Task 8267,Detailed description for task number 8267,Critical,In Progress
8268,Task 8268,Detailed description for task number 8268,High,In Progress
8269,Task 8269,Detailed description for task number 8269,Medium,Done
8270,,Missing title error,Unknown,Open
8271,Task 8271,Detailed description for task number 8271,Medium,In Progress
8272,Task 8272,Detailed description for task number 8272,Critical,Review
8273,Task 8273,Detailed description for task number 8273,Low,Done
8274,Task 8274,Detailed description for task number 8274,High,In Progress
8275,Task 8275,Detailed description for task number 8275,High,Done
8276,Task 8276,Detailed description for task number 8276,Low,Review
8277,Task 8277,Detailed description for task number 8277,Critical,Open
8278,Task 8278,Detailed description for task number 8278,Low,Open
8279,Task 8279,Detailed description for task number 8279,High,Review
8280,Task 8280,Detailed description for task number 8280,Critical,Review
8281,Task 8281,Detailed description for task number 8281,Low,Done
8282,Task 8282,Detailed description for task number 8282,Critical,In Progress
8283,Task 8283,Detailed description for task number 8283,High,Done
8284,Task 8284,Detailed description for task number 8284,High,In Progress
8285,Task 8285,Detailed description for task number 8285,High,Open
8286,Task 8286,Detailed description for task number 8286,High,Done
8287,Task 8287,Detailed description for task number 8287,Low,In Progress
8288,Task 8288,Detailed description for task number 8288,High,Open
8289,Task 8289,Detailed description for task number 8289,Critical,Review
8290,Task 8290,Detailed description for task number 8290,High,In Progress
8291,Task 8291,Detailed description for task number 8291,Low,Open
8292,,Missing title error,Unknown,Open
8293,Task 8293,Detailed description for task number 8293,Low,In Progress
8294,Task 8294,Detailed description for task number 8294,Low,In Progress
8295,Task 8295,Detailed description for task number 8295,Medium,Open
8296,Task 8296,Detailed description for task number 8296,High,In Progress
8297,Task 8297,Detailed description for task number 8297,Medium,Open
8298,Task 8298,Detailed description for task number 8298,Medium,Review
8299,Task 8299,Detailed description for task number 8299,Medium,Review
8300,Task 8300,Detailed description for task number 8300,Medium,Done
8301,Task 8301,Detailed description for task number 8301,High,Open
8302,Task 8302,Detailed description for task number 8302,Medium,Done
8303,Task 8303,Detailed description for task number 8303,High,Done
8304,Task 8304,Detailed description for task number 8304,Low,Review
8305,Task 8305,Detailed description for task number 8305,Low,Done
8306,Task 8306,Detailed description for task number 8306,Low,Done
8307,Task 8307,Detailed description for task number 8307,Low,Open
8308,Task 8308,Detailed description for task number 8308,Critical,In Progress
8309,Task 8309,Detailed description for task number 8309,Medium,Done
8310,Task 8310,Detailed description for task number 8310,Medium,In Progress
8311,Task 8311,Detailed description for task number 8311,Low,In Progress
8312,Task 8312,Detailed description for task number 8312,Critical,In Progress
8313,Task 8313,Detailed description for task number 8313,High,Done
8314,Task 8314,Detailed description for task number 8314,Low,Review
8315,Task 8315,Detailed description for task number 8315,High,Done
8316,Task 8316,Detailed description for task number 8316,Medium,Done
8317,Task 8317,Detailed description for task number 8317,High,In Progress
8318,Task 8318,Detailed description for task number 8318,Medium,Review
8319,Task 8319,Detailed description for task number 8319,High,Done
8320,Task 8320,Detailed description for task number 8320,High,Review
8321,Task 8321,Detailed description for task number 8321,Critical,Done
8322,Task 8322,Detailed description for task number 8322,High,Open
8323,Task 8323,Detailed description for task number 8323,Critical,Review
8324,Task 8324,Detailed description for task number 8324,High,Review
8325,Task 8325,Detailed description for task number 8325,Critical,Open
8326,Task 8326,Detailed description for task number 8326,Medium,Done
8327,Task 8327,Detailed description for task number 8327,Critical,Open
8328,Task 8328,Detailed description for task number 8328,Critical,Done
8329,Task 8329,Detailed description for task number 8329,Critical,Open
8330,Task 8330,Detailed description for task number 8330,Low,Open
8331,Task 8331,Detailed description for task number 8331,Critical,Review
8332,Task 8332,Detailed description for task number 8332,Low,Open
8333,Task 8333,Detailed description for task number 8333,Low,Open
8334,Task 8334,Detailed description for task number 8334,Low,Done
8335,Task 8335,Detailed description for task number 8335,Medium,Review
8336,Task 8336,Detailed description for task number 8336,High,Done
8337,Task 8337,Detailed description for task number 8337,High,Open
8338,Task 8338,Detailed description for task number 8338,Medium,Done
8339,Task 8339,Detailed description for task number 8339,Medium,In Progress
8340,Task 8340,Detailed description for task number 8340,Low,Done
8341,Task 8341,Detailed description for task number 8341,Critical,Done
8342,Task 8342,Detailed description for task number 8342,Medium,In Progress
8343,Task 8343,Detailed description for task number 8343,Medium,Open
8344,Task 8344,Detailed description for task number 8344,High,Open
8345,Task 8345,Detailed description for task number 8345,Critical,In Progress
8346,Task 8346,Detailed description for task number 8346,High,Open
8347,Task 8347,Detailed description for task number 8347,High,Open
8348,Task 8348,Detailed description for task number 8348,High,Done
8349,Task 8349,Detailed description for task number 8349,Low,Done
8350,Task 8350,Detailed description for task number 8350,Critical,In Progress
8351,Task 8351,Detailed description for task number 8351,High,Review
8352,Task 8352,Detailed description for task number 8352,High,Open
8353,Task 8353,Detailed description for task number 8353,Medium,In Progress
8354,Task 8354,Detailed description for task number 8354,Critical,Open
8355,Task 8355,Detailed description for task number 8355,Medium,Done
8356,Task 8356,Detailed description for task number 8356,Low,In Progress
8357,Task 8357,Detailed description for task number 8357,Medium,Done
8358,Task 8358,Detailed description for task number 8358,Critical,In Progress
8359,Task 8359,Detailed description for task number 8359,Critical,In Progress
8360,Task 8360,Detailed description for task number 8360,High,Review
8361,Task 8361,Detailed description for task number 8361,Low,Done
8362,Task 8362,Detailed description for task number 8362,High,Open
8363,Task 8363,Detailed description for task number 8363,Low,Done
8364,Task 8364,Detailed description for task number 8364,High,Done
8365,Task 8365,Detailed description for task number 8365,Critical,In Progress
8366,Task 8366,Detailed description for task number 8366,High,In Progress
8367,Task 8367,Detailed description for task number 8367,Low,In Progress
8368,Task 8368,Detailed description for task number 8368,Critical,In Progress
8369,Task 8369,Detailed description for task number 8369,Low,In Progress
8370,Task 8370,Detailed description for task number 8370,High,Review
8371,Task 8371,Detailed description for task number 8371,Low,Review
8372,Task 8372,Detailed description for task number 8372,Critical,Done
8373,Task 8373,Detailed description for task number 8373,Medium,Done
8374,Task 8374,Detailed description for task number 8374,High,In Progress
8375,Task 8375,Detailed description for task number 8375,Critical,Done
8376,Task 8376,Detailed description for task number 8376,High,Open
8377,Task 8377,Detailed description for task number 8377,High,Open
8378,Task 8378,Detailed description for task number 8378,Medium,In Progress
8379,Task 8379,Detailed description for task number 8379,High,Open
8380,Task 8380,Detailed description for task number 8380,Critical,Done
8381,Task 8381,Detailed description for task number 8381,High,In Progress
8382,Task 8382,Detailed description for task number 8382,Low,In Progress
8383,Task 8383,Detailed description for task number 8383,Critical,Review
8384,Task 8384,Detailed description for task number 8384,Critical,In Progress
8385,Task 8385,Detailed description for task number 8385,Critical,In Progress
8386,Task 8386,Detailed description for task number 8386,High,Review
8387,Task 8387,Detailed description for task number 8387,Low,In Progress
8388,Task 8388,Detailed description for task number 8388,Medium,In Progress
8389,Task 8389,Detailed description for task number 8389,Low,In Progress
8390,Task 8390,Detailed description for task number 8390,Low,Done
8391,Task 8391,Detailed description for task number 8391,High,Open
8392,Task 8392,Detailed description for task number 8392,Medium,Done
8393,Task 8393,Detailed description for task number 8393,High,Open
8394,Task 8394,Detailed description for task number 8394,Critical,In Progress
8395,Task 8395,Detailed description for task number 8395,Low,In Progress
8396,Task 8396,Detailed description for task number 8396,High,Done
8397,Task 8397,Detailed description for task number 8397,High,Review
8398,Task 8398,Detailed description for task number 8398,High,In Progress
8399,Task 8399,Detailed description for task number 8399,Medium,Open
8400,Task 8400,Detailed description for task number 8400,High,Review
8401,Task 8401,Detailed description for task number 8401,Low,Open
8402,Task 8402,Detailed description for task number 8402,Critical,Done
8403,Task 8403,Detailed description for task number 8403,Critical,Done
8404,Task 8404,Detailed description for task number 8404,Medium,Done
8405,Task 8405,Detailed description for task number 8405,Medium,Review
8406,Task 8406,Detailed description for task number 8406,Low,Open
8407,Task 8407,Detailed description for task number 8407,Low,Open
8408,Task 8408,Detailed description for task number 8408,Medium,Done
8409,Task 8409,Detailed description for task number 8409,Medium,In Progress
8410,Task 8410,Detailed description for task number 8410,High,Review
8411,Task 8411,Detailed description for task number 8411,High,Review
8412,Task 8412,Detailed description for task number 8412,Low,In Progress
8413,Task 8413,Detailed description for task number 8413,High,Done
8414,Task 8414,Detailed description for task number 8414,Critical,Review
8415,Task 8415,Detailed description for task number 8415,Medium,Review
8416,Task 8416,Detailed description for task number 8416,Medium,In Progress
8417,Task 8417,Detailed description for task number 8417,High,Review
8418,Task 8418,Detailed description for task number 8418,Critical,In Progress
8419,Task 8419,Detailed description for task number 8419,Low,In Progress
8420,Task 8420,Detailed description for task number 8420,Critical,Done
8421,Task 8421,Detailed description for task number 8421,Low,Review
8422,Task 8422,Detailed description for task number 8422,Low,In Progress
8423,Task 8423,Detailed description for task number 8423,High,Open
8424,Task 8424,Detailed description for task number 8424,Low,In Progress
8425,Task 8425,Detailed description for task number 8425,High,Review
8426,Task 8426,Detailed description for task number 8426,Critical,Done
8427,Task 8427,Detailed description for task number 8427,Low,Open
8428,Task 8428,Detailed description for task number 8428,High,Open
8429,Task 8429,Detailed description for task number 8429,Medium,Review
8430,Task 8430,Detailed description for task number 8430,Critical,Done
8431,Task 8431,Detailed description for task number 8431,High,Open
8432,Task 8432,Detailed description for task number 8432,Medium,In Progress
8433,Task 8433,Detailed description for task number 8433,Low,Done
8434,Task 8434,Detailed description for task number 8434,Low,Review
8435,Task 8435,Detailed description for task number 8435,Low,In Progress
8436,Task 8436,Detailed description for task number 8436,High,In Progress
8437,Task 8437,Detailed description for task number 8437,Low,Done
8438,Task 8438,Detailed description for task number 8438,High,Done
8439,Task 8439,Detailed description for task number 8439,Low,In Progress
8440,Task 8440,Detailed description for task number 8440,Critical,Open
8441,Task 8441,Detailed description for task number 8441,Low,Open
8442,Task 8442,Detailed description for task number 8442,Critical,Review
8443,Task 8443,Detailed description for task number 8443,Critical,Review
8444,Task 8444,Detailed description for task number 8444,Low,Done
8445,Task 8445,Detailed description for task number 8445,High,Done
8446,Task 8446,Detailed description for task number 8446,Medium,Open
8447,Task 8447,Detailed description for task number 8447,Medium,Review
8448,Task 8448,Detailed description for task number 8448,Critical,In Progress
8449,Task 8449,Detailed description for task number 8449,Low,Open
8450,Task 8450,Detailed description for task number 8450,Low,In Progress
8451,Task 8451,Detailed description for task number 8451,Medium,In Progress
8452,Task 8452,Detailed description for task number 8452,Low,In Progress
8453,Task 8453,Detailed description for task number 8453,Medium,In Progress
8454,Task 8454,Detailed description for task number 8454,Low,In Progress
8455,Task 8455,Detailed description for task number 8455,Critical,Open
8456,Task 8456,Detailed description for task number 8456,High,Open
8457,Task 8457,Detailed description for task number 8457,Low,Done
8458,Task 8458,Detailed description for task number 8458,Medium,Review
8459,Task 8459,Detailed description for task number 8459,Critical,In Progress
8460,Task 8460,Detailed description for task number 8460,Medium,Review
8461,Task 8461,Detailed description for task number 8461,Critical,In Progress
8462,Task 8462,Detailed description for task number 8462,Medium,In Progress
8463,Task 8463,Detailed description for task number 8463,Low,Done
8464,Task 8464,Detailed description for task number 8464,Low,Review
8465,Task 8465,Detailed description for task number 8465,Low,Open
8466,Task 8466,Detailed description for task number 8466,Low,Open
8467,Task 8467,Detailed description for task number 8467,Critical,In Progress
8468,Task 8468,Detailed description for task number 8468,High,Open
8469,Task 8469,Detailed description for task number 8469,Critical,Done
8470,Task 8470,Detailed description for task number 8470,Medium,In Progress
8471,Task 8471,Detailed description for task number 8471,Medium,Done
8472,Task 8472,Detailed description for task number 8472,Critical,Open
8473,Task 8473,Detailed description for task number 8473,High,Done
8474,Task 8474,Detailed description for task number 8474,Low,Done
8475,Task 8475,Detailed description for task number 8475,Critical,Done
8476,Task 8476,Detailed description for task number 8476,Critical,Done
8477,Task 8477,Detailed description for task number 8477,Critical,Done
8478,Task 8478,Detailed description for task number 8478,Critical,In Progress
8479,Task 8479,Detailed description for task number 8479,Medium,Review
8480,Task 8480,Detailed description for task number 8480,Critical,In Progress
8481,Task 8481,Detailed description for task number 8481,Critical,Open
8482,Task 8482,Detailed description for task number 8482,Medium,In Progress
8483,Task 8483,Detailed description for task number 8483,Low,Review
8484,Task 8484,Detailed description for task number 8484,Low,Done
8485,Task 8485,Detailed description for task number 8485,Critical,In Progress
8486,Task 8486,Detailed description for task number 8486,Medium,Review
8487,Task 8487,Detailed description for task number 8487,Medium,Done
8488,Task 8488,Detailed description for task number 8488,Medium,Done
8489,Task 8489,Detailed description for task number 8489,Medium,Review
8490,Task 8490,Detailed description for task number 8490,Medium,Done
8491,Task 8491,Detailed description for task number 8491,High,Open
8492,Task 8492,Detailed description for task number 8492,Medium,Open
8493,Task 8493,Detailed description for task number 8493,Medium,Review
8494,Task 8494,Detailed description for task number 8494,Critical,Open
8495,Task 8495,Detailed description for task number 8495,Low,Review
8496,Task 8496,Detailed description for task number 8496,Medium,In Progress
8497,Task 8497,Detailed description for task number 8497,Low,In Progress
8498,Task 8498,Detailed description for task number 8498,Low,In Progress
8499,Task 8499,Detailed description for task number 8499,Low,Done
8500,Task 8500,Detailed description for task number 8500,High,In Progress
8501,Task 8501,Detailed description for task number 8501,High,Review
8502,Task 8502,Detailed description for task number 8502,Low,Done
8503,Task 8503,Detailed description for task number 8503,High,Done
8504,Task 8504,Detailed description for task number 8504,Low,Done
8505,Task 8505,Detailed description for task number 8505,High,Review
8506,Task 8506,Detailed description for task number 8506,Low,Open
8507,Task 8507,Detailed description for task number 8507,Medium,Done
8508,Task 8508,Detailed description for task number 8508,Medium,Review
8509,Task 8509,Detailed description for task number 8509,Medium,Review
8510,Task 8510,Detailed description for task number 8510,Critical,Review
8511,Task 8511,Detailed description for task number 8511,High,Review
8512,Task 8512,Detailed description for task number 8512,Critical,Review
8513,Task 8513,Detailed description for task number 8513,High,Open
8514,Task 8514,Detailed description for task number 8514,Critical,Open
8515,Task 8515,Detailed description for task number 8515,Critical,Done
8516,Task 8516,Detailed description for task number 8516,High,Done
8517,Task 8517,Detailed description for task number 8517,High,Review
8518,Task 8518,Detailed description for task number 8518,Critical,In Progress
8519,Task 8519,Detailed description for task number 8519,Critical,Done
8520,Task 8520,Detailed description for task number 8520,High,Review
8521,Task 8521,Detailed description for task number 8521,Medium,Open
8522,Task 8522,Detailed description for task number 8522,High,Open
8523,Task 8523,Detailed description for task number 8523,Medium,In Progress
8524,Task 8524,Detailed description for task number 8524,Low,Open
8525,Task 8525,Detailed description for task number 8525,Low,Done
8526,Task 8526,Detailed description for task number 8526,High,Review
8527,Task 8527,Detailed description for task number 8527,Medium,Review
8528,Task 8528,Detailed description for task number 8528,High,Review
8529,Task 8529,Detailed description for task number 8529,High,Done
8530,Task 8530,Detailed description for task number 8530,High,In Progress
8531,Task 8531,Detailed description for task number 8531,High,Review
8532,Task 8532,Detailed description for task number 8532,High,Open
8533,Task 8533,Detailed description for task number 8533,Medium,In Progress
8534,Task 8534,Detailed description for task number 8534,Medium,Review
8535,Task 8535,Detailed description for task number 8535,Medium,Review
8536,Task 8536,Detailed description for task number 8536,Critical,Review
8537,Task 8537,Detailed description for task number 8537,Low,In Progress
8538,Task 8538,Detailed description for task number 8538,Critical,Open
8539,Task 8539,Detailed description for task number 8539,High,Open
8540,Task 8540,Detailed description for task number 8540,Low,In Progress
8541,Task 8541,Detailed description for task number 8541,High,Open
8542,Task 8542,Detailed description for task number 8542,Medium,Open
8543,Task 8543,Detailed description for task number 8543,Critical,Review
8544,Task 8544,Detailed description for task number 8544,High,Open
8545,Task 8545,Detailed description for task number 8545,Low,In Progress
8546,Task 8546,Detailed description for task number 8546,Medium,In Progress
8547,Task 8547,Detailed description for task number 8547,Medium,Review
8548,Task 8548,Detailed description for task number 8548,Low,Review
8549,Task 8549,Detailed description for task number 8549,High,Open
8550,Task 8550,Detailed description for task number 8550,High,Open
8551,Task 8551,Detailed description for task number 8551,Low,Done
8552,Task 8552,Detailed description for task number 8552,Medium,In Progress
8553,Task 8553,Detailed description for task number 8553,Medium,Review
8554,,Missing title error,Unknown,Open
8555,Task 8555,Detailed description for task number 8555,Medium,Done
8556,Task 8556,Detailed description for task number 8556,Medium,Done
8557,Task 8557,Detailed description for task number 8557,Medium,Done
8558,Task 8558,Detailed description for task number 8558,Critical,Review
8559,Task 8559,Detailed description for task number 8559,Critical,Done
8560,Task 8560,Detailed description for task number 8560,Low,Review
8561,Task 8561,Detailed description for task number 8561,Medium,Open
8562,Task 8562,Detailed description for task number 8562,Critical,Open
8563,Task 8563,Detailed description for task number 8563,High,Done
8564,Task 8564,Detailed description for task number 8564,Critical,In Progress
8565,Task 8565,Detailed description for task number 8565,Critical,Done
8566,Task 8566,Detailed description for task number 8566,Medium,Review
8567,Task 8567,Detailed description for task number 8567,Critical,In Progress
8568,Task 8568,Detailed description for task number 8568,High,Review
8569,Task 8569,Detailed description for task number 8569,Critical,Review
8570,Task 8570,Detailed description for task number 8570,Low,In Progress
8571,Task 8571,Detailed description for task number 8571,Medium,In Progress
8572,Task 8572,Detailed description for task number 8572,High,Review
8573,Task 8573,Detailed description for task number 8573,Critical,Review
8574,Task 8574,Detailed description for task number 8574,High,Done
8575,Task 8575,Detailed description for task number 8575,Critical,Done
8576,Task 8576,Detailed description for task number 8576,High,Review
8577,Task 8577,Detailed description for task number 8577,Medium,Done
8578,Task 8578,Detailed description for task number 8578,High,Open
8579,Task 8579,Detailed description for task number 8579,High,Done
8580,Task 8580,Detailed description for task number 8580,Low,Open
8581,Task 8581,Detailed description for task number 8581,Low,Done
8582,Task 8582,Detailed description for task number 8582,High,In Progress
8583,Task 8583,Detailed description for task number 8583,High,Done
8584,Task 8584,Detailed description for task number 8584,High,Review
8585,Task 8585,Detailed description for task number 8585,Critical,Open
8586,Task 8586,Detailed description for task number 8586,Critical,Review
8587,Task 8587,Detailed description for task number 8587,Medium,Done
8588,Task 8588,Detailed description for task number 8588,Medium,Review
8589,Task 8589,Detailed description for task number 8589,Low,In Progress
8590,Task 8590,Detailed description for task number 8590,Critical,Open
8591,Task 8591,Detailed description for task number 8591,Medium,In Progress
8592,Task 8592,Detailed description for task number 8592,Low,In Progress
8593,Task 8593,Detailed description for task number 8593,Low,Done
8594,Task 8594,Detailed description for task number 8594,Low,Review
8595,,Missing title error,Unknown,Open
8596,Task 8596,Detailed description for task number 8596,Medium,Done
8597,Task 8597,Detailed description for task number 8597,High,Open
8598,Task 8598,Detailed description for task number 8598,Critical,Review
8599,Task 8599,Detailed description for task number 8599,Low,Review
8600,Task 8600,Detailed description for task number 8600,Low,Review
8601,Task 8601,Detailed description for task number 8601,Low,Done
8602,Task 8602,Detailed description for task number 8602,Low,In Progress
8603,Task 8603,Detailed description for task number 8603,Critical,In Progress
8604,Task 8604,Detailed description for task number 8604,Medium,Done
8605,Task 8605,Detailed description for task number 8605,Critical,Open
8606,Task 8606,Detailed description for task number 8606,Low,Open
8607,Task 8607,Detailed description for task number 8607,High,In Progress
8608,Task 8608,Detailed description for task number 8608,Low,In Progress
8609,Task 8609,Detailed description for task number 8609,High,Done
8610,Task 8610,Detailed description for task number 8610,Medium,Done
8611,Task 8611,Detailed description for task number 8611,Medium,Open
8612,Task 8612,Detailed description for task number 8612,Medium,Done
8613,Task 8613,Detailed description for task number 8613,Low,Open
8614,Task 8614,Detailed description for task number 8614,Low,Review
8615,Task 8615,Detailed description for task number 8615,Critical,Done
8616,Task 8616,Detailed description for task number 8616,Critical,Done
8617,Task 8617,Detailed description for task number 8617,High,Review
8618,Task 8618,Detailed description for task number 8618,Low,In Progress
8619,Task 8619,Detailed description for task number 8619,Critical,Done
8620,Task 8620,Detailed description for task number 8620,Critical,Review
8621,Task 8621,Detailed description for task number 8621,Medium,In Progress
8622,Task 8622,Detailed description for task number 8622,Medium,Done
8623,Task 8623,Detailed description for task number 8623,High,Open
8624,Task 8624,Detailed description for task number 8624,High,Open
8625,Task 8625,Detailed description for task number 8625,Critical,Open
8626,Task 8626,Detailed description for task number 8626,High,Open
8627,Task 8627,Detailed description for task number 8627,Critical,Done
8628,Task 8628,Detailed description for task number 8628,Low,Review
8629,Task 8629,Detailed description for task number 8629,Low,Done
8630,Task 8630,Detailed description for task number 8630,Critical,Open
8631,Task 8631,Detailed description for task number 8631,Low,Done
8632,Task 8632,Detailed description for task number 8632,High,Review
8633,Task 8633,Detailed description for task number 8633,Medium,Review
8634,Task 8634,Detailed description for task number 8634,Critical,Done
8635,Task 8635,Detailed description for task number 8635,Low,Open
8636,Task 8636,Detailed description for task number 8636,Critical,In Progress
8637,Task 8637,Detailed description for task number 8637,Low,Done
8638,Task 8638,Detailed description for task number 8638,Medium,In Progress
8639,Task 8639,Detailed description for task number 8639,High,Open
8640,Task 8640,Detailed description for task number 8640,Critical,In Progress
8641,Task 8641,Detailed description for task number 8641,Medium,Review
8642,Task 8642,Detailed description for task number 8642,Critical,In Progress
8643,Task 8643,Detailed description for task number 8643,Medium,Open
8644,Task 8644,Detailed description for task number 8644,Critical,In Progress
8645,Task 8645,Detailed description for task number 8645,Low,In Progress
8646,Task 8646,Detailed description for task number 8646,Critical,In Progress
8647,Task 8647,Detailed description for task number 8647,High,Review
8648,Task 8648,Detailed description for task number 8648,High,Review
8649,Task 8649,Detailed description for task number 8649,Low,Done
8650,Task 8650,Detailed description for task number 8650,Critical,Review
8651,Task 8651,Detailed description for task number 8651,Critical,Review
8652,Task 8652,Detailed description for task number 8652,Critical,Open
8653,Task 8653,Detailed description for task number 8653,High,In Progress
8654,Task 8654,Detailed description for task number 8654,High,Review
8655,Task 8655,Detailed description for task number 8655,High,Open
8656,Task 8656,Detailed description for task number 8656,Critical,In Progress
8657,Task 8657,Detailed description for task number 8657,High,Done
8658,Task 8658,Detailed description for task number 8658,Low,Open
8659,Task 8659,Detailed description for task number 8659,High,Open
8660,Task 8660,Detailed description for task number 8660,Low,Open
8661,Task 8661,Detailed description for task number 8661,Low,Review
8662,Task 8662,Detailed description for task number 8662,Critical,In Progress
8663,Task 8663,Detailed description for task number 8663,Medium,Done
8664,Task 8664,Detailed description for task number 8664,Low,Review
8665,Task 8665,Detailed description for task number 8665,Medium,Review
8666,Task 8666,Detailed description for task number 8666,High,Review
8667,Task 8667,Detailed description for task number 8667,Medium,In Progress
8668,Task 8668,Detailed description for task number 8668,Critical,Open
8669,Task 8669,Detailed description for task number 8669,Medium,Done
8670,Task 8670,Detailed description for task number 8670,Medium,Open
8671,Task 8671,Detailed description for task number 8671,Low,In Progress
8672,Task 8672,Detailed description for task number 8672,High,In Progress
8673,Task 8673,Detailed description for task number 8673,High,Done
8674,Task 8674,Detailed description for task number 8674,High,In Progress
8675,Task 8675,Detailed description for task number 8675,Low,Open
8676,Task 8676,Detailed description for task number 8676,Medium,In Progress
8677,Task 8677,Detailed description for task number 8677,Medium,In Progress
8678,Task 8678,Detailed description for task number 8678,High,Review
8679,Task 8679,Detailed description for task number 8679,Low,Done
8680,Task 8680,Detailed description for task number 8680,Medium,Review
8681,Task 8681,Detailed description for task number 8681,Critical,Done
8682,Task 8682,Detailed description for task number 8682,Medium,Review
8683,Task 8683,Detailed description for task number 8683,Critical,Review
8684,Task 8684,Detailed description for task number 8684,Critical,In Progress
8685,Task 8685,Detailed description for task number 8685,Medium,Done
8686,Task 8686,Detailed description for task number 8686,Medium,In Progress
8687,Task 8687,Detailed description for task number 8687,Medium,Open
8688,Task 8688,Detailed description for task number 8688,Medium,Open
8689,Task 8689,Detailed description for task number 8689,Critical,Review
8690,,Missing title error,Unknown,Open
8691,Task 8691,Detailed description for task number 8691,Critical,Review
8692,Task 8692,Detailed description for task number 8692,Medium,Done
8693,Task 8693,Detailed description for task number 8693,Medium,Review
8694,Task 8694,Detailed description for task number 8694,Critical,In Progress
8695,Task 8695,Detailed description for task number 8695,Medium,Review
8696,Task 8696,Detailed description for task number 8696,Critical,Open
8697,Task 8697,Detailed description for task number 8697,Low,Open
8698,Task 8698,Detailed description for task number 8698,High,In Progress
8699,Task 8699,Detailed description for task number 8699,Low,Open
8700,Task 8700,Detailed description for task number 8700,Low,Done
8701,Task 8701,Detailed description for task number 8701,Medium,Review
8702,Task 8702,Detailed description for task number 8702,High,Done
8703,Task 8703,Detailed description for task number 8703,High,Open
8704,Task 8704,Detailed description for task number 8704,High,Open
8705,Task 8705,Detailed description for task number 8705,Medium,Review
8706,Task 8706,Detailed description for task number 8706,High,Open
8707,Task 8707,Detailed description for task number 8707,High,Review
8708,Task 8708,Detailed description for task number 8708,Low,Review
8709,Task 8709,Detailed description for task number 8709,Low,Review
8710,Task 8710,Detailed description for task number 8710,High,Review
8711,Task 8711,Detailed description for task number 8711,Medium,Open
8712,Task 8712,Detailed description for task number 8712,High,In Progress
8713,Task 8713,Detailed description for task number 8713,Medium,In Progress
8714,Task 8714,Detailed description for task number 8714,Medium,In Progress
8715,Task 8715,Detailed description for task number 8715,Low,In Progress
8716,Task 8716,Detailed description for task number 8716,Medium,Review
8717,Task 8717,Detailed description for task number 8717,Medium,Open
8718,Task 8718,Detailed description for task number 8718,High,Done
8719,Task 8719,Detailed description for task number 8719,High,In Progress
8720,Task 8720,Detailed description for task number 8720,Critical,In Progress
8721,Task 8721,Detailed description for task number 8721,Medium,Review
8722,Task 8722,Detailed description for task number 8722,High,Review
8723,Task 8723,Detailed description for task number 8723,Low,Review
8724,Task 8724,Detailed description for task number 8724,Medium,In Progress
8725,Task 8725,Detailed description for task number 8725,Medium,In Progress
8726,Task 8726,Detailed description for task number 8726,High,Open
8727,Task 8727,Detailed description for task number 8727,High,Open
8728,Task 8728,Detailed description for task number 8728,Critical,Review
8729,Task 8729,Detailed description for task number 8729,Medium,Review
8730,Task 8730,Detailed description for task number 8730,Medium,In Progress
8731,Task 8731,Detailed description for task number 8731,Medium,Review
8732,Task 8732,Detailed description for task number 8732,Low,In Progress
8733,Task 8733,Detailed description for task number 8733,Critical,In Progress
8734,Task 8734,Detailed description for task number 8734,High,Done
8735,Task 8735,Detailed description for task number 8735,Medium,Done
8736,Task 8736,Detailed description for task number 8736,Low,Done
8737,Task 8737,Detailed description for task number 8737,Medium,Done
8738,Task 8738,Detailed description for task number 8738,High,In Progress
8739,Task 8739,Detailed description for task number 8739,Low,In Progress
8740,Task 8740,Detailed description for task number 8740,Medium,In Progress
8741,Task 8741,Detailed description for task number 8741,High,Done
8742,Task 8742,Detailed description for task number 8742,High,Done
8743,Task 8743,Detailed description for task number 8743,High,In Progress
8744,Task 8744,Detailed description for task number 8744,High,Review
8745,Task 8745,Detailed description for task number 8745,High,In Progress
8746,Task 8746,Detailed description for task number 8746,High,In Progress
8747,Task 8747,Detailed description for task number 8747,Medium,Review
8748,Task 8748,Detailed description for task number 8748,Critical,Open
8749,Task 8749,Detailed description for task number 8749,Critical,Review
8750,Task 8750,Detailed description for task number 8750,Low,In Progress
8751,Task 8751,Detailed description for task number 8751,Low,Open
8752,Task 8752,Detailed description for task number 8752,Medium,Done
8753,Task 8753,Detailed description for task number 8753,High,Done
8754,Task 8754,Detailed description for task number 8754,Medium,Open
8755,Task 8755,Detailed description for task number 8755,Medium,Review
8756,Task 8756,Detailed description for task number 8756,High,Done
8757,Task 8757,Detailed description for task number 8757,Low,In Progress
8758,Task 8758,Detailed description for task number 8758,Medium,In Progress
8759,Task 8759,Detailed description for task number 8759,Medium,Done
8760,Task 8760,Detailed description for task number 8760,Low,In Progress
8761,Task 8761,Detailed description for task number 8761,Low,Open
8762,Task 8762,Detailed description for task number 8762,Low,Review
8763,Task 8763,Detailed description for task number 8763,Low,Done
8764,Task 8764,Detailed description for task number 8764,Critical,Open
8765,Task 8765,Detailed description for task number 8765,Critical,Done
8766,Task 8766,Detailed description for task number 8766,Medium,Review
8767,Task 8767,Detailed description for task number 8767,Low,In Progress
8768,Task 8768,Detailed description for task number 8768,Critical,Open
8769,Task 8769,Detailed description for task number 8769,Critical,Review
8770,Task 8770,Detailed description for task number 8770,Low,In Progress
8771,Task 8771,Detailed description for task number 8771,High,Done
8772,Task 8772,Detailed description for task number 8772,Low,Open
8773,Task 8773,Detailed description for task number 8773,High,Done
8774,Task 8774,Detailed description for task number 8774,High,Open
8775,Task 8775,Detailed description for task number 8775,Low,Review
8776,Task 8776,Detailed description for task number 8776,Critical,Review
8777,Task 8777,Detailed description for task number 8777,Medium,Open
8778,Task 8778,Detailed description for task number 8778,Low,Open
8779,Task 8779,Detailed description for task number 8779,Low,Review
8780,Task 8780,Detailed description for task number 8780,Low,In Progress
8781,Task 8781,Detailed description for task number 8781,High,Open
8782,Task 8782,Detailed description for task number 8782,Low,Open
8783,Task 8783,Detailed description for task number 8783,Medium,Done
8784,Task 8784,Detailed description for task number 8784,Critical,Review
8785,Task 8785,Detailed description for task number 8785,Medium,Done
8786,Task 8786,Detailed description for task number 8786,Low,Review
8787,Task 8787,Detailed description for task number 8787,Medium,In Progress
8788,Task 8788,Detailed description for task number 8788,Low,Done
8789,Task 8789,Detailed description for task number 8789,Critical,Open
8790,Task 8790,Detailed description for task number 8790,Low,Done
8791,Task 8791,Detailed description for task number 8791,Critical,In Progress
8792,Task 8792,Detailed description for task number 8792,Critical,Review
8793,Task 8793,Detailed description for task number 8793,Low,Review
8794,Task 8794,Detailed description for task number 8794,High,Done
8795,Task 8795,Detailed description for task number 8795,Low,Done
8796,Task 8796,Detailed description for task number 8796,High,Open
8797,Task 8797,Detailed description for task number 8797,Medium,Done
8798,Task 8798,Detailed description for task number 8798,High,Done
8799,Task 8799,Detailed description for task number 8799,Low,In Progress
8800,Task 8800,Detailed description for task number 8800,Low,Review
8801,Task 8801,Detailed description for task number 8801,Low,Done
8802,Task 8802,Detailed description for task number 8802,Low,Open
8803,Task 8803,Detailed description for task number 8803,High,Done
8804,Task 8804,Detailed description for task number 8804,Medium,Open
8805,Task 8805,Detailed description for task number 8805,Critical,Open
8806,Task 8806,Detailed description for task number 8806,Low,In Progress
8807,Task 8807,Detailed description for task number 8807,Medium,Review
8808,Task 8808,Detailed description for task number 8808,High,Done
8809,Task 8809,Detailed description for task number 8809,Critical,Review
8810,Task 8810,Detailed description for task number 8810,Medium,In Progress
8811,Task 8811,Detailed description for task number 8811,Low,Open
8812,Task 8812,Detailed description for task number 8812,Medium,Review
8813,Task 8813,Detailed description for task number 8813,Medium,Review
8814,Task 8814,Detailed description for task number 8814,Low,Open
8815,Task 8815,Detailed description for task number 8815,High,Review
8816,Task 8816,Detailed description for task number 8816,High,In Progress
8817,Task 8817,Detailed description for task number 8817,High,Open
8818,Task 8818,Detailed description for task number 8818,Medium,Done
8819,Task 8819,Detailed description for task number 8819,High,Open
8820,Task 8820,Detailed description for task number 8820,Critical,Open
8821,Task 8821,Detailed description for task number 8821,Low,Open
8822,Task 8822,Detailed description for task number 8822,Medium,In Progress
8823,Task 8823,Detailed description for task number 8823,Medium,Done
8824,Task 8824,Detailed description for task number 8824,Medium,In Progress
8825,Task 8825,Detailed description for task number 8825,High,In Progress
8826,Task 8826,Detailed description for task number 8826,Critical,Done
8827,Task 8827,Detailed description for task number 8827,High,Open
8828,Task 8828,Detailed description for task number 8828,Low,In Progress
8829,Task 8829,Detailed description for task number 8829,Critical,Done
8830,Task 8830,Detailed description for task number 8830,Low,Review
8831,Task 8831,Detailed description for task number 8831,High,Done
8832,Task 8832,Detailed description for task number 8832,High,Done
8833,Task 8833,Detailed description for task number 8833,High,Review
8834,Task 8834,Detailed description for task number 8834,Medium,Open
8835,Task 8835,Detailed description for task number 8835,Critical,Open
8836,Task 8836,Detailed description for task number 8836,Critical,Open
8837,Task 8837,Detailed description for task number 8837,High,Review
8838,Task 8838,Detailed description for task number 8838,High,In Progress
8839,Task 8839,Detailed description for task number 8839,Medium,In Progress
8840,Task 8840,Detailed description for task number 8840,High,Done
8841,Task 8841,Detailed description for task number 8841,Critical,Open
8842,Task 8842,Detailed description for task number 8842,Medium,Open
8843,Task 8843,Detailed description for task number 8843,High,In Progress
8844,Task 8844,Detailed description for task number 8844,Medium,In Progress
8845,Task 8845,Detailed description for task number 8845,Critical,Review
8846,Task 8846,Detailed description for task number 8846,Critical,In Progress
8847,Task 8847,Detailed description for task number 8847,Low,Open
8848,Task 8848,Detailed description for task number 8848,Low,In Progress
8849,Task 8849,Detailed description for task number 8849,Low,Open
8850,Task 8850,Detailed description for task number 8850,High,In Progress
8851,Task 8851,Detailed description for task number 8851,Low,Done
8852,Task 8852,Detailed description for task number 8852,Low,Open
8853,Task 8853,Detailed description for task number 8853,High,Review
8854,Task 8854,Detailed description for task number 8854,Low,Review
8855,Task 8855,Detailed description for task number 8855,Medium,Open
8856,Task 8856,Detailed description for task number 8856,Low,Done
8857,Task 8857,Detailed description for task number 8857,Low,In Progress
8858,Task 8858,Detailed description for task number 8858,Critical,Review
8859,Task 8859,Detailed description for task number 8859,Low,Review
8860,Task 8860,Detailed description for task number 8860,Low,Done
8861,Task 8861,Detailed description for task number 8861,Critical,Open
8862,Task 8862,Detailed description for task number 8862,Critical,Review
8863,Task 8863,Detailed description for task number 8863,Low,Review
8864,Task 8864,Detailed description for task number 8864,Medium,Done
8865,Task 8865,Detailed description for task number 8865,High,Open
8866,Task 8866,Detailed description for task number 8866,Low,Open
8867,Task 8867,Detailed description for task number 8867,Critical,Open
8868,Task 8868,Detailed description for task number 8868,High,In Progress
8869,Task 8869,Detailed description for task number 8869,Low,Open
8870,,Missing title error,Unknown,Open
8871,Task 8871,Detailed description for task number 8871,Critical,In Progress
8872,Task 8872,Detailed description for task number 8872,Low,In Progress
8873,Task 8873,Detailed description for task number 8873,Low,Open
8874,Task 8874,Detailed description for task number 8874,Low,Open
8875,,Missing title error,Unknown,Open
8876,Task 8876,Detailed description for task number 8876,Medium,Review
8877,Task 8877,Detailed description for task number 8877,Medium,In Progress
8878,Task 8878,Detailed description for task number 8878,Medium,Open
8879,Task 8879,Detailed description for task number 8879,Medium,Review
8880,Task 8880,Detailed description for task number 8880,High,Open
8881,Task 8881,Detailed description for task number 8881,High,Open
8882,Task 8882,Detailed description for task number 8882,Medium,Open
8883,Task 8883,Detailed description for task number 8883,High,Done
8884,Task 8884,Detailed description for task number 8884,Critical,Open
8885,Task 8885,Detailed description for task number 8885,High,Review
8886,Task 8886,Detailed description for task number 8886,Low,Done
8887,Task 8887,Detailed description for task number 8887,Medium,In Progress
8888,Task 8888,Detailed description for task number 8888,High,In Progress
8889,Task 8889,Detailed description for task number 8889,Medium,Done
8890,Task 8890,Detailed description for task number 8890,High,Done
8891,Task 8891,Detailed description for task number 8891,Critical,Done
8892,Task 8892,Detailed description for task number 8892,Critical,In Progress
8893,Task 8893,Detailed description for task number 8893,Low,Done
8894,Task 8894,Detailed description for task number 8894,Critical,Review
8895,Task 8895,Detailed description for task number 8895,Critical,In Progress
8896,Task 8896,Detailed description for task number 8896,High,In Progress
8897,Task 8897,Detailed description for task number 8897,Medium,In Progress
8898,Task 8898,Detailed description for task number 8898,High,Review
8899,Task 8899,Detailed description for task number 8899,Critical,Review
8900,Task 8900,Detailed description for task number 8900,Medium,Done
8901,Task 8901,Detailed description for task number 8901,High,Done
8902,Task 8902,Detailed description for task number 8902,Low,In Progress
8903,Task 8903,Detailed description for task number 8903,High,Done
8904,Task 8904,Detailed description for task number 8904,Medium,Review
8905,Task 8905,Detailed description for task number 8905,Medium,In Progress
8906,Task 8906,Detailed description for task number 8906,High,Open
8907,Task 8907,Detailed description for task number 8907,High,Done
8908,Task 8908,Detailed description for task number 8908,High,Open
8909,Task 8909,Detailed description for task number 8909,Critical,Open
8910,Task 8910,Detailed description for task number 8910,Low,In Progress
8911,Task 8911,Detailed description for task number 8911,Medium,Done
8912,Task 8912,Detailed description for task number 8912,Medium,Open
8913,Task 8913,Detailed description for task number 8913,Medium,Done
8914,Task 8914,Detailed description for task number 8914,Critical,Review
8915,Task 8915,Detailed description for task number 8915,Critical,Review
8916,Task 8916,Detailed description for task number 8916,Critical,Done
8917,Task 8917,Detailed description for task number 8917,Low,In Progress
8918,Task 8918,Detailed description for task number 8918,Critical,Review
8919,Task 8919,Detailed description for task number 8919,High,Review
8920,Task 8920,Detailed description for task number 8920,Medium,Done
8921,Task 8921,Detailed description for task number 8921,Medium,In Progress
8922,Task 8922,Detailed description for task number 8922,Medium,Review
8923,Task 8923,Detailed description for task number 8923,Critical,In Progress
8924,Task 8924,Detailed description for task number 8924,High,Review
8925,Task 8925,Detailed description for task number 8925,Low,Done
8926,Task 8926,Detailed description for task number 8926,Medium,Review
8927,Task 8927,Detailed description for task number 8927,Medium,Review
8928,Task 8928,Detailed description for task number 8928,Medium,Open
8929,Task 8929,Detailed description for task number 8929,Critical,Review
8930,Task 8930,Detailed description for task number 8930,Critical,Open
8931,Task 8931,Detailed description for task number 8931,Critical,In Progress
8932,Task 8932,Detailed description for task number 8932,High,In Progress
8933,Task 8933,Detailed description for task number 8933,Critical,Done
8934,Task 8934,Detailed description for task number 8934,Medium,Done
8935,Task 8935,Detailed description for task number 8935,High,Review
8936,Task 8936,Detailed description for task number 8936,Low,In Progress
8937,Task 8937,Detailed description for task number 8937,Low,Open
8938,Task 8938,Detailed description for task number 8938,High,In Progress
8939,Task 8939,Detailed description for task number 8939,Critical,In Progress
8940,Task 8940,Detailed description for task number 8940,Low,Open
8941,Task 8941,Detailed description for task number 8941,High,Open
8942,Task 8942,Detailed description for task number 8942,Medium,In Progress
8943,Task 8943,Detailed description for task number 8943,Low,In Progress
8944,Task 8944,Detailed description for task number 8944,High,Done
8945,Task 8945,Detailed description for task number 8945,Medium,In Progress
8946,Task 8946,Detailed description for task number 8946,Critical,Review
8947,Task 8947,Detailed description for task number 8947,Medium,Open
8948,Task 8948,Detailed description for task number 8948,Critical,Open
8949,Task 8949,Detailed description for task number 8949,High,Done
8950,Task 8950,Detailed description for task number 8950,Critical,Done
8951,Task 8951,Detailed description for task number 8951,Critical,Review
8952,Task 8952,Detailed description for task number 8952,High,Review
8953,Task 8953,Detailed description for task number 8953,Medium,In Progress
8954,Task 8954,Detailed description for task number 8954,High,Review
8955,Task 8955,Detailed description for task number 8955,Medium,Review
8956,Task 8956,Detailed description for task number 8956,Critical,Review
8957,,Missing title error,Unknown,Open
8958,Task 8958,Detailed description for task number 8958,Critical,In Progress
8959,Task 8959,Detailed description for task number 8959,Low,Done
8960,Task 8960,Detailed description for task number 8960,Low,Done
8961,Task 8961,Detailed description for task number 8961,Critical,Done
8962,Task 8962,Detailed description for task number 8962,High,Review
8963,Task 8963,Detailed description for task number 8963,Medium,Open
8964,Task 8964,Detailed description for task number 8964,Medium,Review
8965,Task 8965,Detailed description for task number 8965,Critical,In Progress
8966,Task 8966,Detailed description for task number 8966,Medium,Open
8967,Task 8967,Detailed description for task number 8967,High,Open
8968,Task 8968,Detailed description for task number 8968,Low,Review
8969,Task 8969,Detailed description for task number 8969,High,Open
8970,Task 8970,Detailed description for task number 8970,Critical,Review
8971,,Missing title error,Unknown,Open
8972,Task 8972,Detailed description for task number 8972,Critical,Review
8973,Task 8973,Detailed description for task number 8973,High,Done
8974,Task 8974,Detailed description for task number 8974,Medium,Open
8975,Task 8975,Detailed description for task number 8975,High,In Progress
8976,Task 8976,Detailed description for task number 8976,Low,Review
8977,Task 8977,Detailed description for task number 8977,High,Open
8978,Task 8978,Detailed description for task number 8978,Critical,Open
8979,Task 8979,Detailed description for task number 8979,Critical,Review
8980,Task 8980,Detailed description for task number 8980,Low,In Progress
8981,Task 8981,Detailed description for task number 8981,Critical,Done
8982,Task 8982,Detailed description for task number 8982,Low,Done
8983,Task 8983,Detailed description for task number 8983,Medium,Done
8984,Task 8984,Detailed description for task number 8984,Low,In Progress
8985,Task 8985,Detailed description for task number 8985,High,In Progress
8986,Task 8986,Detailed description for task number 8986,Critical,Open
8987,Task 8987,Detailed description for task number 8987,Critical,In Progress
8988,Task 8988,Detailed description for task number 8988,Critical,Review
8989,Task 8989,Detailed description for task number 8989,Medium,Review
8990,Task 8990,Detailed description for task number 8990,Medium,Open
8991,Task 8991,Detailed description for task number 8991,Critical,Open
8992,Task 8992,Detailed description for task number 8992,High,Done
8993,Task 8993,Detailed description for task number 8993,Low,In Progress
8994,Task 8994,Detailed description for task number 8994,Low,In Progress
8995,Task 8995,Detailed description for task number 8995,Critical,Open
8996,Task 8996,Detailed description for task number 8996,Medium,Done
8997,Task 8997,Detailed description for task number 8997,High,Done
8998,Task 8998,Detailed description for task number 8998,Low,Review
8999,Task 8999,Detailed description for task number 8999,High,In Progress
9000,Task 9000,Detailed description for task number 9000,Critical,Review
9001,Task 9001,Detailed description for task number 9001,Critical,Review
9002,Task 9002,Detailed description for task number 9002,High,In Progress
9003,Task 9003,Detailed description for task number 9003,Critical,Open
9004,Task 9004,Detailed description for task number 9004,Critical,Open
9005,Task 9005,Detailed description for task number 9005,Critical,Open
9006,Task 9006,Detailed description for task number 9006,Medium,Review
9007,Task 9007,Detailed description for task number 9007,Low,Open
9008,Task 9008,Detailed description for task number 9008,Low,Review
9009,Task 9009,Detailed description for task number 9009,Low,In Progress
9010,Task 9010,Detailed description for task number 9010,High,Open
9011,Task 9011,Detailed description for task number 9011,High,Open
9012,Task 9012,Detailed description for task number 9012,Medium,In Progress
9013,Task 9013,Detailed description for task number 9013,Critical,Done
9014,Task 9014,Detailed description for task number 9014,Medium,Review
9015,Task 9015,Detailed description for task number 9015,High,Open
9016,Task 9016,Detailed description for task number 9016,Medium,In Progress
9017,Task 9017,Detailed description for task number 9017,Low,Open
9018,Task 9018,Detailed description for task number 9018,Medium,In Progress
9019,Task 9019,Detailed description for task number 9019,Critical,Open
9020,Task 9020,Detailed description for task number 9020,Medium,Open
9021,Task 9021,Detailed description for task number 9021,Medium,Done
9022,Task 9022,Detailed description for task number 9022,Medium,In Progress
9023,Task 9023,Detailed description for task number 9023,Low,In Progress
9024,Task 9024,Detailed description for task number 9024,Medium,Done
9025,Task 9025,Detailed description for task number 9025,Medium,Done
9026,Task 9026,Detailed description for task number 9026,Medium,In Progress
9027,Task 9027,Detailed description for task number 9027,High,Done
9028,Task 9028,Detailed description for task number 9028,Medium,Done
9029,Task 9029,Detailed description for task number 9029,Critical,Done
9030,Task 9030,Detailed description for task number 9030,Medium,Review
9031,Task 9031,Detailed description for task number 9031,High,In Progress
9032,Task 9032,Detailed description for task number 9032,High,Open
9033,Task 9033,Detailed description for task number 9033,Medium,Open
9034,Task 9034,Detailed description for task number 9034,High,Done
9035,Task 9035,Detailed description for task number 9035,Medium,In Progress
9036,Task 9036,Detailed description for task number 9036,Medium,In Progress
9037,Task 9037,Detailed description for task number 9037,Critical,In Progress
9038,Task 9038,Detailed description for task number 9038,Critical,Open
9039,Task 9039,Detailed description for task number 9039,Critical,Review
9040,Task 9040,Detailed description for task number 9040,Low,Review
9041,Task 9041,Detailed description for task number 9041,Critical,Review
9042,Task 9042,Detailed description for task number 9042,High,Open
9043,Task 9043,Detailed description for task number 9043,Critical,In Progress
9044,Task 9044,Detailed description for task number 9044,Medium,Open
9045,Task 9045,Detailed description for task number 9045,High,Done
9046,Task 9046,Detailed description for task number 9046,Critical,Review
9047,Task 9047,Detailed description for task number 9047,Low,Open
9048,Task 9048,Detailed description for task number 9048,Low,In Progress
9049,Task 9049,Detailed description for task number 9049,High,Review
9050,Task 9050,Detailed description for task number 9050,High,Done
9051,Task 9051,Detailed description for task number 9051,Medium,Review
9052,Task 9052,Detailed description for task number 9052,Low,Review
9053,,Missing title error,Unknown,Open
9054,Task 9054,Detailed description for task number 9054,Low,Done
9055,Task 9055,Detailed description for task number 9055,Medium,Open
9056,Task 9056,Detailed description for task number 9056,High,Done
9057,Task 9057,Detailed description for task number 9057,High,Done
9058,Task 9058,Detailed description for task number 9058,Medium,Open
9059,Task 9059,Detailed description for task number 9059,Critical,In Progress
9060,Task 9060,Detailed description for task number 9060,Critical,Open
9061,Task 9061,Detailed description for task number 9061,High,Done
9062,Task 9062,Detailed description for task number 9062,Medium,Open
9063,Task 9063,Detailed description for task number 9063,Low,In Progress
9064,Task 9064,Detailed description for task number 9064,High,Review
9065,Task 9065,Detailed description for task number 9065,Critical,Done
9066,Task 9066,Detailed description for task number 9066,High,In Progress
9067,Task 9067,Detailed description for task number 9067,High,Open
9068,Task 9068,Detailed description for task number 9068,High,Done
9069,Task 9069,Detailed description for task number 9069,Low,Done
9070,Task 9070,Detailed description for task number 9070,Critical,In Progress
9071,Task 9071,Detailed description for task number 9071,Critical,Open
9072,Task 9072,Detailed description for task number 9072,High,Done
9073,Task 9073,Detailed description for task number 9073,High,In Progress
9074,Task 9074,Detailed description for task number 9074,Critical,Review
9075,Task 9075,Detailed description for task number 9075,High,Open
9076,Task 9076,Detailed description for task number 9076,Critical,Done
9077,Task 9077,Detailed description for task number 9077,Low,Open
9078,Task 9078,Detailed description for task number 9078,Low,In Progress
9079,Task 9079,Detailed description for task number 9079,Critical,Done
9080,Task 9080,Detailed description for task number 9080,Medium,Done
9081,Task 9081,Detailed description for task number 9081,Medium,In Progress
9082,Task 9082,Detailed description for task number 9082,Medium,In Progress
9083,Task 9083,Detailed description for task number 9083,Low,Review
9084,Task 9084,Detailed description for task number 9084,Critical,In Progress
9085,Task 9085,Detailed description for task number 9085,Critical,Done
9086,Task 9086,Detailed description for task number 9086,High,Open
9087,Task 9087,Detailed description for task number 9087,High,In Progress
9088,Task 9088,Detailed description for task number 9088,Critical,Done
9089,Task 9089,Detailed description for task number 9089,Low,Done
9090,Task 9090,Detailed description for task number 9090,Critical,Review
9091,Task 9091,Detailed description for task number 9091,Low,In Progress
9092,Task 9092,Detailed description for task number 9092,Critical,In Progress
9093,Task 9093,Detailed description for task number 9093,High,Open
9094,Task 9094,Detailed description for task number 9094,Low,Open
9095,Task 9095,Detailed description for task number 9095,Low,In Progress
9096,Task 9096,Detailed description for task number 9096,High,Open
9097,Task 9097,Detailed description for task number 9097,Critical,Review
9098,Task 9098,Detailed description for task number 9098,High,Review
9099,Task 9099,Detailed description for task number 9099,Low,Done
9100,Task 9100,Detailed description for task number 9100,Low,Done
9101,Task 9101,Detailed description for task number 9101,Low,In Progress
9102,Task 9102,Detailed description for task number 9102,Critical,Open
9103,Task 9103,Detailed description for task number 9103,Medium,Review
9104,Task 9104,Detailed description for task number 9104,Critical,In Progress
9105,Task 9105,Detailed description for task number 9105,Low,In Progress
9106,Task 9106,Detailed description for task number 9106,Low,In Progress
9107,Task 9107,Detailed description for task number 9107,Medium,Review
9108,Task 9108,Detailed description for task number 9108,Critical,In Progress
9109,Task 9109,Detailed description for task number 9109,High,Open
9110,Task 9110,Detailed description for task number 9110,Medium,Review
9111,Task 9111,Detailed description for task number 9111,Medium,Review
9112,Task 9112,Detailed description for task number 9112,Medium,Done
9113,Task 9113,Detailed description for task number 9113,High,Open
9114,Task 9114,Detailed description for task number 9114,High,Done
9115,Task 9115,Detailed description for task number 9115,Low,Done
9116,Task 9116,Detailed description for task number 9116,High,In Progress
9117,Task 9117,Detailed description for task number 9117,Critical,Done
9118,Task 9118,Detailed description for task number 9118,High,Review
9119,Task 9119,Detailed description for task number 9119,Low,In Progress
9120,Task 9120,Detailed description for task number 9120,Medium,Open
9121,Task 9121,Detailed description for task number 9121,Medium,Open
9122,Task 9122,Detailed description for task number 9122,Medium,Review
9123,Task 9123,Detailed description for task number 9123,Critical,Open
9124,,Missing title error,Unknown,Open
9125,Task 9125,Detailed description for task number 9125,Critical,Open
9126,Task 9126,Detailed description for task number 9126,Medium,In Progress
9127,Task 9127,Detailed description for task number 9127,High,Done
9128,Task 9128,Detailed description for task number 9128,Medium,Open
9129,Task 9129,Detailed description for task number 9129,Critical,Open
9130,Task 9130,Detailed description for task number 9130,Low,Done
9131,Task 9131,Detailed description for task number 9131,Critical,In Progress
9132,Task 9132,Detailed description for task number 9132,Critical,Review
9133,Task 9133,Detailed description for task number 9133,Medium,Done
9134,Task 9134,Detailed description for task number 9134,Medium,Done
9135,Task 9135,Detailed description for task number 9135,Critical,In Progress
9136,Task 9136,Detailed description for task number 9136,Medium,Review
9137,Task 9137,Detailed description for task number 9137,High,Open
9138,Task 9138,Detailed description for task number 9138,Critical,Done
9139,Task 9139,Detailed description for task number 9139,Low,In Progress
9140,Task 9140,Detailed description for task number 9140,Low,Open
9141,Task 9141,Detailed description for task number 9141,High,Open
9142,Task 9142,Detailed description for task number 9142,High,Review
9143,Task 9143,Detailed description for task number 9143,Critical,In Progress
9144,Task 9144,Detailed description for task number 9144,Medium,In Progress
9145,Task 9145,Detailed description for task number 9145,Low,Done
9146,Task 9146,Detailed description for task number 9146,Low,Open
9147,Task 9147,Detailed description for task number 9147,High,Review
9148,Task 9148,Detailed description for task number 9148,High,Review
9149,Task 9149,Detailed description for task number 9149,Medium,In Progress
9150,Task 9150,Detailed description for task number 9150,Low,Open
9151,Task 9151,Detailed description for task number 9151,High,In Progress
9152,Task 9152,Detailed description for task number 9152,Low,Done
9153,Task 9153,Detailed description for task number 9153,Critical,In Progress
9154,Task 9154,Detailed description for task number 9154,Medium,In Progress
9155,Task 9155,Detailed description for task number 9155,Critical,Review
9156,Task 9156,Detailed description for task number 9156,High,Done
9157,Task 9157,Detailed description for task number 9157,Low,Review
9158,Task 9158,Detailed description for task number 9158,Low,In Progress
9159,Task 9159,Detailed description for task number 9159,Low,In Progress
9160,Task 9160,Detailed description for task number 9160,Medium,In Progress
9161,Task 9161,Detailed description for task number 9161,Low,Open
9162,Task 9162,Detailed description for task number 9162,Critical,Done
9163,Task 9163,Detailed description for task number 9163,High,Done
9164,Task 9164,Detailed description for task number 9164,Medium,In Progress
9165,Task 9165,Detailed description for task number 9165,High,Review
9166,Task 9166,Detailed description for task number 9166,Critical,Done
9167,Task 9167,Detailed description for task number 9167,Low,In Progress
9168,Task 9168,Detailed description for task number 9168,High,Open
9169,Task 9169,Detailed description for task number 9169,Low,Review
9170,Task 9170,Detailed description for task number 9170,Critical,In Progress
9171,Task 9171,Detailed description for task number 9171,High,Review
9172,Task 9172,Detailed description for task number 9172,High,Done
9173,Task 9173,Detailed description for task number 9173,Critical,Open
9174,Task 9174,Detailed description for task number 9174,Critical,Review
9175,Task 9175,Detailed description for task number 9175,Low,Review
9176,Task 9176,Detailed description for task number 9176,High,Open
9177,Task 9177,Detailed description for task number 9177,Low,In Progress
9178,Task 9178,Detailed description for task number 9178,Low,Open
9179,Task 9179,Detailed description for task number 9179,Critical,Open
9180,Task 9180,Detailed description for task number 9180,Medium,Open
9181,Task 9181,Detailed description for task number 9181,Medium,Review
9182,Task 9182,Detailed description for task number 9182,Medium,Done
9183,Task 9183,Detailed description for task number 9183,Critical,In Progress
9184,Task 9184,Detailed description for task number 9184,High,Done
9185,Task 9185,Detailed description for task number 9185,Low,Review
9186,Task 9186,Detailed description for task number 9186,Low,Done
9187,Task 9187,Detailed description for task number 9187,Critical,Review
9188,Task 9188,Detailed description for task number 9188,Critical,Done
9189,Task 9189,Detailed description for task number 9189,High,Done
9190,Task 9190,Detailed description for task number 9190,Low,Review
9191,Task 9191,Detailed description for task number 9191,Medium,Done
9192,Task 9192,Detailed description for task number 9192,Medium,In Progress
9193,Task 9193,Detailed description for task number 9193,Medium,Open
9194,Task 9194,Detailed description for task number 9194,Critical,Review
9195,Task 9195,Detailed description for task number 9195,High,Review
9196,Task 9196,Detailed description for task number 9196,Medium,Review
9197,Task 9197,Detailed description for task number 9197,Medium,Done
9198,Task 9198,Detailed description for task number 9198,High,Open
9199,Task 9199,Detailed description for task number 9199,Low,Review
9200,Task 9200,Detailed description for task number 9200,Low,Review
9201,Task 9201,Detailed description for task number 9201,High,Review
9202,Task 9202,Detailed description for task number 9202,Critical,Review
9203,,Missing title error,Unknown,Open
9204,Task 9204,Detailed description for task number 9204,Medium,Done
9205,Task 9205,Detailed description for task number 9205,Medium,Open
9206,Task 9206,Detailed description for task number 9206,Medium,Review
9207,Task 9207,Detailed description for task number 9207,Medium,In Progress
9208,Task 9208,Detailed description for task number 9208,Critical,Review
9209,Task 9209,Detailed description for task number 9209,High,In Progress
9210,Task 9210,Detailed description for task number 9210,Medium,Review
9211,Task 9211,Detailed description for task number 9211,Low,Open
9212,Task 9212,Detailed description for task number 9212,High,In Progress
9213,Task 9213,Detailed description for task number 9213,High,Review
9214,Task 9214,Detailed description for task number 9214,Critical,Open
9215,Task 9215,Detailed description for task number 9215,Low,Done
9216,Task 9216,Detailed description for task number 9216,Low,In Progress
9217,Task 9217,Detailed description for task number 9217,High,Open
9218,Task 9218,Detailed description for task number 9218,Critical,Review
9219,Task 9219,Detailed description for task number 9219,Critical,In Progress
9220,Task 9220,Detailed description for task number 9220,High,Review
9221,Task 9221,Detailed description for task number 9221,Low,Review
9222,Task 9222,Detailed description for task number 9222,Critical,In Progress
9223,Task 9223,Detailed description for task number 9223,High,Open
9224,Task 9224,Detailed description for task number 9224,Low,Open
9225,Task 9225,Detailed description for task number 9225,Critical,In Progress
9226,Task 9226,Detailed description for task number 9226,Medium,In Progress
9227,Task 9227,Detailed description for task number 9227,Critical,Review
9228,Task 9228,Detailed description for task number 9228,Low,Review
9229,Task 9229,Detailed description for task number 9229,Medium,Done
9230,Task 9230,Detailed description for task number 9230,Low,Done
9231,Task 9231,Detailed description for task number 9231,Low,Open
9232,Task 9232,Detailed description for task number 9232,Critical,In Progress
9233,Task 9233,Detailed description for task number 9233,Critical,Review
9234,Task 9234,Detailed description for task number 9234,Medium,Review
9235,Task 9235,Detailed description for task number 9235,High,Review
9236,Task 9236,Detailed description for task number 9236,Medium,In Progress
9237,Task 9237,Detailed description for task number 9237,Critical,Done
9238,Task 9238,Detailed description for task number 9238,Medium,Review
9239,Task 9239,Detailed description for task number 9239,Low,In Progress
9240,Task 9240,Detailed description for task number 9240,High,In Progress
9241,Task 9241,Detailed description for task number 9241,High,In Progress
9242,Task 9242,Detailed description for task number 9242,Critical,Done
9243,Task 9243,Detailed description for task number 9243,High,Review
9244,Task 9244,Detailed description for task number 9244,Critical,Open
9245,Task 9245,Detailed description for task number 9245,High,Done
9246,Task 9246,Detailed description for task number 9246,Low,Open
9247,Task 9247,Detailed description for task number 9247,Critical,In Progress
9248,Task 9248,Detailed description for task number 9248,High,Review
9249,Task 9249,Detailed description for task number 9249,Critical,In Progress
9250,Task 9250,Detailed description for task number 9250,Low,Done
9251,Task 9251,Detailed description for task number 9251,Critical,Done
9252,Task 9252,Detailed description for task number 9252,Critical,Review
9253,,Missing title error,Unknown,Open
9254,Task 9254,Detailed description for task number 9254,High,Open
9255,Task 9255,Detailed description for task number 9255,Critical,Done
9256,Task 9256,Detailed description for task number 9256,High,Open
9257,Task 9257,Detailed description for task number 9257,Critical,Open
9258,Task 9258,Detailed description for task number 9258,Low,Review
9259,Task 9259,Detailed description for task number 9259,High,Done
9260,Task 9260,Detailed description for task number 9260,Low,Review
9261,Task 9261,Detailed description for task number 9261,Critical,Open
9262,Task 9262,Detailed description for task number 9262,Low,Open
9263,Task 9263,Detailed description for task number 9263,Medium,Review
9264,Task 9264,Detailed description for task number 9264,Medium,Open
9265,Task 9265,Detailed description for task number 9265,Low,Review
9266,Task 9266,Detailed description for task number 9266,Critical,In Progress
9267,Task 9267,Detailed description for task number 9267,High,In Progress
9268,Task 9268,Detailed description for task number 9268,Medium,Done
9269,Task 9269,Detailed description for task number 9269,High,Open
9270,Task 9270,Detailed description for task number 9270,High,Open
9271,Task 9271,Detailed description for task number 9271,Low,Done
9272,Task 9272,Detailed description for task number 9272,Low,Done
9273,Task 9273,Detailed description for task number 9273,Critical,Review
9274,Task 9274,Detailed description for task number 9274,Medium,Open
9275,Task 9275,Detailed description for task number 9275,High,Done
9276,Task 9276,Detailed description for task number 9276,Critical,Open
9277,Task 9277,Detailed description for task number 9277,Low,Open
9278,Task 9278,Detailed description for task number 9278,Critical,Review
9279,Task 9279,Detailed description for task number 9279,Low,Done
9280,Task 9280,Detailed description for task number 9280,Medium,Review
9281,Task 9281,Detailed description for task number 9281,High,Open
9282,Task 9282,Detailed description for task number 9282,Medium,Open
9283,Task 9283,Detailed description for task number 9283,Critical,Open
9284,Task 9284,Detailed description for task number 9284,Medium,Done
9285,Task 9285,Detailed description for task number 9285,Low,In Progress
9286,Task 9286,Detailed description for task number 9286,Low,Done
9287,Task 9287,Detailed description for task number 9287,Critical,In Progress
9288,Task 9288,Detailed description for task number 9288,Medium,Review
9289,Task 9289,Detailed description for task number 9289,Medium,Review
9290,Task 9290,Detailed description for task number 9290,Low,Open
9291,Task 9291,Detailed description for task number 9291,Low,Done
9292,Task 9292,Detailed description for task number 9292,Low,Open
9293,Task 9293,Detailed description for task number 9293,Low,Open
9294,Task 9294,Detailed description for task number 9294,Critical,In Progress
9295,Task 9295,Detailed description for task number 9295,Low,Review
9296,Task 9296,Detailed description for task number 9296,Medium,Done
9297,Task 9297,Detailed description for task number 9297,High,Open
9298,Task 9298,Detailed description for task number 9298,Medium,In Progress
9299,Task 9299,Detailed description for task number 9299,High,Review
9300,Task 9300,Detailed description for task number 9300,Critical,Open
9301,Task 9301,Detailed description for task number 9301,Medium,Review
9302,Task 9302,Detailed description for task number 9302,Medium,Review
9303,Task 9303,Detailed description for task number 9303,Critical,Done
9304,Task 9304,Detailed description for task number 9304,High,Open
9305,Task 9305,Detailed description for task number 9305,Low,In Progress
9306,Task 9306,Detailed description for task number 9306,Critical,Done
9307,Task 9307,Detailed description for task number 9307,High,In Progress
9308,Task 9308,Detailed description for task number 9308,High,Open
9309,Task 9309,Detailed description for task number 9309,Medium,Done
9310,Task 9310,Detailed description for task number 9310,Medium,Open
9311,Task 9311,Detailed description for task number 9311,Critical,Open
9312,Task 9312,Detailed description for task number 9312,High,Open
9313,Task 9313,Detailed description for task number 9313,Medium,Review
9314,Task 9314,Detailed description for task number 9314,High,Done
9315,Task 9315,Detailed description for task number 9315,High,Done
9316,Task 9316,Detailed description for task number 9316,Critical,Review
9317,Task 9317,Detailed description for task number 9317,High,Review
9318,Task 9318,Detailed description for task number 9318,High,Done
9319,Task 9319,Detailed description for task number 9319,High,Open
9320,Task 9320,Detailed description for task number 9320,Critical,Open
9321,Task 9321,Detailed description for task number 9321,Critical,Open
9322,Task 9322,Detailed description for task number 9322,Critical,Review
9323,Task 9323,Detailed description for task number 9323,High,In Progress
9324,Task 9324,Detailed description for task number 9324,Critical,Done
9325,Task 9325,Detailed description for task number 9325,Medium,Review
9326,Task 9326,Detailed description for task number 9326,Critical,Open
9327,Task 9327,Detailed description for task number 9327,Medium,Done
9328,Task 9328,Detailed description for task number 9328,Medium,Review
9329,Task 9329,Detailed description for task number 9329,Low,Review
9330,Task 9330,Detailed description for task number 9330,Medium,In Progress
9331,Task 9331,Detailed description for task number 9331,Critical,In Progress
9332,Task 9332,Detailed description for task number 9332,Medium,In Progress
9333,Task 9333,Detailed description for task number 9333,High,Review
9334,Task 9334,Detailed description for task number 9334,Low,Review
9335,Task 9335,Detailed description for task number 9335,Medium,Done
9336,Task 9336,Detailed description for task number 9336,High,Open
9337,Task 9337,Detailed description for task number 9337,Low,Open
9338,Task 9338,Detailed description for task number 9338,Low,Open
9339,Task 9339,Detailed description for task number 9339,Low,Review
9340,Task 9340,Detailed description for task number 9340,Medium,In Progress
9341,Task 9341,Detailed description for task number 9341,Low,Open
9342,Task 9342,Detailed description for task number 9342,Low,In Progress
9343,Task 9343,Detailed description for task number 9343,High,Open
9344,Task 9344,Detailed description for task number 9344,Critical,In Progress
9345,Task 9345,Detailed description for task number 9345,High,Open
9346,Task 9346,Detailed description for task number 9346,High,Review
9347,Task 9347,Detailed description for task number 9347,Critical,Open
9348,Task 9348,Detailed description for task number 9348,Medium,Open
9349,Task 9349,Detailed description for task number 9349,High,Review
9350,Task 9350,Detailed description for task number 9350,Low,Done
9351,Task 9351,Detailed description for task number 9351,Critical,In Progress
9352,Task 9352,Detailed description for task number 9352,Low,Review
9353,Task 9353,Detailed description for task number 9353,Critical,Review
9354,Task 9354,Detailed description for task number 9354,Medium,Done
9355,Task 9355,Detailed description for task number 9355,Medium,In Progress
9356,Task 9356,Detailed description for task number 9356,Medium,Done
9357,Task 9357,Detailed description for task number 9357,Critical,Done
9358,Task 9358,Detailed description for task number 9358,High,Review
9359,Task 9359,Detailed description for task number 9359,Low,In Progress
9360,Task 9360,Detailed description for task number 9360,Medium,Review
9361,Task 9361,Detailed description for task number 9361,High,Review
9362,Task 9362,Detailed description for task number 9362,High,In Progress
9363,Task 9363,Detailed description for task number 9363,Medium,Done
9364,Task 9364,Detailed description for task number 9364,High,In Progress
9365,Task 9365,Detailed description for task number 9365,Medium,In Progress
9366,Task 9366,Detailed description for task number 9366,Low,Done
9367,Task 9367,Detailed description for task number 9367,Low,Done
9368,Task 9368,Detailed description for task number 9368,High,Open
9369,Task 9369,Detailed description for task number 9369,High,Review
9370,Task 9370,Detailed description for task number 9370,Critical,Open
9371,Task 9371,Detailed description for task number 9371,Medium,Open
9372,Task 9372,Detailed description for task number 9372,Medium,Review
9373,Task 9373,Detailed description for task number 9373,Critical,Open
9374,Task 9374,Detailed description for task number 9374,Low,Open
9375,Task 9375,Detailed description for task number 9375,Critical,Review
9376,Task 9376,Detailed description for task number 9376,High,In Progress
9377,Task 9377,Detailed description for task number 9377,High,Open
9378,Task 9378,Detailed description for task number 9378,Medium,Review
9379,Task 9379,Detailed description for task number 9379,Medium,Open
9380,Task 9380,Detailed description for task number 9380,Medium,Review
9381,Task 9381,Detailed description for task number 9381,High,Review
9382,Task 9382,Detailed description for task number 9382,Critical,Review
9383,Task 9383,Detailed description for task number 9383,Medium,Review
9384,Task 9384,Detailed description for task number 9384,Low,Done
9385,Task 9385,Detailed description for task number 9385,Medium,Review
9386,Task 9386,Detailed description for task number 9386,Critical,Done
9387,Task 9387,Detailed description for task number 9387,High,Open
9388,Task 9388,Detailed description for task number 9388,Low,Done
9389,Task 9389,Detailed description for task number 9389,Critical,Done
9390,Task 9390,Detailed description for task number 9390,High,In Progress
9391,Task 9391,Detailed description for task number 9391,Low,Review
9392,Task 9392,Detailed description for task number 9392,Critical,Done
9393,Task 9393,Detailed description for task number 9393,Low,Done
9394,Task 9394,Detailed description for task number 9394,Critical,Review
9395,Task 9395,Detailed description for task number 9395,Critical,Done
9396,Task 9396,Detailed description for task number 9396,Medium,In Progress
9397,Task 9397,Detailed description for task number 9397,Low,Done
9398,Task 9398,Detailed description for task number 9398,Low,Open
9399,Task 9399,Detailed description for task number 9399,Critical,Review
9400,Task 9400,Detailed description for task number 9400,Low,Open
9401,Task 9401,Detailed description for task number 9401,Medium,In Progress
9402,Task 9402,Detailed description for task number 9402,Medium,Done
9403,,Missing title error,Unknown,Open
9404,Task 9404,Detailed description for task number 9404,High,In Progress
9405,Task 9405,Detailed description for task number 9405,High,Done
9406,Task 9406,Detailed description for task number 9406,Medium,Done
9407,Task 9407,Detailed description for task number 9407,High,Review
9408,Task 9408,Detailed description for task number 9408,Low,Review
9409,Task 9409,Detailed description for task number 9409,High,Done
9410,Task 9410,Detailed description for task number 9410,Medium,Review
9411,Task 9411,Detailed description for task number 9411,Medium,Open
9412,Task 9412,Detailed description for task number 9412,Critical,Review
9413,Task 9413,Detailed description for task number 9413,High,Review
9414,Task 9414,Detailed description for task number 9414,Medium,Open
9415,Task 9415,Detailed description for task number 9415,Medium,Open
9416,Task 9416,Detailed description for task number 9416,High,Done
9417,Task 9417,Detailed description for task number 9417,Critical,Review
9418,Task 9418,Detailed description for task number 9418,Critical,Review
9419,,Missing title error,Unknown,Open
9420,Task 9420,Detailed description for task number 9420,Critical,In Progress
9421,Task 9421,Detailed description for task number 9421,Low,Review
9422,Task 9422,Detailed description for task number 9422,Medium,Open
9423,Task 9423,Detailed description for task number 9423,High,Done
9424,Task 9424,Detailed description for task number 9424,Medium,In Progress
9425,Task 9425,Detailed description for task number 9425,Critical,Done
9426,Task 9426,Detailed description for task number 9426,Medium,In Progress
9427,Task 9427,Detailed description for task number 9427,Medium,In Progress
9428,Task 9428,Detailed description for task number 9428,Critical,In Progress
9429,Task 9429,Detailed description for task number 9429,Medium,Review
9430,,Missing title error,Unknown,Open
9431,Task 9431,Detailed description for task number 9431,High,Open
9432,Task 9432,Detailed description for task number 9432,Low,Open
9433,Task 9433,Detailed description for task number 9433,Medium,Review
9434,Task 9434,Detailed description for task number 9434,Medium,Review
9435,Task 9435,Detailed description for task number 9435,Medium,Done
9436,Task 9436,Detailed description for task number 9436,Critical,Open
9437,Task 9437,Detailed description for task number 9437,Low,Open
9438,Task 9438,Detailed description for task number 9438,Low,Open
9439,Task 9439,Detailed description for task number 9439,High,Done
9440,Task 9440,Detailed description for task number 9440,Medium,In Progress
9441,Task 9441,Detailed description for task number 9441,Medium,Done
9442,Task 9442,Detailed description for task number 9442,Low,Open
9443,Task 9443,Detailed description for task number 9443,Medium,Review
9444,Task 9444,Detailed description for task number 9444,Low,Review
9445,Task 9445,Detailed description for task number 9445,Critical,Open
9446,Task 9446,Detailed description for task number 9446,Medium,Done
9447,Task 9447,Detailed description for task number 9447,Medium,In Progress
9448,Task 9448,Detailed description for task number 9448,Medium,In Progress
9449,Task 9449,Detailed description for task number 9449,Medium,In Progress
9450,Task 9450,Detailed description for task number 9450,High,In Progress
9451,Task 9451,Detailed description for task number 9451,Low,Review
9452,Task 9452,Detailed description for task number 9452,Low,Review
9453,Task 9453,Detailed description for task number 9453,Medium,In Progress
9454,Task 9454,Detailed description for task number 9454,Medium,Done
9455,Task 9455,Detailed description for task number 9455,Low,Review
9456,Task 9456,Detailed description for task number 9456,Low,Open
9457,Task 9457,Detailed description for task number 9457,High,Done
9458,Task 9458,Detailed description for task number 9458,High,In Progress
9459,Task 9459,Detailed description for task number 9459,Medium,Done
9460,Task 9460,Detailed description for task number 9460,High,Review
9461,Task 9461,Detailed description for task number 9461,Low,In Progress
9462,Task 9462,Detailed description for task number 9462,Critical,In Progress
9463,Task 9463,Detailed description for task number 9463,Medium,Review
9464,Task 9464,Detailed description for task number 9464,High,Open
9465,Task 9465,Detailed description for task number 9465,Low,Review
9466,Task 9466,Detailed description for task number 9466,Critical,Review
9467,Task 9467,Detailed description for task number 9467,Critical,In Progress
9468,Task 9468,Detailed description for task number 9468,Medium,Open
9469,Task 9469,Detailed description for task number 9469,Critical,Done
9470,Task 9470,Detailed description for task number 9470,Low,Done
9471,Task 9471,Detailed description for task number 9471,Low,Review
9472,Task 9472,Detailed description for task number 9472,Medium,In Progress
9473,Task 9473,Detailed description for task number 9473,Low,Done
9474,Task 9474,Detailed description for task number 9474,Critical,Open
9475,Task 9475,Detailed description for task number 9475,Low,Open
9476,Task 9476,Detailed description for task number 9476,Critical,Open
9477,Task 9477,Detailed description for task number 9477,High,Review
9478,Task 9478,Detailed description for task number 9478,Low,Open
9479,Task 9479,Detailed description for task number 9479,Critical,Review
9480,Task 9480,Detailed description for task number 9480,Medium,In Progress
9481,Task 9481,Detailed description for task number 9481,High,Done
9482,Task 9482,Detailed description for task number 9482,Medium,Review
9483,Task 9483,Detailed description for task number 9483,Low,Review
9484,Task 9484,Detailed description for task number 9484,Low,Review
9485,Task 9485,Detailed description for task number 9485,High,Done
9486,Task 9486,Detailed description for task number 9486,Low,In Progress
9487,Task 9487,Detailed description for task number 9487,Critical,Open
9488,Task 9488,Detailed description for task number 9488,Critical,Open
9489,Task 9489,Detailed description for task number 9489,Low,In Progress
9490,Task 9490,Detailed description for task number 9490,Low,Review
9491,Task 9491,Detailed description for task number 9491,Low,Open
9492,Task 9492,Detailed description for task number 9492,Low,In Progress
9493,Task 9493,Detailed description for task number 9493,Critical,Done
9494,Task 9494,Detailed description for task number 9494,Low,Review
9495,Task 9495,Detailed description for task number 9495,High,In Progress
9496,Task 9496,Detailed description for task number 9496,High,Done
9497,Task 9497,Detailed description for task number 9497,Low,In Progress
9498,Task 9498,Detailed description for task number 9498,Low,In Progress
9499,Task 9499,Detailed description for task number 9499,Medium,Review
9500,Task 9500,Detailed description for task number 9500,High,Open
9501,Task 9501,Detailed description for task number 9501,Critical,Open
9502,Task 9502,Detailed description for task number 9502,High,Open
9503,Task 9503,Detailed description for task number 9503,Critical,Review
9504,Task 9504,Detailed description for task number 9504,Critical,In Progress
9505,Task 9505,Detailed description for task number 9505,Medium,Review
9506,Task 9506,Detailed description for task number 9506,Critical,In Progress
9507,Task 9507,Detailed description for task number 9507,Critical,Review
9508,Task 9508,Detailed description for task number 9508,Low,Open
9509,Task 9509,Detailed description for task number 9509,Critical,In Progress
9510,Task 9510,Detailed description for task number 9510,Medium,Open
9511,Task 9511,Detailed description for task number 9511,Critical,Review
9512,Task 9512,Detailed description for task number 9512,Low,Done
9513,Task 9513,Detailed description for task number 9513,Critical,Review
9514,Task 9514,Detailed description for task number 9514,High,Open
9515,Task 9515,Detailed description for task number 9515,Critical,In Progress
9516,Task 9516,Detailed description for task number 9516,High,In Progress
9517,Task 9517,Detailed description for task number 9517,High,Open
9518,Task 9518,Detailed description for task number 9518,High,In Progress
9519,Task 9519,Detailed description for task number 9519,Low,In Progress
9520,Task 9520,Detailed description for task number 9520,Medium,Done
9521,Task 9521,Detailed description for task number 9521,Critical,Done
9522,Task 9522,Detailed description for task number 9522,Critical,Open
9523,Task 9523,Detailed description for task number 9523,Medium,In Progress
9524,Task 9524,Detailed description for task number 9524,Medium,Open
9525,Task 9525,Detailed description for task number 9525,Low,Open
9526,Task 9526,Detailed description for task number 9526,Critical,Open
9527,Task 9527,Detailed description for task number 9527,Critical,In Progress
9528,Task 9528,Detailed description for task number 9528,Medium,In Progress
9529,Task 9529,Detailed description for task number 9529,High,In Progress
9530,Task 9530,Detailed description for task number 9530,Critical,Open
9531,Task 9531,Detailed description for task number 9531,Critical,Review
9532,Task 9532,Detailed description for task number 9532,High,In Progress
9533,Task 9533,Detailed description for task number 9533,Low,In Progress
9534,Task 9534,Detailed description for task number 9534,Medium,Done
9535,Task 9535,Detailed description for task number 9535,Medium,Open
9536,Task 9536,Detailed description for task number 9536,Medium,In Progress
9537,Task 9537,Detailed description for task number 9537,Medium,Done
9538,Task 9538,Detailed description for task number 9538,High,Review
9539,Task 9539,Detailed description for task number 9539,Critical,Open
9540,Task 9540,Detailed description for task number 9540,Critical,Done
9541,Task 9541,Detailed description for task number 9541,Medium,Open
9542,Task 9542,Detailed description for task number 9542,High,Review
9543,Task 9543,Detailed description for task number 9543,High,Done
9544,Task 9544,Detailed description for task number 9544,Low,Open
9545,Task 9545,Detailed description for task number 9545,Medium,In Progress
9546,Task 9546,Detailed description for task number 9546,High,Done
9547,Task 9547,Detailed description for task number 9547,Medium,Done
9548,Task 9548,Detailed description for task number 9548,Medium,Open
9549,Task 9549,Detailed description for task number 9549,High,Done
9550,Task 9550,Detailed description for task number 9550,Medium,Review
9551,Task 9551,Detailed description for task number 9551,High,Review
9552,Task 9552,Detailed description for task number 9552,Low,Review
9553,Task 9553,Detailed description for task number 9553,Low,Review
9554,Task 9554,Detailed description for task number 9554,High,Review
9555,Task 9555,Detailed description for task number 9555,Critical,In Progress
9556,Task 9556,Detailed description for task number 9556,Low,Done
9557,Task 9557,Detailed description for task number 9557,Critical,Review
9558,Task 9558,Detailed description for task number 9558,Low,Review
9559,Task 9559,Detailed description for task number 9559,High,Done
9560,Task 9560,Detailed description for task number 9560,Low,In Progress
9561,Task 9561,Detailed description for task number 9561,Critical,Done
9562,Task 9562,Detailed description for task number 9562,Critical,Open
9563,Task 9563,Detailed description for task number 9563,Low,In Progress
9564,Task 9564,Detailed description for task number 9564,Low,Review
9565,Task 9565,Detailed description for task number 9565,High,In Progress
9566,Task 9566,Detailed description for task number 9566,Medium,Open
9567,Task 9567,Detailed description for task number 9567,Low,Review
9568,Task 9568,Detailed description for task number 9568,Critical,Done
9569,Task 9569,Detailed description for task number 9569,High,Done
9570,Task 9570,Detailed description for task number 9570,High,Done
9571,Task 9571,Detailed description for task number 9571,High,Done
9572,Task 9572,Detailed description for task number 9572,High,In Progress
9573,Task 9573,Detailed description for task number 9573,Low,Open
9574,Task 9574,Detailed description for task number 9574,Low,Done
9575,Task 9575,Detailed description for task number 9575,High,In Progress
9576,Task 9576,Detailed description for task number 9576,High,In Progress
9577,Task 9577,Detailed description for task number 9577,High,Review
9578,Task 9578,Detailed description for task number 9578,Critical,Review
9579,Task 9579,Detailed description for task number 9579,Low,In Progress
9580,Task 9580,Detailed description for task number 9580,Critical,Open
9581,Task 9581,Detailed description for task number 9581,Critical,Review
9582,Task 9582,Detailed description for task number 9582,High,Done
9583,Task 9583,Detailed description for task number 9583,Medium,Open
9584,Task 9584,Detailed description for task number 9584,Medium,Review
9585,Task 9585,Detailed description for task number 9585,Medium,Open
9586,Task 9586,Detailed description for task number 9586,Medium,Review
9587,Task 9587,Detailed description for task number 9587,Medium,Done
9588,Task 9588,Detailed description for task number 9588,Medium,Done
9589,Task 9589,Detailed description for task number 9589,Critical,Review
9590,Task 9590,Detailed description for task number 9590,Critical,Done
9591,Task 9591,Detailed description for task number 9591,Low,Done
9592,Task 9592,Detailed description for task number 9592,Low,Done
9593,Task 9593,Detailed description for task number 9593,High,Open
9594,Task 9594,Detailed description for task number 9594,Low,Open
9595,Task 9595,Detailed description for task number 9595,Medium,In Progress
9596,Task 9596,Detailed description for task number 9596,Medium,Open
9597,Task 9597,Detailed description for task number 9597,High,Open
9598,Task 9598,Detailed description for task number 9598,Critical,In Progress
9599,Task 9599,Detailed description for task number 9599,Low,Open
9600,Task 9600,Detailed description for task number 9600,Medium,In Progress
9601,Task 9601,Detailed description for task number 9601,Medium,Open
9602,Task 9602,Detailed description for task number 9602,Critical,Open
9603,Task 9603,Detailed description for task number 9603,Medium,In Progress
9604,Task 9604,Detailed description for task number 9604,Medium,Open
9605,Task 9605,Detailed description for task number 9605,Medium,Done
9606,Task 9606,Detailed description for task number 9606,High,In Progress
9607,Task 9607,Detailed description for task number 9607,High,Review
9608,Task 9608,Detailed description for task number 9608,Medium,Open
9609,Task 9609,Detailed description for task number 9609,Medium,In Progress
9610,Task 9610,Detailed description for task number 9610,Critical,In Progress
9611,Task 9611,Detailed description for task number 9611,High,In Progress
9612,Task 9612,Detailed description for task number 9612,Medium,In Progress
9613,Task 9613,Detailed description for task number 9613,Low,Done
9614,Task 9614,Detailed description for task number 9614,High,Open
9615,Task 9615,Detailed description for task number 9615,High,Review
9616,Task 9616,Detailed description for task number 9616,Low,Open
9617,Task 9617,Detailed description for task number 9617,Medium,Review
9618,Task 9618,Detailed description for task number 9618,High,Done
9619,Task 9619,Detailed description for task number 9619,Medium,Review
9620,Task 9620,Detailed description for task number 9620,Low,Review
9621,Task 9621,Detailed description for task number 9621,Low,Review
9622,Task 9622,Detailed description for task number 9622,Critical,Open
9623,Task 9623,Detailed description for task number 9623,Critical,In Progress
9624,Task 9624,Detailed description for task number 9624,Critical,Done
9625,Task 9625,Detailed description for task number 9625,Critical,Review
9626,Task 9626,Detailed description for task number 9626,Critical,Open
9627,Task 9627,Detailed description for task number 9627,High,Open
9628,Task 9628,Detailed description for task number 9628,Low,Done
9629,Task 9629,Detailed description for task number 9629,Medium,Open
9630,Task 9630,Detailed description for task number 9630,High,Done
9631,Task 9631,Detailed description for task number 9631,Medium,In Progress
9632,Task 9632,Detailed description for task number 9632,High,In Progress
9633,Task 9633,Detailed description for task number 9633,Medium,Open
9634,Task 9634,Detailed description for task number 9634,Low,Open
9635,Task 9635,Detailed description for task number 9635,Critical,Done
9636,Task 9636,Detailed description for task number 9636,Critical,Open
9637,Task 9637,Detailed description for task number 9637,Critical,Done
9638,Task 9638,Detailed description for task number 9638,Critical,In Progress
9639,Task 9639,Detailed description for task number 9639,Critical,In Progress
9640,,Missing title error,Unknown,Open
9641,Task 9641,Detailed description for task number 9641,Critical,Done
9642,Task 9642,Detailed description for task number 9642,Medium,Open
9643,Task 9643,Detailed description for task number 9643,Medium,Open
9644,Task 9644,Detailed description for task number 9644,Medium,In Progress
9645,Task 9645,Detailed description for task number 9645,High,Open
9646,Task 9646,Detailed description for task number 9646,Medium,Review
9647,Task 9647,Detailed description for task number 9647,Critical,In Progress
9648,Task 9648,Detailed description for task number 9648,Low,Done
9649,Task 9649,Detailed description for task number 9649,High,Done
9650,Task 9650,Detailed description for task number 9650,Medium,In Progress
9651,Task 9651,Detailed description for task number 9651,Critical,Review
9652,Task 9652,Detailed description for task number 9652,High,In Progress
9653,Task 9653,Detailed description for task number 9653,Critical,Open
9654,Task 9654,Detailed description for task number 9654,Medium,Review
9655,Task 9655,Detailed description for task number 9655,Medium,Review
9656,Task 9656,Detailed description for task number 9656,Low,In Progress
9657,Task 9657,Detailed description for task number 9657,Medium,In Progress
9658,Task 9658,Detailed description for task number 9658,Critical,Done
9659,Task 9659,Detailed description for task number 9659,Low,In Progress
9660,Task 9660,Detailed description for task number 9660,Low,In Progress
9661,Task 9661,Detailed description for task number 9661,Critical,In Progress
9662,Task 9662,Detailed description for task number 9662,Critical,Open
9663,Task 9663,Detailed description for task number 9663,High,Open
9664,Task 9664,Detailed description for task number 9664,Critical,Open
9665,Task 9665,Detailed description for task number 9665,High,Done
9666,Task 9666,Detailed description for task number 9666,Critical,Open
9667,Task 9667,Detailed description for task number 9667,Medium,Review
9668,Task 9668,Detailed description for task number 9668,Critical,Done
9669,Task 9669,Detailed description for task number 9669,High,Review
9670,Task 9670,Detailed description for task number 9670,Medium,Open
9671,Task 9671,Detailed description for task number 9671,Critical,Done
9672,Task 9672,Detailed description for task number 9672,Low,In Progress
9673,Task 9673,Detailed description for task number 9673,Low,Review
9674,Task 9674,Detailed description for task number 9674,Critical,In Progress
9675,Task 9675,Detailed description for task number 9675,Critical,Done
9676,Task 9676,Detailed description for task number 9676,Low,Done
9677,Task 9677,Detailed description for task number 9677,High,In Progress
9678,Task 9678,Detailed description for task number 9678,High,Open
9679,Task 9679,Detailed description for task number 9679,Medium,Open
9680,Task 9680,Detailed description for task number 9680,Medium,Open
9681,Task 9681,Detailed description for task number 9681,Low,Review
9682,Task 9682,Detailed description for task number 9682,Low,Done
9683,Task 9683,Detailed description for task number 9683,Low,Done
9684,Task 9684,Detailed description for task number 9684,Critical,In Progress
9685,Task 9685,Detailed description for task number 9685,Critical,Done
9686,Task 9686,Detailed description for task number 9686,Low,In Progress
9687,Task 9687,Detailed description for task number 9687,Critical,In Progress
9688,Task 9688,Detailed description for task number 9688,Critical,Done
9689,Task 9689,Detailed description for task number 9689,Medium,Open
9690,Task 9690,Detailed description for task number 9690,High,In Progress
9691,Task 9691,Detailed description for task number 9691,High,Open
9692,Task 9692,Detailed description for task number 9692,Medium,In Progress
9693,Task 9693,Detailed description for task number 9693,Low,In Progress
9694,Task 9694,Detailed description for task number 9694,Medium,Done
9695,Task 9695,Detailed description for task number 9695,Low,Open
9696,Task 9696,Detailed description for task number 9696,Critical,Open
9697,Task 9697,Detailed description for task number 9697,Low,Review
9698,Task 9698,Detailed description for task number 9698,Low,Open
9699,Task 9699,Detailed description for task number 9699,High,Open
9700,Task 9700,Detailed description for task number 9700,Critical,Open
9701,Task 9701,Detailed description for task number 9701,Low,Review
9702,Task 9702,Detailed description for task number 9702,Critical,In Progress
9703,Task 9703,Detailed description for task number 9703,Medium,Open
9704,Task 9704,Detailed description for task number 9704,Medium,Open
9705,Task 9705,Detailed description for task number 9705,Medium,Open
9706,Task 9706,Detailed description for task number 9706,Low,Done
9707,Task 9707,Detailed description for task number 9707,Critical,In Progress
9708,Task 9708,Detailed description for task number 9708,High,Review
9709,Task 9709,Detailed description for task number 9709,High,Open
9710,Task 9710,Detailed description for task number 9710,Critical,Open
9711,Task 9711,Detailed description for task number 9711,Medium,In Progress
9712,Task 9712,Detailed description for task number 9712,Low,In Progress
9713,Task 9713,Detailed description for task number 9713,Low,In Progress
9714,Task 9714,Detailed description for task number 9714,Medium,Review
9715,,Missing title error,Unknown,Open
9716,Task 9716,Detailed description for task number 9716,High,Review
9717,Task 9717,Detailed description for task number 9717,High,In Progress
9718,Task 9718,Detailed description for task number 9718,Critical,In Progress
9719,Task 9719,Detailed description for task number 9719,Critical,Done
9720,Task 9720,Detailed description for task number 9720,Medium,Open
9721,Task 9721,Detailed description for task number 9721,Low,Done
9722,,Missing title error,Unknown,Open
9723,Task 9723,Detailed description for task number 9723,Medium,Done
9724,Task 9724,Detailed description for task number 9724,Critical,Review
9725,Task 9725,Detailed description for task number 9725,Low,Done
9726,Task 9726,Detailed description for task number 9726,Low,Open
9727,Task 9727,Detailed description for task number 9727,Critical,Review
9728,Task 9728,Detailed description for task number 9728,Critical,In Progress
9729,Task 9729,Detailed description for task number 9729,Medium,Done
9730,Task 9730,Detailed description for task number 9730,Critical,In Progress
9731,Task 9731,Detailed description for task number 9731,High,Review
9732,Task 9732,Detailed description for task number 9732,Critical,Open
9733,Task 9733,Detailed description for task number 9733,Medium,In Progress
9734,Task 9734,Detailed description for task number 9734,High,Review
9735,Task 9735,Detailed description for task number 9735,Low,In Progress
9736,Task 9736,Detailed description for task number 9736,Medium,Done
9737,Task 9737,Detailed description for task number 9737,Critical,Open
9738,Task 9738,Detailed description for task number 9738,High,Review
9739,Task 9739,Detailed description for task number 9739,Critical,In Progress
9740,Task 9740,Detailed description for task number 9740,Medium,In Progress
9741,Task 9741,Detailed description for task number 9741,Medium,In Progress
9742,Task 9742,Detailed description for task number 9742,Medium,Done
9743,Task 9743,Detailed description for task number 9743,Critical,Open
9744,Task 9744,Detailed description for task number 9744,Medium,Done
9745,Task 9745,Detailed description for task number 9745,Medium,Done
9746,Task 9746,Detailed description for task number 9746,Low,Done
9747,Task 9747,Detailed description for task number 9747,High,In Progress
9748,Task 9748,Detailed description for task number 9748,High,Open
9749,Task 9749,Detailed description for task number 9749,Critical,Review
9750,Task 9750,Detailed description for task number 9750,High,In Progress
9751,Task 9751,Detailed description for task number 9751,Critical,Done
9752,Task 9752,Detailed description for task number 9752,Medium,Open
9753,Task 9753,Detailed description for task number 9753,High,Done
9754,Task 9754,Detailed description for task number 9754,Critical,Done
9755,Task 9755,Detailed description for task number 9755,Medium,In Progress
9756,Task 9756,Detailed description for task number 9756,Medium,In Progress
9757,Task 9757,Detailed description for task number 9757,Medium,In Progress
9758,Task 9758,Detailed description for task number 9758,High,Open
9759,Task 9759,Detailed description for task number 9759,Medium,Done
9760,Task 9760,Detailed description for task number 9760,High,In Progress
9761,Task 9761,Detailed description for task number 9761,High,Done
9762,Task 9762,Detailed description for task number 9762,Critical,Open
9763,Task 9763,Detailed description for task number 9763,Low,Done
9764,Task 9764,Detailed description for task number 9764,High,Review
9765,Task 9765,Detailed description for task number 9765,Critical,Review
9766,Task 9766,Detailed description for task number 9766,Critical,In Progress
9767,Task 9767,Detailed description for task number 9767,Medium,Open
9768,Task 9768,Detailed description for task number 9768,Medium,Done
9769,Task 9769,Detailed description for task number 9769,Medium,In Progress
9770,Task 9770,Detailed description for task number 9770,High,Done
9771,Task 9771,Detailed description for task number 9771,Medium,Review
9772,Task 9772,Detailed description for task number 9772,Critical,In Progress
9773,Task 9773,Detailed description for task number 9773,Critical,Open
9774,Task 9774,Detailed description for task number 9774,High,Done
9775,Task 9775,Detailed description for task number 9775,High,Open
9776,Task 9776,Detailed description for task number 9776,High,Open
9777,Task 9777,Detailed description for task number 9777,Critical,In Progress
9778,Task 9778,Detailed description for task number 9778,Low,Review
9779,Task 9779,Detailed description for task number 9779,High,In Progress
9780,Task 9780,Detailed description for task number 9780,High,In Progress
9781,Task 9781,Detailed description for task number 9781,Low,Done
9782,Task 9782,Detailed description for task number 9782,Low,Done
9783,Task 9783,Detailed description for task number 9783,Medium,Review
9784,Task 9784,Detailed description for task number 9784,Medium,Open
9785,Task 9785,Detailed description for task number 9785,Medium,Review
9786,Task 9786,Detailed description for task number 9786,High,Review
9787,Task 9787,Detailed description for task number 9787,Medium,Open
9788,Task 9788,Detailed description for task number 9788,High,In Progress
9789,Task 9789,Detailed description for task number 9789,Critical,Open
9790,Task 9790,Detailed description for task number 9790,High,Done
9791,Task 9791,Detailed description for task number 9791,Critical,Done
9792,Task 9792,Detailed description for task number 9792,Low,Open
9793,Task 9793,Detailed description for task number 9793,Medium,Done
9794,Task 9794,Detailed description for task number 9794,High,Review
9795,Task 9795,Detailed description for task number 9795,Low,Review
9796,Task 9796,Detailed description for task number 9796,High,Done
9797,Task 9797,Detailed description for task number 9797,Medium,Done
9798,Task 9798,Detailed description for task number 9798,High,Review
9799,Task 9799,Detailed description for task number 9799,High,In Progress
9800,Task 9800,Detailed description for task number 9800,Critical,Done
9801,Task 9801,Detailed description for task number 9801,Medium,In Progress
9802,,Missing title error,Unknown,Open
9803,Task 9803,Detailed description for task number 9803,Medium,Open
9804,Task 9804,Detailed description for task number 9804,Medium,In Progress
9805,Task 9805,Detailed description for task number 9805,Medium,Done
9806,Task 9806,Detailed description for task number 9806,Critical,Review
9807,Task 9807,Detailed description for task number 9807,Low,In Progress
9808,Task 9808,Detailed description for task number 9808,Medium,Open
9809,Task 9809,Detailed description for task number 9809,Low,Review
9810,Task 9810,Detailed description for task number 9810,Critical,Done
9811,Task 9811,Detailed description for task number 9811,Medium,Done
9812,Task 9812,Detailed description for task number 9812,Medium,In Progress
9813,Task 9813,Detailed description for task number 9813,High,Review
9814,Task 9814,Detailed description for task number 9814,High,Review
9815,Task 9815,Detailed description for task number 9815,Medium,Review
9816,Task 9816,Detailed description for task number 9816,Low,Open
9817,Task 9817,Detailed description for task number 9817,Low,Done
9818,Task 9818,Detailed description for task number 9818,Low,In Progress
9819,Task 9819,Detailed description for task number 9819,High,Done
9820,Task 9820,Detailed description for task number 9820,High,Done
9821,Task 9821,Detailed description for task number 9821,Medium,Open
9822,Task 9822,Detailed description for task number 9822,High,In Progress
9823,Task 9823,Detailed description for task number 9823,Low,In Progress
9824,Task 9824,Detailed description for task number 9824,Low,Review
9825,Task 9825,Detailed description for task number 9825,High,Review
9826,Task 9826,Detailed description for task number 9826,Critical,Open
9827,Task 9827,Detailed description for task number 9827,Medium,Open
9828,Task 9828,Detailed description for task number 9828,Medium,Open
9829,Task 9829,Detailed description for task number 9829,Critical,In Progress
9830,Task 9830,Detailed description for task number 9830,Critical,Done
9831,Task 9831,Detailed description for task number 9831,Medium,Done
9832,Task 9832,Detailed description for task number 9832,Low,In Progress
9833,Task 9833,Detailed description for task number 9833,High,In Progress
9834,Task 9834,Detailed description for task number 9834,Low,Open
9835,Task 9835,Detailed description for task number 9835,Medium,Open
9836,Task 9836,Detailed description for task number 9836,Medium,Review
9837,Task 9837,Detailed description for task number 9837,Low,Done
9838,Task 9838,Detailed description for task number 9838,Medium,Open
9839,Task 9839,Detailed description for task number 9839,Medium,Done
9840,Task 9840,Detailed description for task number 9840,Critical,Open
9841,Task 9841,Detailed description for task number 9841,Low,Done
9842,Task 9842,Detailed description for task number 9842,Low,Done
9843,Task 9843,Detailed description for task number 9843,Medium,In Progress
9844,Task 9844,Detailed description for task number 9844,High,In Progress
9845,Task 9845,Detailed description for task number 9845,Medium,In Progress
9846,Task 9846,Detailed description for task number 9846,Critical,Review
9847,Task 9847,Detailed description for task number 9847,Medium,In Progress
9848,Task 9848,Detailed description for task number 9848,Medium,Done
9849,Task 9849,Detailed description for task number 9849,High,Open
9850,Task 9850,Detailed description for task number 9850,Critical,Done
9851,Task 9851,Detailed description for task number 9851,Medium,Open
9852,Task 9852,Detailed description for task number 9852,Medium,In Progress
9853,Task 9853,Detailed description for task number 9853,High,In Progress
9854,Task 9854,Detailed description for task number 9854,Low,Review
9855,Task 9855,Detailed description for task number 9855,Low,Done
9856,Task 9856,Detailed description for task number 9856,Medium,In Progress
9857,Task 9857,Detailed description for task number 9857,Medium,Open
9858,Task 9858,Detailed description for task number 9858,Medium,Open
9859,Task 9859,Detailed description for task number 9859,Low,Done
9860,Task 9860,Detailed description for task number 9860,Critical,Open
9861,Task 9861,Detailed description for task number 9861,Low,Done
9862,Task 9862,Detailed description for task number 9862,Low,In Progress
9863,Task 9863,Detailed description for task number 9863,Medium,In Progress
9864,Task 9864,Detailed description for task number 9864,Critical,Review
9865,Task 9865,Detailed description for task number 9865,Medium,In Progress
9866,Task 9866,Detailed description for task number 9866,High,Review
9867,Task 9867,Detailed description for task number 9867,Low,In Progress
9868,Task 9868,Detailed description for task number 9868,Critical,Done
9869,Task 9869,Detailed description for task number 9869,Low,Done
9870,Task 9870,Detailed description for task number 9870,Medium,Open
9871,Task 9871,Detailed description for task number 9871,Critical,Done
9872,Task 9872,Detailed description for task number 9872,Low,Done
9873,Task 9873,Detailed description for task number 9873,Critical,In Progress
9874,Task 9874,Detailed description for task number 9874,High,Review
9875,Task 9875,Detailed description for task number 9875,Medium,Done
9876,Task 9876,Detailed description for task number 9876,Low,Done
9877,Task 9877,Detailed description for task number 9877,Medium,Open
9878,Task 9878,Detailed description for task number 9878,Critical,In Progress
9879,Task 9879,Detailed description for task number 9879,Critical,In Progress
9880,Task 9880,Detailed description for task number 9880,Low,Done
9881,Task 9881,Detailed description for task number 9881,Medium,Open
9882,Task 9882,Detailed description for task number 9882,Critical,Open
9883,Task 9883,Detailed description for task number 9883,High,In Progress
9884,Task 9884,Detailed description for task number 9884,Medium,Review
9885,Task 9885,Detailed description for task number 9885,Critical,In Progress
9886,Task 9886,Detailed description for task number 9886,Critical,Done
9887,Task 9887,Detailed description for task number 9887,Critical,Review
9888,Task 9888,Detailed description for task number 9888,Critical,Review
9889,Task 9889,Detailed description for task number 9889,Critical,Open
9890,Task 9890,Detailed description for task number 9890,Medium,In Progress
9891,Task 9891,Detailed description for task number 9891,Medium,Review
9892,Task 9892,Detailed description for task number 9892,Critical,In Progress
9893,Task 9893,Detailed description for task number 9893,Low,Done
9894,Task 9894,Detailed description for task number 9894,Critical,Open
9895,Task 9895,Detailed description for task number 9895,Low,Review
9896,Task 9896,Detailed description for task number 9896,High,Review
9897,Task 9897,Detailed description for task number 9897,High,In Progress
9898,Task 9898,Detailed description for task number 9898,Low,Done
9899,Task 9899,Detailed description for task number 9899,High,Done
9900,Task 9900,Detailed description for task number 9900,High,Review
9901,Task 9901,Detailed description for task number 9901,Low,Review
9902,Task 9902,Detailed description for task number 9902,Critical,Open
9903,Task 9903,Detailed description for task number 9903,Low,Review
9904,Task 9904,Detailed description for task number 9904,Critical,Open
9905,Task 9905,Detailed description for task number 9905,Low,In Progress
9906,Task 9906,Detailed description for task number 9906,Medium,Open
9907,Task 9907,Detailed description for task number 9907,Low,Review
9908,Task 9908,Detailed description for task number 9908,Medium,Open
9909,Task 9909,Detailed description for task number 9909,Low,Done
9910,Task 9910,Detailed description for task number 9910,Low,Open
9911,Task 9911,Detailed description for task number 9911,High,Review
9912,Task 9912,Detailed description for task number 9912,Medium,Review
9913,Task 9913,Detailed description for task number 9913,Medium,Done
9914,Task 9914,Detailed description for task number 9914,High,Open
9915,Task 9915,Detailed description for task number 9915,Low,Review
9916,Task 9916,Detailed description for task number 9916,Critical,Done
9917,Task 9917,Detailed description for task number 9917,Critical,Review
9918,Task 9918,Detailed description for task number 9918,Medium,In Progress
9919,Task 9919,Detailed description for task number 9919,Low,Open
9920,Task 9920,Detailed description for task number 9920,High,Open
9921,Task 9921,Detailed description for task number 9921,High,Review
9922,Task 9922,Detailed description for task number 9922,Low,Review
9923,Task 9923,Detailed description for task number 9923,Low,Done
9924,Task 9924,Detailed description for task number 9924,High,Review
9925,Task 9925,Detailed description for task number 9925,Low,Done
9926,Task 9926,Detailed description for task number 9926,High,Done
9927,Task 9927,Detailed description for task number 9927,Critical,In Progress
9928,Task 9928,Detailed description for task number 9928,Medium,In Progress
9929,Task 9929,Detailed description for task number 9929,High,Done
9930,Task 9930,Detailed description for task number 9930,Critical,In Progress
9931,Task 9931,Detailed description for task number 9931,Medium,Done
9932,Task 9932,Detailed description for task number 9932,Low,Review
9933,Task 9933,Detailed description for task number 9933,High,Open
9934,Task 9934,Detailed description for task number 9934,Critical,Done
9935,Task 9935,Detailed description for task number 9935,Medium,Done
9936,Task 9936,Detailed description for task number 9936,Low,Review
9937,Task 9937,Detailed description for task number 9937,Critical,In Progress
9938,Task 9938,Detailed description for task number 9938,High,Review
9939,Task 9939,Detailed description for task number 9939,High,Done
9940,Task 9940,Detailed description for task number 9940,Low,Review
9941,Task 9941,Detailed description for task number 9941,Medium,Open
9942,Task 9942,Detailed description for task number 9942,Medium,Review
9943,Task 9943,Detailed description for task number 9943,Low,Done
9944,Task 9944,Detailed description for task number 9944,Critical,Review
9945,Task 9945,Detailed description for task number 9945,Low,Open
9946,Task 9946,Detailed description for task number 9946,Medium,In Progress
9947,Task 9947,Detailed description for task number 9947,Low,Review
9948,Task 9948,Detailed description for task number 9948,Low,Done
9949,Task 9949,Detailed description for task number 9949,Critical,Review
9950,Task 9950,Detailed description for task number 9950,Low,In Progress
9951,Task 9951,Detailed description for task number 9951,Critical,In Progress
9952,Task 9952,Detailed description for task number 9952,Medium,Done
9953,Task 9953,Detailed description for task number 9953,Critical,In Progress
9954,Task 9954,Detailed description for task number 9954,Critical,Done
9955,Task 9955,Detailed description for task number 9955,Low,Review
9956,Task 9956,Detailed description for task number 9956,Low,Open
9957,Task 9957,Detailed description for task number 9957,Critical,In Progress
9958,Task 9958,Detailed description for task number 9958,Medium,Done
9959,Task 9959,Detailed description for task number 9959,Critical,Review
9960,Task 9960,Detailed description for task number 9960,Critical,Review
9961,Task 9961,Detailed description for task number 9961,Low,Open
9962,Task 9962,Detailed description for task number 9962,Medium,In Progress
9963,Task 9963,Detailed description for task number 9963,High,Open
9964,Task 9964,Detailed description for task number 9964,Critical,Open
9965,,Missing title error,Unknown,Open
9966,Task 9966,Detailed description for task number 9966,Medium,Open
9967,Task 9967,Detailed description for task number 9967,Low,Review
9968,Task 9968,Detailed description for task number 9968,Low,Open
9969,Task 9969,Detailed description for task number 9969,Critical,Open
9970,Task 9970,Detailed description for task number 9970,Medium,Review
9971,Task 9971,Detailed description for task number 9971,Critical,Done
9972,Task 9972,Detailed description for task number 9972,Medium,Open
9973,Task 9973,Detailed description for task number 9973,High,Review
9974,Task 9974,Detailed description for task number 9974,High,In Progress
9975,Task 9975,Detailed description for task number 9975,Medium,Open
9976,Task 9976,Detailed description for task number 9976,Low,In Progress
9977,Task 9977,Detailed description for task number 9977,Medium,Done
9978,Task 9978,Detailed description for task number 9978,Low,Done
9979,Task 9979,Detailed description for task number 9979,Critical,Review
9980,Task 9980,Detailed description for task number 9980,High,Open
9981,Task 9981,Detailed description for task number 9981,Medium,Review
9982,Task 9982,Detailed description for task number 9982,Medium,In Progress
9983,Task 9983,Detailed description for task number 9983,High,In Progress
9984,Task 9984,Detailed description for task number 9984,High,Review
9985,Task 9985,Detailed description for task number 9985,Low,Open
9986,Task 9986,Detailed description for task number 9986,Medium,Open
9987,Task 9987,Detailed description for task number 9987,Low,Review
9988,Task 9988,Detailed description for task number 9988,High,Open
9989,Task 9989,Detailed description for task number 9989,High,Done
9990,Task 9990,Detailed description for task number 9990,Critical,In Progress
9991,Task 9991,Detailed description for task number 9991,Low,In Progress
9992,Task 9992,Detailed description for task number 9992,Medium,Review
9993,Task 9993,Detailed description for task number 9993,High,Review
9994,Task 9994,Detailed description for task number 9994,Medium,Done
9995,Task 9995,Detailed description for task number 9995,Low,In Progress
9996,Task 9996,Detailed description for task number 9996,Critical,Open
9997,Task 9997,Detailed description for task number 9997,Medium,Review
9998,Task 9998,Detailed description for task number 9998,High,In Progress
9999,,Missing title error,Unknown,Open
10000,Task 10000,Detailed description for task number 10000,Low,Open
